946702800,Clear,0,0,65.29,65.42,59.97,0.83,1021.7,1.65,83,0.1,0,8.424,-1
946789200,Clear,0,0,68.33,68.66,62.21,0.81,1023.1,4.98,85,0.09,0,9.997,-1
946875600,Clear,0,0,65.52,65.85,61.49,0.87,1022,1.07,53,0.27,0,9.78,-1
946962000,Partly Cloudy,0,0,72.68,73.88,69.55,0.9,1020.2,10.3,118,0.41,0,9.997,-1
947048400,Clear,0,0,70.16,71.23,67.92,0.93,1019.7,0.65,204,0.21,0,9.997,-1
947134800,Overcast,0,0,72.94,73.72,66.54,0.8,1022.3,11.88,78,0.93,0,9.997,-1
947221200,Clear,0,0,72.32,73.11,66.58,0.82,1023.8,7.86,107,0.16,0,9.997,-1
947307600,Clear,0,0,68.24,68.88,64.41,0.88,1023,1.8,59,0.12,0,9.852,-1
947394000,Clear,0,0,67.82,68.49,64.53,0.89,1021.5,1,113,0.15,0,9.997,-1
947480400,Clear,0,0,69.99,70.9,66.81,0.9,1019.2,2.39,139,0.02,0,9.997,-1
947566800,Clear,0,0,67.36,68.31,66.22,0.96,1020,3.04,240,0,0,9.83,-1
947653200,Clear,0,0,67.26,67.85,63.75,0.89,1022.3,2.77,0,0,0,9.673,-1
947739600,Clear,0,0,63.77,63.88,59.45,0.86,1023.5,0,-1,0,0,9.997,-1
947826000,Clear,0.0012,0.1,64.36,64.92,62.68,0.94,1023.6,1.62,299,0,0,9.733,-1
947912400,Overcast,0,0,64.42,64.42,47.12,0.53,1031.4,19.53,44,1,0,9.997,-1
947998800,Drizzle,0.0004,1,64.49,64.49,48.84,0.57,1031.9,14.02,67,0.94,0,9.997,-1
948085200,Clear,0,0,59.16,59.16,51.65,0.76,1027.4,5.35,352,0.22,0,9.997,-1
948171600,Clear,0,0,58.44,58.44,50.08,0.74,1024,1.79,279,0,0,9.997,-1
948258000,Clear,0,0,60.68,60.68,55.84,0.84,1020.1,7.75,282,0,0,9.872,-1
948344400,Clear,0,0,62.93,63.32,61.04,0.94,1016.5,7.46,249,0,0,9.997,-1
948430800,Clear,0,0,61.14,61.14,51.7,0.71,1014.9,11.73,311,0,0,9.997,-1
948517200,Clear,0,0,52.96,52.96,44.58,0.73,1020.3,5.78,352,0,0,9.997,-1
948603600,Clear,0,0,59.39,59.39,53.55,0.81,1020,0.58,126,0.06,0,9.997,-1
948690000,Partly Cloudy,0,0,68.31,68.85,63.69,0.85,1014,7.6,142,0.59,0,9.997,-1
948776400,Clear,0,0,51.96,51.96,44.72,0.76,1011,11.25,301,0,0,9.997,-1
948862800,Clear,0,0,53.81,53.81,47.89,0.8,1013.6,4.33,297,0.02,0,9.997,-1
948949200,Clear,0,0,46.83,42.66,35.96,0.66,1021.8,8.6,331,0,0,9.997,-1
949035600,Partly Cloudy,0,0,54.34,54.34,45.26,0.71,1023.9,6.39,356,0.57,0,9.997,-1
949122000,Drizzle,0.0004,1,67.5,67.5,58.53,0.73,1023.9,10.72,115,0.68,0,9.997,-1
949208400,Clear,0,0,69.33,69.71,62.73,0.8,1023.1,8.96,120,0.31,0,9.997,-1
949294800,Clear,0,0,64.15,64.55,61.48,0.91,1021,1.21,197,0.08,0,9.872,-1
949381200,Clear,0,0,63.31,63.39,59.14,0.86,1020.4,5.65,349,0.25,0,9.997,-1
949467600,Partly Cloudy,0,0,64.26,64.38,59.64,0.85,1021.3,4,357,0.5,0,9.997,-1
949554000,Overcast,0,0,69.89,70.18,62.21,0.77,1021.6,9.71,75,1,0,9.997,-1
949640400,Mostly Cloudy,0,0,67.79,68.73,66.32,0.95,1017.6,3.37,278,0.74,0,9.997,-1
949726800,Clear,0,0,60.47,60.47,51.36,0.72,1019.3,8.06,311,0,0,9.997,-1
949813200,Clear,0,0,51.97,51.97,42.8,0.71,1026.5,6.71,341,0,0,9.997,-1
949899600,Clear,0,0,58.68,58.68,50.97,0.76,1026.8,1.76,62,0.12,0,9.997,-1
949986000,Partly Cloudy,0,0,63.56,63.56,57.65,0.81,1024.4,4.78,93,0.33,0,9.997,-1
950072400,Drizzle,0.0136,1,58.11,58.23,57.54,0.98,1021.1,9.92,331,1,0,2.891,-1
950158800,Clear,0,0,54.73,54.73,43.94,0.67,1019.7,6.52,304,0,0,9.938,-1
950245200,Clear,0,0,57.12,57.12,48.02,0.72,1020,3.36,270,0,0,9.674,-1
950331600,Clear,0,0,59.45,59.45,55.6,0.87,1020.9,3.4,249,0,0,5.225,-1
950418000,Mostly Cloudy,0,0,64.54,65.01,62.15,0.92,1021.2,2.77,145,0.63,0,9.416,-1
950504400,Clear,0,0,70.25,70.74,63.85,0.8,1019.6,8.38,141,0,0,9.997,-1
950590800,Partly Cloudy,0,0,73.32,74.54,69.87,0.89,1017.1,11.41,197,0.47,0,9.997,-1
950677200,Clear,0,0,68.76,69.14,62.65,0.81,1022.8,1.64,337,0.2,0,9.997,-1
950763600,Clear,0,0,65.91,65.91,58.77,0.78,1023,5.03,70,0,0,9.997,-1
950850000,Partly Cloudy,0,0,69.73,69.92,61.41,0.75,1023.1,8.44,89,0.45,0,-1,-1
950936400,Partly Cloudy,0,0,72.32,73.42,68.85,0.89,1022.7,7.83,115,0.47,0,9.997,-1
951022800,Clear,0,0,69.35,70.23,66.39,0.9,1024.3,3.96,306,0.18,0,9.997,-1
951109200,Drizzle,0.0004,1,68.6,69.32,65.07,0.89,1023.1,9.41,341,1,0,9.997,-1
951195600,Clear,0,0,62.8,62.8,54.12,0.73,1023.4,9.61,342,0.1,0,9.997,-1
951282000,Partly Cloudy,0,0,69.36,69.36,53.54,0.57,1024.6,13.37,72,0.35,0,9.997,-1
951368400,Partly Cloudy,0,0,68.5,68.5,55.63,0.64,1024.1,11.02,63,0.59,0,9.997,-1
951454800,Drizzle,0.0051,1,68.87,69.21,62.4,0.8,1022.1,11.37,71,0.69,0,9.997,-1
951541200,Drizzle,0.0004,1,70.45,70.8,62.78,0.77,1022.3,14.07,82,0.28,0,9.997,-1
951627600,Partly Cloudy,0,0,71.3,71.74,63.67,0.77,1023.4,11.04,109,0.57,0,9.997,-1
951714000,Clear,0,0,66.66,66.9,61.2,0.83,1021.3,0.42,201,0.05,0,9.997,-1
951800400,Drizzle,0.0004,1,69.68,70.28,64.5,0.84,1021.1,0.48,319,0.9,0,9.997,-1
951886800,Clear,0,0,67.09,67.09,57.97,0.73,1022.2,3.25,98,0,0,9.997,-1
951973200,Partly Cloudy,0,0,68.73,68.84,60.57,0.75,1021.2,5.54,227,0.51,0,9.997,-1
952059600,Partly Cloudy,0,0,66.41,66.82,62.24,0.86,1017.9,5.9,248,0.59,0,9.997,-1
952146000,Partly Cloudy,0,0,66.81,67.25,62.59,0.86,1015.3,6.71,237,0.32,0,9.997,-1
952232400,Clear,0,0,69.26,69.77,63.7,0.82,1015.1,8.36,238,0,0,9.997,-1
952318800,Clear,0,0,66.51,66.67,60.51,0.81,1017.9,7.83,299,0,0,9.997,-1
952405200,Mostly Cloudy,0,0,72.03,72.03,57.62,0.61,1021.7,5.08,66,0.81,0,9.997,-1
952491600,Clear,0,0,69.58,69.58,54.16,0.58,1021.7,8.21,90,0.2,0,9.997,-1
952578000,Clear,0,0,69.41,69.41,59.6,0.71,1020.1,7.01,108,0.17,0,9.997,-1
952664400,Clear,0,0,69.79,69.97,61.33,0.75,1020.7,5.58,120,0.1,0,9.997,-1
952750800,Clear,0,0,72.42,72.94,64.47,0.76,1018.7,8.49,135,0.22,0,9.997,-1
952837200,Clear,0,0,70.16,71.35,68.7,0.95,1018.2,4.08,184,0.22,0,9.056,-1
952923600,Partly Cloudy,0,0,72.24,72.9,65.57,0.8,1019.6,10.34,52,0.34,0,9.997,-1
953010000,Partly Cloudy,0,0,69.91,69.91,57.36,0.64,1020.6,8.94,50,0.47,0,9.997,-1
953096400,Overcast,0,0,73.11,73.58,64.18,0.74,1020.2,14.46,79,0.96,0,9.997,-1
953182800,Partly Cloudy,0,0,75.03,75.96,68.16,0.79,1019.2,15.82,118,0.54,0,9.997,-1
953269200,Clear,0,0,72.42,73.47,68.42,0.87,1019.1,5.36,149,0.11,0,9.997,-1
953355600,Partly Cloudy,0,0,73,73.61,65.28,0.77,1018,4.38,282,0.4,0,9.997,-1
953442000,Light Rain,0.0372,1,70.52,71.5,67.46,0.9,1018.1,9.09,52,0.95,0,9.967,-1
953528400,Partly Cloudy,0,0,72.5,73.34,66.98,0.83,1015.4,8.01,130,0.39,0,9.997,-1
953614800,Clear,0,0,72.6,73.37,66.43,0.81,1016.3,5.63,308,0.11,0,9.925,-1
953701200,Clear,0,0,72.03,73.08,68.33,0.88,1018.7,1.61,263,0.21,0,9.872,-1
953787600,Mostly Cloudy,0,0,73.55,74.22,65.8,0.77,1017,9.42,39,0.69,0,9.997,-1
953874000,Drizzle,0.0118,1,67.05,67.44,62.32,0.85,1016.8,6.84,340,0.8,0,9.997,-1
953960400,Clear,0,0,67.86,67.86,57,0.68,1019.2,4.66,356,0.27,0,9.997,-1
954046800,Clear,0,0,66.12,66.12,55.23,0.68,1019.2,1.16,151,0,0,9.997,-1
954133200,Clear,0,0,68.09,68.32,61.41,0.79,1013.2,5.17,218,0.13,0,9.997,-1
954219600,Drizzle,0.0004,1,74.96,75.48,64.8,0.71,1007.3,10.13,218,0.88,0,9.997,-1
954306000,Clear,0,0,70.89,71.78,66.91,0.87,1012.1,4.05,196,0,0,9.997,-1
954392400,Clear,0,0,73,74.04,68.53,0.86,1015.6,2.83,158,0.03,0,9.997,-1
954478800,Mostly Cloudy,0,0,77.35,78.5,70.35,0.79,1015,3.84,230,0.86,0,9.997,-1
954565200,Clear,0,0,75.41,76.77,71.51,0.88,1015.7,8.46,332,0.03,0,9.964,-1
954651600,Partly Cloudy,0,0,74.23,74.66,63.95,0.7,1020.5,15.63,95,0.35,0,9.997,-1
954738000,Partly Cloudy,0,0,71.92,72.04,61.1,0.69,1020.5,11.93,102,0.48,0,9.997,-1
954824400,Partly Cloudy,0,0,73.16,73.34,61.74,0.67,1018.5,1.98,188,0.55,0,9.997,-1
954910800,Partly Cloudy,0,0,67.81,67.99,60.93,0.79,1016,13.23,320,0.39,0,9.997,-1
954997200,Clear,0,0,61.08,61.08,52.73,0.74,1021,7.55,356,0.09,0,9.997,-1
955083600,Overcast,0,0,69.72,69.72,55.98,0.62,1019.4,3.82,19,0.94,0,9.997,-1
955170000,Partly Cloudy,0,0,72.84,73.88,68.49,0.86,1017.1,5.92,131,0.36,0,9.997,-1
955256400,Clear,0,0,70.29,71.11,66.21,0.87,1016.8,6.03,263,0,0,9.925,-1
955342800,Overcast,0,0,68.05,68.05,52.53,0.58,1022.8,9.01,59,0.89,0,9.997,-1
955429200,Overcast,0,0,71.33,71.33,54.63,0.56,1023.5,12.68,106,0.88,0,9.997,-1
955515600,Drizzle,0.0004,1,73.55,74.42,67.41,0.81,1022.1,11.11,96,0.95,0,9.921,-1
955602000,Mostly Cloudy,0,0,73.84,75.23,71.28,0.92,1020.6,2.69,162,0.66,0,9.997,-1
955688400,Partly Cloudy,0,0,74.57,75.69,69.57,0.84,1017.6,7.08,131,0.46,0,9.997,-1
955774800,Drizzle,0.0004,1,70.74,71.98,69.22,0.95,1016.2,3.33,171,0.5,0,9.997,-1
955861200,Drizzle,0.0004,1,73.04,74.27,69.94,0.9,1018.6,0.69,180,0.89,0,9.997,-1
955947600,Clear,0,0,72.56,73.74,69.42,0.9,1018.5,3.54,263,0.24,0,9.997,-1
956034000,Clear,0,0,70.46,70.74,62.21,0.75,1015.4,6.38,265,0,0,9.997,-1
956120400,Clear,0,0,66.91,66.91,59.37,0.77,1013.9,9.76,304,0,0,9.997,-1
956206800,Clear,0,0,69.89,70.19,62.32,0.77,1017,0.1,180,0.03,0,9.921,-1
956293200,Clear,0,0,71.36,71.88,64.29,0.78,1017.2,1.78,178,0,0,9.853,-1
956379600,Clear,0,0,71.5,72.25,66.03,0.83,1012.3,6.26,241,0.21,0,9.997,-1
956466000,Clear,0,0,65.31,65.31,58.21,0.78,1011.9,9.53,285,0,0,9.997,-1
956552400,Clear,0,0,66.69,67.2,63,0.88,1013,0.76,196,0,0,9.997,-1
956638800,Humid,0,0,78.07,79.8,74.84,0.9,1012.9,6.85,190,0.24,0,9.997,-1
956725200,Clear,0,0,74.28,75.39,69.39,0.85,1014.2,8.11,291,0,0,9.782,-1
956811600,Partly Cloudy,0,0,69.95,69.95,59.68,0.7,1016.7,9.81,310,0.5,0,9.997,-1
956898000,Clear,0,0,69.81,69.81,55.81,0.61,1017.4,6.28,300,0.22,0,9.997,-1
956984400,Clear,0,0,67.99,68.26,61.62,0.8,1016.7,6.5,276,0,0,9.997,-1
957070800,Clear,0,0,72.24,73.09,66.98,0.84,1017.3,7.77,271,0,0,9.921,-1
957157200,Partly Cloudy,0,0,72.6,72.6,57.05,0.58,1019.8,9.61,60,0.32,0,9.997,-1
957243600,Clear,0,0,72.86,72.86,58.81,0.61,1019,8.64,67,0.29,0,9.997,-1
957330000,Overcast,0,0,75.69,76.18,64.59,0.68,1018.2,12.45,92,0.98,0,9.997,-1
957416400,Clear,0,0,73.45,73.53,60.76,0.65,1018.9,10.48,88,0.24,0,9.997,-1
957502800,Partly Cloudy,0,0,73.44,73.78,63.06,0.7,1019.9,8.52,89,0.33,0,9.997,-1
957589200,Clear,0.0012,0.1,72.89,73.21,62.88,0.71,1020.1,7.06,83,0.21,0,9.959,-1
957675600,Partly Cloudy,0,0,74.55,75.02,64.28,0.7,1019.2,11.03,100,0.36,0,9.997,-1
957762000,Overcast,0,0,75.29,75.99,66.36,0.74,1018,9.79,98,0.99,0,9.997,-1
957848400,Overcast,0,0,76.26,77.22,68.67,0.77,1016.6,10.15,114,0.91,0,9.997,-1
957934800,Clear,0,0,75.16,76.1,68.32,0.79,1016.1,6.52,157,0.1,0,9.997,-1
958021200,Clear,0,0,76.23,77.43,70.47,0.82,1016.7,3.71,183,0.09,0,9.997,-1
958107600,Clear,0,0,76.24,77.38,70.09,0.81,1016.7,0.26,270,0.04,0,9.997,-1
958194000,Clear,0,0,75.56,76.53,68.62,0.79,1015.9,1.39,189,0.03,0,9.997,-1
958280400,Clear,0,0,76.28,77.25,68.66,0.77,1016.1,0.13,-1,0.2,0,9.853,-1
958366800,Clear,0,0,76.26,77.38,69.87,0.81,1016.9,4.98,193,0.09,0,9.997,-1
958453200,Clear,0,0,74.14,75.33,69.88,0.87,1015.7,5.51,82,0.2,0,9.847,-1
958539600,Clear,0,0,77.79,78.86,69.72,0.76,1017.6,6.66,49,0.2,0,9.997,-1
958626000,Clear,0,0,77.76,78.39,65.96,0.67,1021.1,14.96,78,0.31,0,9.997,-1
958712400,Partly Cloudy,0,0,75.92,76.41,64.57,0.68,1021.7,10.68,83,0.4,0,9.997,-1
958798800,Partly Cloudy,0,0,74.28,74.52,62.32,0.66,1019.8,4.81,106,0.46,0,9.997,-1
958885200,Partly Cloudy,0,0,73.91,74.34,63.98,0.71,1018.3,6.46,124,0.36,0,9.997,-1
958971600,Clear,0,0,74.82,75.62,67.18,0.77,1016.8,6.01,125,0,0,9.997,-1
959058000,Clear,0,0,75.9,76.97,69.45,0.8,1015.6,5.6,227,0.27,0,9.997,-1
959144400,Clear,0,0,75.35,76.73,71.61,0.88,1015.2,5.04,256,0,0,9.921,-1
959230800,Humid,0,0,76.83,78.36,73.07,0.88,1014.8,3.25,263,0,0,9.872,-1
959317200,Humid,0,0,78.53,81.58,74,0.86,1016,4.04,181,0.08,0,9.997,-1
959403600,Humid,0,0,80.31,85.47,74.89,0.84,1017.8,0,-1,0,0,9.925,-1
959490000,Humid,0,0,78.85,82.08,73.12,0.83,1016.7,4.87,142,0.07,0,9.997,-1
959576400,Clear,0,0,77.65,78.96,71.65,0.82,1013.6,4.73,223,0,0,9.997,-1
959662800,Humid,0,0,78.4,79.86,72.97,0.83,1012.2,7.23,267,0.18,0,9.845,-1
959749200,Rain and Humid,0.137,1,74.17,75.77,72.81,0.96,1015.4,9.68,67,0.99,0,9.604,-1
959835600,Drizzle and Humid,0.0004,1,78.92,82.13,72.73,0.81,1018.3,11.94,78,0.65,0,9.997,-1
959922000,Humid and Partly Cloudy,0,0,79.46,83.32,73.53,0.82,1020,7.21,93,0.44,0,9.997,-1
960008400,Humid,0,0,77.72,79.27,73.45,0.87,1019.1,0.73,331,0.13,0,9.997,-1
960094800,Humid,0,0,78.63,81.78,73.88,0.85,1018.1,1.99,283,0.27,0,9.845,-1
960181200,Humid,0,0,76.56,78.12,73.19,0.89,1017.1,2.14,340,0.25,0,9.997,-1
960267600,Humid,0,0,79.34,83.55,75.08,0.87,1017.3,4.09,178,0.21,0,9.997,-1
960354000,Humid,0,0,77.57,79.12,73.39,0.87,1017.4,0.14,200,0.05,0,9.997,-1
960440400,Partly Cloudy,0,0,74.2,75.68,71.94,0.93,1018.1,3.7,36,0.49,0,9.997,-1
960526800,Partly Cloudy,0.0021,0.18,73.47,74.97,71.85,0.95,1018.2,3.87,7,0.53,0,8.364,-1
960613200,Clear,0,0,78.52,79.48,68.99,0.73,1018.6,10.61,89,0.11,0,9.997,-1
960699600,Drizzle,0.0004,1,75.29,76.58,70.92,0.86,1018.2,7.69,114,0.26,0,9.997,-1
960786000,Humid,0,0,76.63,78.19,73.24,0.89,1019.9,2.43,89,0.21,0,9.997,-1
960872400,Humid and Partly Cloudy,0,0,79.46,83.3,73.44,0.82,1020.2,6.81,89,0.38,0,9.997,-1
960958800,Possible Drizzle and Humid,0.0002,0.49,80.66,85.96,74.55,0.82,1020,9.8,114,0.51,0,9.997,-1
961045200,Humid and Mostly Cloudy,0,0,79.26,82.85,73.15,0.82,1019.6,5.77,96,0.8,0,9.997,-1
961131600,Humid,0,0,80.81,85.65,73.34,0.78,1016.4,11.23,112,0.27,0,9.997,-1
961218000,Humid and Partly Cloudy,0,0,81.2,87.23,75.03,0.82,1018.7,11.59,114,0.33,0,9.997,-1
961304400,Humid and Partly Cloudy,0,0,81.2,86.77,74.22,0.79,1021.4,11.87,101,0.39,0,9.997,-1
961390800,Light Rain and Humid,0.0197,1,78.39,79.89,73.25,0.84,1021.6,8.7,115,0.51,0,9.864,-1
961477200,Humid,0,0,78.66,81.61,72.43,0.81,1021.7,2.9,84,0.22,0,9.997,-1
961563600,Humid,0,0,76.9,78.38,72.74,0.87,1019.7,3.94,312,0.06,0,9.997,-1
961650000,Humid,0,0,79.14,82.61,73.04,0.82,1018.1,0.79,135,0.16,0,9.997,-1
961736400,Humid,0,0,79.65,83.46,72.8,0.8,1018.4,1.21,157,0.02,0,9.997,-1
961822800,Humid,0,0,79.02,82.17,72.11,0.79,1018.4,4.53,164,0.11,0,9.997,-1
961909200,Partly Cloudy,0.0804,0.2,75.05,76.42,71.45,0.89,1019.1,2.16,29,0.42,0,9.997,-1
961995600,Humid and Partly Cloudy,0,0,77.45,79,73.41,0.87,1018.5,2.54,93,0.4,0,9.997,-1
962082000,Drizzle and Humid,0.0095,1,76.4,77.99,73.43,0.91,1018.3,3.98,60,0.73,0,9.864,-1
962168400,Humid and Partly Cloudy,0.0016,0.08,79.47,83.64,74.51,0.85,1019.5,4.09,86,0.42,0,9.923,-1
962254800,Humid,0,0,78.86,82.18,73.54,0.84,1019.7,0.15,90,0.21,0,9.997,-1
962341200,Humid,0,0,79.9,84.39,74.23,0.83,1017.5,2.48,194,0.22,0,9.997,-1
962427600,Humid,0,0,79.67,83.59,73.11,0.8,1016.8,0.15,222,0.2,0,9.997,-1
962514000,Humid and Partly Cloudy,0,0,75.69,77.35,73.68,0.93,1015.8,3.86,240,0.36,0,9.997,-1
962600400,Humid and Partly Cloudy,0,0,75.63,77.36,74.12,0.95,1016.7,3.2,345,0.37,0,8.731,-1
962686800,Humid,0,0,78.41,81.37,74.28,0.87,1018,5.32,100,0.27,0,9.997,-1
962773200,Drizzle and Humid,0.0004,1,78.95,82.41,73.77,0.84,1017.3,5.39,355,0.3,0,6.389,-1
962859600,Humid and Partly Cloudy,0.0063,0.2,79.73,83.6,72.82,0.79,1015.4,0.84,150,0.37,0,9.997,-1
962946000,Humid,0,0,79.65,83.64,73.4,0.81,1014.2,3.43,216,0.23,0,9.997,-1
963032400,Drizzle and Humid,0.0004,1,79.82,84.29,74.38,0.84,1016.3,0.74,0,0.83,0,9.997,-1
963118800,Humid,0,0,77.81,79.16,72.01,0.82,1018.2,1.31,0,0.21,0,9.997,-1
963205200,Humid and Mostly Cloudy,0,0,77.58,79.44,75.58,0.94,1017.8,0,-1,0.61,0,8.376,-1
963291600,Humid,0,0,79.57,83.88,74.66,0.85,1017.1,0.43,309,0.29,0,9.853,-1
963378000,Humid,0,0,80.24,85.49,75.28,0.85,1016.7,3.64,194,0,0,9.997,-1
963464400,Humid,0,0,78.61,81.86,74.63,0.88,1017.5,0.71,275,0,0,9.997,-1
963550800,Humid,0,0,80.09,84.86,74.48,0.83,1016.4,3.54,213,0,0,9.997,-1
963637200,Humid and Partly Cloudy,0,0,78.83,82.23,74.09,0.85,1014.1,4.48,216,0.42,0,9.997,-1
963723600,Humid,0,0,80.35,85.32,74.39,0.82,1013.4,5.1,221,0.17,0,9.997,-1
963810000,Humid,0,0,78.66,81.8,73.58,0.84,1017.1,5.93,204,0.22,0,9.997,-1
963896400,Humid,0,0,77.41,79.01,73.74,0.88,1018.1,4.08,219,0,0,9.997,-1
963982800,Humid,0,0,79,82.43,73.46,0.83,1017.3,1.71,225,0.11,0,9.997,-1
964069200,Drizzle and Humid,0.0004,1,79.84,84.64,75.18,0.86,1016.8,4.21,203,0.64,0,9.997,-1
964155600,Humid and Partly Cloudy,0,0,78.09,79.58,73.06,0.85,1016,0.45,270,0.41,0,9.997,-1
964242000,Possible Drizzle and Humid,0.0002,0.49,79.87,84.1,73.58,0.81,1016.6,6.9,107,0.82,0,9.997,-1
964328400,Drizzle and Humid,0.0082,1,80.41,85.13,73.69,0.8,1018.6,0.5,92,0.69,0,9.997,-1
964414800,Humid and Partly Cloudy,0,0,78.88,82.11,72.97,0.82,1017.5,3.32,1,0.4,0,9.876,-1
964501200,Humid,0,0,76.75,78.31,73.25,0.89,1015.5,3.04,20,0.14,0,9.997,-1
964587600,Humid,0,0,81.63,88.17,75.28,0.81,1015.9,6.93,99,0.23,0,9.997,-1
964674000,Humid,0,0,75.98,77.45,72.4,0.89,1017.1,3.26,52,0.14,0,9.997,-1
964760400,Humid and Partly Cloudy,0,0,78.67,82.12,75.38,0.9,1015.8,0.79,57,0.32,0,9.997,-1
964846800,Drizzle and Humid,0.0004,1,80.46,85.04,73.27,0.79,1015.2,5.2,133,0.46,0,9.997,-1
964933200,Drizzle and Humid,0.0004,1,78.82,81.93,72.6,0.81,1016.1,5.88,188,0.55,0,9.861,-1
965019600,Humid and Partly Cloudy,0,0,82.66,89.84,75.08,0.78,1017.7,10.27,119,0.39,0,9.997,-1
965106000,Humid,0,0,81.17,86.33,73.46,0.77,1018.4,6.02,116,0.05,0,9.997,-1
965192400,Drizzle and Humid,0.0004,1,77.61,79.2,73.75,0.88,1018.3,0.05,-1,0.26,0,9.997,-1
965278800,Humid,0.0021,0.18,75.5,77.16,73.62,0.94,1017.8,4.43,37,0.13,0,9.997,-1
965365200,Humid,0,0,80.32,85.44,74.82,0.83,1018.8,4.96,84,0.23,0,9.997,-1
965451600,Humid,0,0,81.38,87.34,74.67,0.8,1018.8,4.35,111,0.12,0,9.997,-1
965538000,Humid and Partly Cloudy,0,0,79.44,83.43,74.02,0.84,1017.7,5.16,127,0.36,0,9.997,-1
965624400,Humid and Partly Cloudy,0,0,82.88,90.14,74.99,0.77,1019.6,12.75,123,0.54,0,9.997,-1
965710800,Humid,0,0,83.15,90.5,74.87,0.76,1019.6,11.17,91,0.22,0,9.997,-1
965797200,Drizzle and Humid,0.0004,1,80.76,85.89,74.02,0.8,1017.8,4.71,54,0.38,0,9.997,-1
965883600,Humid,0,0,80.64,86,74.72,0.82,1016.5,1.17,-1,0.17,0,9.997,-1
965970000,Humid,0,0,79.24,82.91,73.5,0.83,1015.9,2.42,271,0.14,0,9.997,-1
966056400,Humid and Mostly Cloudy,0,0,80.35,84.64,72.74,0.78,1016.4,4.92,230,0.65,0,9.997,-1
966142800,Partly Cloudy,0,0,76.76,77.96,70.59,0.81,1016.2,5.38,246,0.57,0,9.997,-1
966229200,Humid,0,0,79.69,84.27,75.02,0.86,1017.4,4.8,264,0.18,0,9.028,-1
966315600,Humid and Mostly Cloudy,0,0,78.21,79.8,73.84,0.86,1020.6,0,-1,0.85,0,9.997,-1
966402000,Humid,0,0,78.27,79.97,74.65,0.89,1019.2,2.11,339,0.22,0,9.008,-1
966488400,Clear,0,0,79.7,83.1,71.34,0.76,1017.4,5.47,50,0.11,0,9.611,-1
966574800,Humid,0,0,80.27,84.85,73.63,0.8,1017,3.21,85,0.13,0,9.997,-1
966661200,Humid,0,0,79.7,83.84,73.75,0.82,1017.9,0.09,0,0.1,0,9.871,-1
966747600,Humid,0,0,78,79.76,75.04,0.91,1018.1,2.77,322,0.14,0,9.997,-1
966834000,Humid and Partly Cloudy,0,0,80.78,86.28,74.72,0.82,1017.3,2.63,127,0.37,0,9.997,-1
966920400,Humid,0,0,81.32,87.5,75.12,0.82,1018.8,5.39,98,0.22,0,9.997,-1
967006800,Humid,0,0,82.79,90.34,75.46,0.79,1019.2,9.4,79,0.26,0,9.997,-1
967093200,Humid,0,0,82.5,90.86,76.75,0.83,1019.9,7.44,81,0.06,0,9.997,-1
967179600,Humid and Partly Cloudy,0,0,82.5,89.55,75.04,0.78,1017.9,9.98,99,0.36,0,9.864,-1
967266000,Drizzle,0.0108,1,75.48,76.8,71.2,0.87,1016.1,14.76,124,0.81,0,9.643,-1
967352400,Possible Light Rain and Humid,0.0484,0.49,75.43,76.99,72.93,0.92,1016,7.15,156,0.62,0,9.997,-1
967438800,Possible Drizzle and Humid,0.0058,0.49,77.86,79.31,72.75,0.84,1014.7,3.51,104,0.72,0,9.997,-1
967525200,Humid,0,0,76.62,78.39,74.68,0.94,1013.4,6.77,226,0.02,0,9.997,-1
967611600,Humid,0,0,78.45,81.4,73.94,0.86,1011.3,3.47,211,0.13,0,9.966,-1
967698000,Humid and Partly Cloudy,0,0,79.29,83.1,73.9,0.84,1013,7.5,195,0.4,0,9.997,-1
967784400,Possible Drizzle and Humid,0.0002,0.49,75.66,77.46,74.59,0.97,1016.6,0,-1,0.06,0,9.997,-1
967870800,Humid,0,0,80.88,86.7,75.19,0.83,1016.2,1.38,118,0.1,0,9.997,-1
967957200,Humid and Partly Cloudy,0,0,81.61,88.06,75.19,0.81,1013.8,2.12,112,0.39,0,9.997,-1
968043600,Humid,0,0,82.28,88.85,74.6,0.78,1013,3.3,113,0.27,0,9.997,-1
968130000,Humid,0,0,81.16,87.06,74.89,0.81,1012.9,1.21,148,0.29,0,9.997,-1
968216400,Humid and Mostly Cloudy,0,0,81.5,88.22,75.77,0.83,1012.6,6.3,132,0.62,0,9.997,-1
968302800,Possible Drizzle and Humid,0.0058,0.49,77.69,79.6,75.97,0.94,1015.7,3.84,107,0.42,0,9.997,-1
968389200,Humid and Partly Cloudy,0,0,78.64,81.85,74.18,0.86,1014.9,2.61,343,0.44,0,9.997,-1
968475600,Humid and Partly Cloudy,0,0,77.69,79.53,75.56,0.93,1013.4,1.31,324,0.32,0,9.997,-1
968562000,Humid and Partly Cloudy,0,0,78.98,82.85,75.47,0.89,1013.7,1.68,0,0.46,0,9.997,-1
968648400,Drizzle and Humid,0.0004,1,80.1,85.13,75.11,0.85,1015,4.73,76,0.82,0,9.87,-1
968734800,Drizzle and Humid,0.0004,1,80.27,84.78,73.46,0.8,1014.5,7.74,67,0.74,0,9.997,-1
968821200,Humid and Mostly Cloudy,0,0,80.27,84.97,73.96,0.81,1014,1.51,3,0.67,0,9.997,-1
968907600,Humid and Partly Cloudy,0,0,79.08,82.81,74.36,0.85,1014.6,2.81,316,0.42,0,9.997,-1
968994000,Humid and Overcast,0,0,78.57,79.98,72.56,0.82,1013.5,2.01,270,0.91,0,9.861,-1
969080400,Humid and Partly Cloudy,0,0,76.35,78.04,74.03,0.93,1011.9,1.09,-1,0.52,0,9.997,-1
969166800,Possible Light Rain and Humid,0.0181,0.31,82.51,89.57,75.05,0.78,1012.8,12.66,110,0.78,0,9.861,-1
969253200,Humid,0,0,73.52,75.09,72.33,0.96,1014.2,2.6,118,0.13,0,9.997,-1
969339600,Humid,0,0,77.76,79.33,73.58,0.87,1016.3,4.75,97,0.23,0,9.997,-1
969426000,Drizzle and Humid,0.0004,1,78.64,82.09,75.58,0.9,1016.5,6.48,86,0.71,0,9.997,-1
969512400,Humid and Partly Cloudy,0,0,80.64,86.51,75.73,0.85,1015.3,4.85,101,0.36,0,9.861,-1
969598800,Possible Drizzle and Humid,0.0097,0.31,81.78,90.4,77.7,0.87,1015.9,9.61,98,0.57,0,9.835,-1
969685200,Humid and Partly Cloudy,0,0,82.79,91.81,77.24,0.83,1016.5,9.72,111,0.52,0,9.997,-1
969771600,Humid and Partly Cloudy,0,0,79.75,83.95,73.8,0.82,1015.2,6.7,96,0.36,0,9.997,-1
969858000,Humid,0,0,79.75,84.07,74.16,0.83,1013.5,6.84,102,0.25,0,9.997,-1
969944400,Humid,0,0,80.81,86.23,74.52,0.81,1013.9,0,-1,0.11,0,9.997,-1
970030800,Humid,0,0,80.13,85.28,75.27,0.85,1014.9,2.08,177,0.11,0,9.997,-1
970117200,Humid,0,0,79.2,82.92,73.84,0.84,1012.8,4.22,304,0.15,0,9.997,-1
970203600,Drizzle,0.0004,1,80.54,84.02,70.36,0.71,1011.2,11.28,46,0.67,0,9.997,-1
970290000,Drizzle and Humid,0.0154,1,78.56,81.58,73.48,0.84,1010.3,6.73,49,0.88,0,9.406,-1
970376400,Humid and Partly Cloudy,0,0,77.03,78.77,74.61,0.92,1010.2,3.74,349,0.53,0,9.997,-1
970462800,Humid and Partly Cloudy,0,0,78.89,82.28,73.73,0.84,1012.3,5.53,354,0.52,0,9.997,-1
970549200,Light Rain and Humid,0.0606,1,75.21,77.01,74.42,0.97,1013.8,5.74,85,1,0,9.394,-1
970635600,Rain and Humid,0.1801,1,73.81,75.5,73.21,0.98,1015.6,7.91,179,1,0,5.048,-1
970722000,Humid,0,0,77.81,79.86,76.93,0.97,1015.9,0.2,90,0.21,0,9.997,-1
970808400,Humid,0,0,79.22,83.4,75.45,0.88,1016.3,0.13,180,0.09,0,9.997,-1
970894800,Drizzle and Humid,0.0039,1,75.39,77.09,73.82,0.95,1016.9,1.55,267,0.76,0,9.967,-1
970981200,Rain and Humid,0.1103,1,78.97,82.83,75.45,0.89,1015.5,4,3,0.38,0,9.997,-1
971067600,Humid and Mostly Cloudy,0,0,78.67,81.74,73.19,0.83,1014.1,7.43,351,0.63,0,9.92,-1
971154000,Overcast,0,0,73.16,73.16,59.57,0.62,1017.4,13.75,33,0.98,0,9.997,-1
971240400,Overcast,0,0,74.86,75.06,61.87,0.64,1019.4,10.65,60,0.96,0,9.997,-1
971326800,Drizzle,0.0118,1,76.02,76.73,66.51,0.72,1018.9,12.44,55,0.99,0,9.997,-1
971413200,Partly Cloudy,0,0,74.53,74.94,63.83,0.69,1018.6,9.37,37,0.32,0,9.997,-1
971499600,Mostly Cloudy,0,0,76.13,76.32,61.72,0.61,1018.6,9.54,60,0.74,0,9.997,-1
971586000,Mostly Cloudy,0,0,73.65,73.81,61.51,0.66,1017.3,5.86,358,0.68,0,9.997,-1
971672400,Clear,0,0,70.42,70.87,63.57,0.79,1016.7,6.52,340,0.1,0,9.962,-1
971758800,Clear,0,0,70.3,70.47,61.32,0.73,1016.8,5.54,355,0.21,0,9.997,-1
971845200,Clear,0,0,70.55,71.06,64,0.8,1016.9,4.93,302,0,0,9.809,-1
971931600,Clear,0,0,72.79,73.66,67.27,0.83,1017.1,4.8,350,0.1,0,9.672,-1
972018000,Clear,0,0,74.03,74.88,67.38,0.8,1018.1,4.08,347,0.07,0,9.464,-1
972104400,Clear,0,0,75.11,76.08,68.51,0.8,1018,3.78,30,0.1,0,9.997,-1
972190800,Clear,0,0,76.93,77.83,68.24,0.75,1018.8,12.19,65,0.29,0,9.997,-1
972277200,Clear,0,0,75.1,75.41,62.96,0.66,1020.8,12.76,64,0.25,0,9.674,-1
972363600,Partly Cloudy,0,0,76.72,77.16,64.21,0.65,1020,15.93,59,0.47,0,9.997,-1
972450000,Drizzle,0.0004,1,72.88,73.4,64.57,0.75,1017.6,10.86,26,0.41,0,9.997,-1
972536400,Clear,0,0,71.99,72.49,64.18,0.76,1015,6.15,10,0.2,0,9.997,-1
972622800,Clear,0,0,69.85,70.47,64.66,0.84,1015.5,7.04,336,0,0,9.997,-1
972709200,Clear,0,0,69.63,70.17,64.06,0.82,1018.3,5.66,352,0,0,9.997,-1
972795600,Clear,0,0,68.74,69.17,62.99,0.82,1019.5,2.03,357,0.04,0,9.938,-1
972882000,Clear,0,0,70.87,71.59,65.73,0.84,1019.1,3.95,333,0.06,0,5.251,-1
972968400,Clear,0,0,71.12,71.79,65.38,0.82,1019.4,0.64,330,0,0,5.406,-1
973054800,Clear,0,0,68.76,68.83,60.24,0.74,1019.3,6.04,24,0.12,0,9.997,-1
973141200,Clear,0,0,69.23,69.23,59.77,0.72,1018.3,5.47,357,0.15,0,9.997,-1
973227600,Clear,0,0,66.42,66.42,58.77,0.76,1019.3,3.73,336,0.28,0,9.997,-1
973314000,Clear,0,0,68.81,69.45,64.63,0.87,1017.2,7.63,341,0.28,0,8.626,-1
973400400,Mostly Cloudy,0,0,69.16,69.29,60.84,0.75,1014.1,1.14,341,0.82,0,9.822,-1
973486800,Clear,0,0,66.37,67.16,64.81,0.95,1013.2,0.05,-1,0.21,0,-1,-1
973573200,Clear,0,0,71.33,72.03,65.65,0.82,1015.7,6.74,114,0.24,0,9.997,-1
973659600,Partly Cloudy,0,0,74.42,75.55,69.54,0.85,1016.8,8.26,114,0.4,0,9.314,-1
973746000,Partly Cloudy,0,0,75.29,76.02,66.63,0.74,1014.4,12.18,133,0.49,0,9.997,-1
973832400,Partly Cloudy,0,0,72.64,73.78,69.2,0.89,1013.4,2.89,217,0.41,0,9.782,-1
973918800,Clear,0,0,75.22,76.61,71.65,0.89,1013.2,5.86,302,0.21,0,-1,-1
974005200,Mostly Cloudy,0,0,68.86,69.14,61.98,0.79,1013.8,4.43,359,0.8,0,9.997,-1
974091600,Clear,0,0,69.59,69.59,59.71,0.71,1015.2,5.89,88,0.15,0,9.997,-1
974178000,Clear,0,0,70.94,71.12,61.41,0.72,1016.3,5.99,139,0.07,0,9.997,-1
974264400,Overcast,0,0,75,76.24,70.48,0.86,1015.3,7.88,245,0.99,0,9.997,-1
974350800,Clear,0,0,64.56,64.56,58.22,0.8,1017.3,6.64,0,0.11,0,9.997,-1
974437200,Clear,0,0,70.27,71.08,66.17,0.87,1017.4,0.58,166,0.01,0,9.864,-1
974523600,Clear,0,0,72.34,73.41,68.6,0.88,1018.6,5.4,330,0.1,0,9.997,-1
974610000,Clear,0,0,71.87,72.88,68.03,0.88,1017.2,2.54,115,0.2,0,9.925,-1
974696400,Clear,0.0024,0.2,70.8,72.22,70.45,0.99,1017,1.94,221,0.13,0,6.323,-1
974782800,Drizzle,0.0004,1,63.73,63.75,58.79,0.84,1022.1,11.98,341,0.99,0,9.967,-1
974869200,Clear,0,0,54.54,54.54,38.97,0.56,1026.2,10.34,340,0,0,9.997,-1
974955600,Mostly Cloudy,0,0,66.32,66.32,52.91,0.62,1025,6.6,51,0.78,0,9.997,-1
975042000,Partly Cloudy,0,0,69.91,69.91,55.69,0.61,1021.7,10.8,108,0.49,0,9.997,-1
975128400,Overcast,0,0,75.17,76.43,70.7,0.86,1016.7,14.17,121,1,0,9.997,-1
975214800,Partly Cloudy,0,0,71.5,73.05,71.48,1,1016.1,1.92,191,0.58,0,4.324,-1
975301200,Overcast,0,0,69.78,70.72,66.94,0.91,1017.1,10.11,328,0.94,0,7.922,-1
975387600,Clear,0,0,61.77,61.77,50.69,0.67,1019.7,7.4,350,0.1,0,9.997,-1
975474000,Partly Cloudy,0,0,67.08,67.28,60.94,0.81,1020.5,5.09,18,0.58,0,9.997,-1
975560400,Drizzle,0.0004,1,71.69,72.44,66.14,0.83,1018.8,4.35,33,0.52,0,9.997,-1
975646800,Mostly Cloudy,0,0,64.74,64.93,60.3,0.86,1019.6,6.79,352,0.61,0,9.997,-1
975733200,Clear,0,0,68.13,68.3,60.89,0.78,1018.9,5.98,4,0.26,0,9.997,-1
975819600,Partly Cloudy,0,0,65.38,65.8,62.11,0.89,1018.7,4.97,351,0.47,0,9.997,-1
975906000,Mostly Cloudy,0,0,60.78,60.78,55.72,0.83,1020.3,12.03,342,0.72,0,9.389,-1
975992400,Partly Cloudy,0,0,64.05,64.05,54.9,0.72,1020.7,6.61,358,0.44,0,9.997,-1
976078800,Drizzle,0.0004,1,62.42,62.42,54.86,0.76,1020,8.65,348,0.63,0,9.997,-1
976165200,Drizzle,0.0026,1,67.57,68.3,64.81,0.91,1017,4.17,310,1,0,9.997,-1
976251600,Drizzle,0.0004,1,68.83,69.51,64.88,0.87,1018.5,3.47,341,0.9,0,9.997,-1
976338000,Mostly Cloudy,0,0,73.5,74.44,67.93,0.83,1018.5,5.92,60,0.63,0,9.997,-1
976424400,Drizzle,0.0113,1,73.4,74.78,71,0.92,1018.2,11.2,106,0.93,0,9.227,-1
976510800,Drizzle,0.0026,1,71.67,73.01,70.19,0.95,1018.1,5.35,95,0.99,0,9.791,-1
976597200,Mostly Cloudy,0,0,73.36,74.71,70.83,0.92,1018.7,5.43,134,0.69,0,9.997,-1
976683600,Clear,0,0,72.48,74.04,71.9,0.98,1022.8,4.18,104,0.17,0,9.997,-1
976770000,Drizzle,0.0004,1,75.29,76.69,71.7,0.89,1024.7,11.63,113,0.9,0,9.997,-1
976856400,Light Rain,0.0199,1,75.23,76.64,71.8,0.89,1024.8,8.84,93,0.81,0,9.876,-1
976942800,Mostly Cloudy,0,0,74.89,75.92,68.95,0.82,1021.5,8.66,101,0.78,0,9.997,-1
977029200,Mostly Cloudy,0,0,73.79,75.28,71.9,0.94,1019.8,1.65,303,0.85,0,9.845,-1
977115600,Clear,0,0,61.53,61.53,52.28,0.72,1020.6,7.39,326,0,0,9.997,-1
977202000,Mostly Cloudy,0,0,67.26,67.7,62.76,0.86,1018.1,4.15,287,0.7,0,9.711,-1
977288400,Clear,0,0,51.92,51.92,47.69,0.85,1019.5,2.48,236,0.11,0,9.997,-1
977374800,Clear,0,0,45.98,42.84,39.84,0.79,1022.5,6.07,320,0.12,0,9.997,-1
977461200,Overcast,0,0,62.35,62.35,55.52,0.78,1020.8,2.12,96,0.94,0,9.966,-1
977547600,Drizzle,0.0004,1,63.66,63.66,55.55,0.75,1020.8,8.34,351,1,0,9.997,-1
977634000,Drizzle,0.0004,1,70.82,71.11,62.35,0.75,1020.5,17.09,61,1,0,9.997,-1
977720400,Drizzle,0.0118,1,69.35,69.73,62.81,0.8,1019,10.53,43,1,0,9.997,-1
977806800,Drizzle,0.0004,1,68.78,68.78,53.87,0.59,1023.1,16.71,64,0.95,0,9.997,-1
977893200,Mostly Cloudy,0,0,68.52,68.52,56.95,0.67,1022.5,12.43,82,0.82,0,9.997,-1
977979600,Clear,0,0,68.26,68.4,60.71,0.77,1016.8,5.1,155,0.21,0,9.997,-1
978066000,Partly Cloudy,0,0,66.31,66.48,60.58,0.82,1009.2,12.49,286,0.5,0,9.964,-1
978152400,Clear,0,0,53.55,53.55,49.09,0.85,1015.9,9.13,309,0.24,0,9.967,-1
978238800,Clear,0,0,45.6,40.13,34.75,0.66,1022.9,11.27,327,0.1,0,9.997,-1
978325200,Clear,0,0,42.97,41.01,31.53,0.64,1025.7,3.71,351,0,0,9.997,-1
978411600,Clear,0,0,52.42,52.42,40.1,0.63,1025.9,6.12,357,0.11,0,9.997,-1
978498000,Partly Cloudy,0,0,54.11,54.11,48.39,0.81,1026.6,9.55,347,0.44,0,9.997,-1
978584400,Drizzle,0.0004,1,56.62,56.62,47.57,0.72,1022.2,6.69,315,1,0,9.997,-1
978670800,Clear,0,0,41.8,41.8,28.99,0.6,1022.1,1.95,350,0,0,9.997,-1
978757200,Clear,0,0,48.95,46.9,44.37,0.84,1017.7,5.13,258,0,0,9.744,-1
978843600,Clear,0,0,54.17,54.17,49.11,0.83,1016.9,0.78,302,0,0,9.864,-1
978930000,Clear,0,0,55.74,55.74,51.27,0.85,1017.6,2.16,245,0.01,0,9.925,-1
979016400,Clear,0,0,62.29,62.29,58.18,0.86,1016.1,4.86,247,0.28,0,9.997,-1
979102800,Clear,0,0,45.67,40.5,33.53,0.62,1023.2,10.47,328,0,0,9.997,-1
979189200,Overcast,0,0,61.9,61.9,51,0.67,1024.3,4.54,21,1,0,9.997,-1
979275600,Clear,0,0,57.31,57.31,53.97,0.89,1020.9,0.48,225,0.11,0,9.997,-1
979362000,Clear,0,0,59.42,59.42,56.08,0.89,1017.3,9.8,307,0,0,9.78,-1
979448400,Partly Cloudy,0,0,59.93,59.93,55.97,0.87,1018.5,7.63,336,0.46,0,9.479,-1
979534800,Mostly Cloudy,0,0,64.68,65.15,62.19,0.92,1019.6,4.95,348,0.87,0,9.997,-1
979621200,Partly Cloudy,0,0,64.41,64.99,62.8,0.95,1019.2,0.81,106,0.37,0,9.781,-1
979707600,Clear,0,0,66.3,66.94,63.75,0.91,1019.4,1.88,64,0.21,0,9.864,-1
979794000,Mostly Cloudy,0,0,65.03,65.82,64.31,0.98,1018.5,0.23,106,0.7,0,9.783,-1
979880400,Clear,0,0,71.04,72.28,69.31,0.94,1017.8,7.78,148,0,0,9.997,-1
979966800,Overcast,0,0,74.03,75.51,71.94,0.93,1017.2,9.62,163,0.92,0,9.997,-1
980053200,Mostly Cloudy,0,0,53.95,53.95,46.17,0.75,1023.3,12.87,316,0.73,0,9.966,-1
980139600,Overcast,0,0,56.82,56.82,51.86,0.83,1023.6,9.81,342,1,0,9.997,-1
980226000,Clear,0,0,47.93,42.43,40.06,0.74,1020,13.35,300,0,0,9.997,-1
980312400,Clear,0,0,51.18,51.18,39.22,0.64,1021.3,11.41,313,0,0,9.997,-1
980398800,Clear,0,0,54.5,54.5,44.85,0.7,1022.7,8.19,324,0.15,0,9.895,-1
980485200,Clear,0,0,50.77,50.77,42.41,0.73,1024.6,7.39,329,0,0,9.855,-1
980571600,Partly Cloudy,0,0,57.42,57.42,49.17,0.74,1024.4,3.99,18,0.42,0,9.997,-1
980658000,Clear,0,0,59.28,59.28,52.23,0.77,1025.3,1.57,109,0.16,0,9.997,-1
980744400,Clear,0,0,66.55,66.55,56.4,0.7,1024.3,9.61,112,0.22,0,9.997,-1
980830800,Partly Cloudy,0,0,69.78,70.12,62.59,0.78,1019.5,12.09,148,0.47,0,9.997,-1
980917200,Clear,0,0,67.41,68.35,66.17,0.96,1018,3.5,150,0,0,9.429,-1
981003600,Clear,0,0,69,69.89,66.32,0.91,1019.4,4.6,175,0.01,0,9.693,-1
981090000,Mostly Cloudy,0,0,71.19,72.34,68.83,0.92,1020.6,4.49,124,0.82,0,9.872,-1
981176400,Mostly Cloudy,0,0,68.58,69.42,65.9,0.91,1019,6.22,344,0.64,0,8.206,-1
981262800,Partly Cloudy,0,0,71.99,72.99,67.99,0.87,1020.1,6.31,98,0.49,0,9.925,-1
981349200,Clear,0,0,66.22,67.03,64.87,0.95,1018.6,3.85,342,0.05,0,6.02,-1
981435600,Clear,0,0,58,58,48.46,0.7,1021.2,3.48,353,0.31,0,9.997,-1
981522000,Clear,0,0,62.78,62.78,54.34,0.74,1022.1,3.24,52,0.1,0,9.997,-1
981608400,Mostly Cloudy,0,0,70.82,71.24,63.43,0.77,1023.6,10.94,73,0.64,0,9.997,-1
981694800,Mostly Cloudy,0,0,71.46,71.89,63.63,0.76,1023.7,13.21,84,0.6,0,9.997,-1
981781200,Overcast,0,0,73.5,74.56,68.8,0.85,1021.3,10.21,93,0.88,0,9.997,-1
981867600,Partly Cloudy,0,0,73.67,74.93,70.35,0.89,1021.5,7.48,121,0.39,0,9.997,-1
981954000,Partly Cloudy,0,0,73.47,74.19,66.18,0.78,1023.4,11.38,101,0.36,0,9.997,-1
982040400,Partly Cloudy,0,0,73.26,74.04,66.67,0.8,1025.1,11.62,103,0.37,0,9.997,-1
982126800,Partly Cloudy,0,0,73.47,74.32,67.21,0.81,1024,10.77,103,0.33,0,9.997,-1
982213200,Clear,0,0,71.97,72.64,65.58,0.8,1021,8.07,106,0.08,0,9.997,-1
982299600,Clear,0,0,72.04,72.7,65.52,0.8,1021,7.85,123,0.12,0,9.997,-1
982386000,Clear,0,0,70.7,71.83,68.52,0.93,1020.2,0,-1,0.01,0,9.806,-1
982472400,Clear,0,0,69.91,70.52,64.59,0.83,1020.3,7.03,285,0,0,9.864,-1
982558800,Mostly Cloudy,0,0,71.34,71.34,57.83,0.62,1023.4,18.12,73,0.84,0,9.997,-1
982645200,Drizzle,0.0004,1,71.87,71.87,58.96,0.64,1024.8,14.2,102,0.95,0,9.997,-1
982731600,Clear,0,0,69.99,70.17,61.41,0.74,1023.3,8.17,95,0.18,0,9.997,-1
982818000,Clear,0,0,67.74,67.74,59.25,0.74,1020.8,4.44,98,0,0,9.997,-1
982904400,Clear,0,0,70.24,70.81,64.4,0.82,1018.8,3.75,248,0.11,0,9.997,-1
982990800,Clear,0,0,73.47,73.89,63.75,0.72,1021.6,11.03,100,0.16,0,9.997,-1
983077200,Mostly Cloudy,0,0,74.57,75.24,66,0.75,1023.5,15.36,120,0.61,0,9.997,-1
983163600,Partly Cloudy,0,0,73.79,74.94,69.55,0.87,1022.5,10.8,109,0.32,0,9.997,-1
983250000,Clear,0,0,70.63,71.44,66.32,0.86,1020.8,2.19,290,0.31,0,9.769,-1
983336400,Mostly Cloudy,0.0012,0.1,72.9,73.83,67.73,0.84,1019.2,2.94,235,0.84,0,9.925,-1
983422800,Clear,0,0,69.89,70.34,63.45,0.8,1015.9,6.51,292,0.14,0,9.788,-1
983509200,Clear,0,0,69.85,70.52,65.04,0.85,1014.4,4.7,260,0.16,0,9.913,-1
983595600,Clear,0,0,71.57,72.75,69.14,0.92,1013.9,4.94,187,0.01,0,7.284,-1
983682000,Partly Cloudy,0,0,75.69,76.91,70.54,0.84,1013.5,8.9,171,0.55,0,9.925,-1
983768400,Light Rain,0.0277,1,67.27,68.29,66.63,0.98,1013.6,6.65,151,1,0,9.967,-1
983854800,Clear,0,0,57.51,57.51,48.79,0.73,1017.3,9.64,288,0,0,9.997,-1
983941200,Clear,0,0,53.67,53.67,41.98,0.64,1017.2,13.43,312,0.1,0,9.997,-1
984027600,Clear,0,0,55.06,55.06,44.95,0.69,1019.5,6.93,311,0,0,9.674,-1
984114000,Clear,0,0,59.08,59.08,50.09,0.72,1018.5,3.99,234,0,0,9.997,-1
984200400,Mostly Cloudy,0,0,68,68.3,61.9,0.81,1014,6.68,184,0.76,0,9.997,-1
984286800,Partly Cloudy,0,0,70.04,70.72,65.19,0.85,1015.2,6.49,82,0.59,0,9.997,-1
984373200,Clear,0,0,70.87,71.68,66.38,0.86,1019.3,3.3,112,0.05,0,9.921,-1
984459600,Humid and Partly Cloudy,0,0,75.7,77.19,72.47,0.9,1017.3,10.04,157,0.34,0,9.653,-1
984546000,Partly Cloudy,0,0,75.03,75.94,68.02,0.79,1016.5,5.61,206,0.51,0,9.925,-1
984632400,Humid,0,0,75.03,76.63,73.05,0.94,1013.9,8.06,142,0.27,0,9.767,-1
984718800,Humid and Partly Cloudy,0,0,76.76,78.26,72.82,0.88,1014.3,8.63,170,0.42,0,9.822,-1
984805200,Humid,0,0,75.22,76.82,73.09,0.93,1015.7,3.36,188,0.13,0,9.814,-1
984891600,Humid and Mostly Cloudy,0,0,75.07,76.58,72.42,0.91,1016.1,4.6,16,0.76,0,9.753,-1
984978000,Partly Cloudy,0,0,73.47,74.56,69.03,0.86,1014.4,10.99,78,0.57,0,9.997,-1
985064400,Rain,0.1051,1,71.12,72.57,70.68,0.99,1011.4,0.55,130,0.57,0,9.445,-1
985150800,Clear,0,0,63.45,63.45,55.82,0.76,1014.3,8.08,289,0.06,0,9.997,-1
985237200,Mostly Cloudy,0,0,62.15,62.15,52.6,0.71,1015.7,11.18,292,0.67,0,9.997,-1
985323600,Clear,0,0,60.42,60.42,51.77,0.73,1016,9.67,327,0,0,9.997,-1
985410000,Clear,0,0,64.41,64.41,57.1,0.77,1017.2,2.01,261,0,0,9.864,-1
985496400,Partly Cloudy,0,0,66.48,66.63,60.47,0.81,1018.5,4.41,290,0.55,0,9.769,-1
985582800,Clear,0,0,67.78,68.18,62.59,0.83,1017,4.94,243,0.19,0,9.921,-1
985669200,Partly Cloudy,0,0,70.97,71.6,65,0.81,1017.4,4.31,340,0.59,0,9.756,-1
985755600,Clear,0,0,70.4,70.66,62.03,0.75,1019.1,6.73,62,0.12,0,9.997,-1
985842000,Mostly Cloudy,0,0,74.56,75.5,68.15,0.8,1015.6,16.73,112,0.68,0,9.997,-1
985928400,Rain,0.2298,1,64.58,65.22,63.23,0.95,1014.2,16.22,2,1,0,3.924,-1
986014800,Humid and Partly Cloudy,0.0021,0.18,76.69,78.49,74.88,0.94,1013.2,10.3,176,0.53,0,9.8,-1
986101200,Drizzle and Humid,0.0004,1,75.49,77.02,72.76,0.91,1011.9,5.93,211,0.88,0,9.294,-1
986187600,Clear,0,0,65.39,65.39,47.25,0.52,1017.7,7.87,331,0,0,9.997,-1
986274000,Clear,0,0,69.66,69.66,59.02,0.69,1021.3,9.05,89,0,0,9.864,-1
986360400,Clear,0,0,70.07,70.47,63.11,0.79,1020.7,5.39,104,0.11,0,9.997,-1
986446800,Clear,0,0,70.29,70.83,64.2,0.81,1020.4,3.92,292,0,0,9.997,-1
986533200,Clear,0,0,71.82,72.07,62.17,0.72,1021.6,4.64,94,0.14,0,9.997,-1
986619600,Drizzle,0.0004,1,72.99,73.73,66.35,0.8,1022.3,12.93,109,0.62,0,9.997,-1
986706000,Clear,0,0,73.52,74.01,64.37,0.73,1022.5,9.05,119,0.17,0,9.997,-1
986792400,Clear,0,0,72.38,72.59,61.9,0.7,1021.2,8.05,112,0.24,0,9.997,-1
986878800,Clear,0,0,70.12,70.42,62.34,0.76,1017.9,0.21,-1,0.24,0,9.997,-1
986965200,Clear,0,0,73.05,73.3,62.23,0.69,1017.3,4.99,107,0.25,0,9.997,-1
987051600,Clear,0,0,76.9,78.2,71.42,0.83,1019.4,9.34,111,0.26,0,9.997,-1
987138000,Humid and Partly Cloudy,0,0,78.37,79.84,73,0.84,1020.8,10.54,111,0.59,0,9.997,-1
987224400,Clear,0,0,75.74,76.94,70.38,0.83,1019.9,2.67,197,0.27,0,9.864,-1
987310800,Clear,0,0,76.96,78.26,71.38,0.83,1016.3,6.78,242,0.09,0,9.997,-1
987397200,Clear,0,0,73.23,74.19,68.03,0.84,1015.2,9.19,297,0.05,0,9.997,-1
987483600,Clear,0,0,73.2,73.94,66.38,0.79,1015.6,10.48,288,0.11,0,9.997,-1
987570000,Clear,0,0,70.97,70.97,56.4,0.6,1016.3,9.74,313,0.03,0,9.997,-1
987656400,Clear,0,0,59.63,59.63,49.26,0.69,1023,9.08,347,0.03,0,9.997,-1
987742800,Mostly Cloudy,0,0,71.23,71.23,52.84,0.52,1025.4,16.05,88,0.79,0,9.997,-1
987829200,Clear,0,0,71.78,71.78,55.62,0.57,1026.7,11.17,84,0.19,0,9.997,-1
987915600,Drizzle,0.0004,1,73.35,73.9,64.92,0.75,1025.7,13.7,80,0.8,0,9.997,-1
988002000,Drizzle,0.0004,1,74.74,75.51,66.86,0.76,1023.6,13.38,88,0.87,0,9.997,-1
988088400,Clear,0,0,74.36,74.91,65.03,0.73,1020.7,11.46,101,0.1,0,9.997,-1
988174800,Clear,0,0,72.75,73.75,68.17,0.86,1018.6,5.72,93,0.26,0,9.997,-1
988261200,Clear,0,0,71.4,72.42,67.99,0.89,1016.2,0,-1,0.02,0,9.913,-1
988347600,Overcast,0,0,72.89,73.28,63.48,0.72,1018.8,12.88,44,1,0,9.997,-1
988434000,Clear,0,0,72.63,72.76,61.23,0.67,1020.4,11.83,85,0.27,0,9.997,-1
988520400,Partly Cloudy,0,0,73.47,73.9,63.84,0.72,1020.6,12.96,91,0.53,0,9.997,-1
988606800,Drizzle,0.0004,1,71.49,72.01,64.34,0.78,1020.6,15.64,89,0.84,0,9.997,-1
988693200,Light Rain,0.0185,1,71.21,71.99,66.23,0.84,1016.4,16.9,74,0.96,0,9.028,-1
988779600,Drizzle,0.0004,1,71.95,72.71,66.17,0.82,1014.6,12.69,74,0.52,0,9.997,-1
988866000,Partly Cloudy,0,0,73.2,73.9,66.03,0.78,1016.6,9.66,62,0.5,0,9.997,-1
988952400,Light Rain,0.0199,1,70.95,72.06,68.45,0.92,1017.2,10.96,75,0.87,0,9.927,-1
989038800,Drizzle,0.0004,1,73.15,73.85,66.04,0.78,1015,10.42,62,0.39,0,9.761,-1
989125200,Light Rain,0.026,1,72.65,73.11,63.97,0.74,1014.4,10.17,46,0.72,0,9.921,-1
989211600,Clear,0,0,72.44,72.44,58.63,0.62,1016.7,7.15,22,0.03,0,9.997,-1
989298000,Overcast,0,0,73.29,73.33,60.46,0.64,1019,17,60,1,0,9.997,-1
989384400,Partly Cloudy,0,0,71.78,71.78,59.59,0.65,1018.8,13.48,56,0.45,0,9.997,-1
989470800,Partly Cloudy,0,0,73.14,73.24,60.99,0.66,1019.8,10.75,73,0.43,0,9.997,-1
989557200,Partly Cloudy,0,0,73.47,73.47,58.45,0.59,1019.2,11.82,80,0.58,0,9.997,-1
989643600,Clear,0,0,70.54,70.54,59.17,0.67,1019.1,6.25,89,0.13,0,9.997,-1
989730000,Partly Cloudy,0,0,70.37,70.62,61.98,0.75,1019,3.91,94,0.35,0,9.997,-1
989816400,Partly Cloudy,0,0,72.24,72.53,62.57,0.72,1018.3,5.52,101,0.33,0,9.997,-1
989902800,Overcast,0,0,75.71,76.67,68.55,0.79,1018.9,5.55,104,0.91,0,9.925,-1
989989200,Overcast,0,0,73.46,73.58,61.23,0.66,1016.1,2.7,203,0.98,0,9.925,-1
990075600,Clear,0,0,71.76,71.76,59.96,0.66,1014.1,5.58,267,0,0,9.997,-1
990162000,Clear,0,0,73.3,73.7,63.59,0.72,1016.5,3.53,241,0,0,9.769,-1
990248400,Clear,0,0,74.05,74.79,66.47,0.77,1017.2,2.57,122,0,0,9.925,-1
990334800,Partly Cloudy,0,0,77.8,79.11,71.67,0.81,1014.3,5.73,171,0.42,0,9.997,-1
990421200,Humid,0,0,78.52,79.87,72.18,0.81,1014.2,8.6,132,0.08,0,9.997,-1
990507600,Humid and Partly Cloudy,0,0,80.03,85.18,75.34,0.86,1014.7,11.24,122,0.35,0,9.997,-1
990594000,Humid and Mostly Cloudy,0,0,80.27,85.62,75.4,0.85,1013.2,8.72,172,0.64,0,9.997,-1
990680400,Humid,0.001,0.08,74.52,76.31,74.14,0.99,1013,5.23,187,0.14,0,9.31,-1
990766800,Humid and Partly Cloudy,0,0,75.49,77.09,73.22,0.93,1015.5,0,-1,0.52,0,9.7,-1
990853200,Drizzle and Humid,0.0004,1,74.96,76.45,72.25,0.91,1016.8,1.36,178,0.97,0,9.997,-1
990939600,Humid and Partly Cloudy,0,0,74.67,76.17,72.25,0.92,1015.6,1.5,205,0.39,0,9.997,-1
991026000,Partly Cloudy,0,0,73.28,74.79,71.84,0.95,1015.5,1.55,124,0.51,0,9.997,-1
991112400,Humid and Mostly Cloudy,0,0,78.15,79.98,75.62,0.92,1016.8,4.82,114,0.73,0,9.997,-1
991198800,Humid and Partly Cloudy,0,0,78.47,81.83,76.62,0.94,1017.5,3.45,171,0.47,0,9.997,-1
991285200,Humid and Mostly Cloudy,0,0,78.88,82.31,74.03,0.85,1018.1,0.81,272,0.67,0,9.997,-1
991371600,Humid,0,0,78.3,79.86,73.65,0.86,1016.8,0.44,209,0.11,0,9.925,-1
991458000,Possible Drizzle and Humid,0.0002,0.49,75.08,76.77,73.7,0.95,1015.5,1.59,77,0.41,0,9.997,-1
991544400,Humid and Partly Cloudy,0,0,74.57,76.22,73.22,0.96,1014.7,0.13,0,0.47,0,9.997,-1
991630800,Humid,0,0,77.5,79.23,74.68,0.91,1017,1.78,90,0.19,0,9.997,-1
991717200,Humid and Partly Cloudy,0,0,79.46,83.37,73.68,0.83,1018.7,5.77,102,0.38,0,9.997,-1
991803600,Drizzle and Humid,0.0004,1,79.23,83.27,74.95,0.87,1019.4,3.33,119,0.44,0,9.997,-1
991890000,Possible Drizzle and Humid,0.0002,0.49,80.35,85.6,75.02,0.84,1018.4,7.26,131,0.61,0,9.997,-1
991976400,Humid,0,0,80.3,85.73,75.47,0.85,1017.5,0.44,123,0.23,0,9.997,-1
992062800,Humid and Partly Cloudy,0,0,79.88,84.62,74.94,0.85,1016.7,0.37,173,0.35,0,9.997,-1
992149200,Humid and Partly Cloudy,0,0,78.84,82.45,75.05,0.88,1016.5,0,-1,0.39,0,9.925,-1
992235600,Humid,0,0,79.26,83.55,75.73,0.89,1016.7,1.45,37,0.27,0,9.997,-1
992322000,Humid,0,0,79.08,82.42,72.76,0.81,1015.8,1.51,180,0.24,0,9.997,-1
992408400,Humid,0,0,80.32,85.18,74.23,0.82,1016.1,1.95,187,0,0,9.925,-1
992494800,Humid,0,0,79.31,83.07,73.64,0.83,1016.8,2.13,340,0.12,0,9.997,-1
992581200,Humid,0,0,82.39,89.27,74.93,0.78,1018,8.08,123,0.11,0,9.997,-1
992667600,Humid,0,0,81.61,86.9,73.18,0.76,1018.3,8.59,101,0.27,0,9.997,-1
992754000,Clear,0,0,76.99,78.33,71.76,0.84,1018.2,3.19,296,0.17,0,9.997,-1
992840400,Clear,0,0,76.32,77.36,69.33,0.79,1018.3,0.62,0,0.08,0,9.16,-1
992926800,Drizzle and Humid,0.0118,1,80.55,85.27,73.48,0.79,1019.3,6.07,76,0.5,0,9.997,-1
993013200,Humid,0,0,82.01,87.45,73.05,0.74,1020.2,9.05,86,0.22,0,9.997,-1
993099600,Humid and Mostly Cloudy,0,0,81.08,85.98,73.07,0.77,1020.6,6.24,88,0.65,0,9.997,-1
993186000,Humid,0,0,76.49,78.01,72.92,0.89,1018.6,0.61,281,0.25,0,9.925,-1
993272400,Humid,0.0021,0.18,74.78,76.24,72.03,0.91,1018.3,0.13,270,0.11,0,9.921,-1
993358800,Partly Cloudy,0,0,73.16,74.58,71.26,0.94,1018.9,0.36,270,0.41,0,9.997,-1
993445200,Clear,0,0,74.32,75.79,71.96,0.92,1019,1.37,148,0.31,0,9.997,-1
993531600,Humid,0,0,77.46,79.03,73.53,0.88,1020.6,6.34,87,0.12,0,9.997,-1
993618000,Possible Drizzle and Humid,0.0058,0.49,79.9,84.57,74.69,0.84,1022.6,11.5,101,0.74,0,9.166,-1
993704400,Humid and Partly Cloudy,0,0,80.65,85.49,73.59,0.79,1021.6,8.22,88,0.51,0,9.997,-1
993790800,Possible Drizzle and Humid,0.0002,0.49,75.95,77.68,74.2,0.94,1019.2,4.56,48,0.76,0,9.997,-1
993877200,Possible Drizzle and Humid,0.0058,0.49,79.28,83.43,75.12,0.87,1018.6,2.55,97,0.17,0,9.997,-1
993963600,Possible Drizzle and Humid,0.0036,0.31,80.53,85.87,74.86,0.83,1018.6,4.98,105,0.77,0,9.997,-1
994050000,Drizzle and Humid,0.0039,1,81.17,86.97,74.67,0.81,1018,9.62,104,0.74,0,9.997,-1
994136400,Humid,0,0,81.92,87.62,73.58,0.76,1020.6,7.94,90,0.09,0,9.997,-1
994222800,Humid and Mostly Cloudy,0,0,82.53,91.28,77.21,0.84,1021.4,6.95,89,0.72,0,9.997,-1
994309200,Clear,0,0,74.72,75.85,69.61,0.84,1020.6,0.11,180,0.05,0,4.623,-1
994395600,Humid,0,0,81.81,87.8,74.2,0.78,1018.9,5.74,124,0.17,0,9.997,-1
994482000,Humid,0,0,82.32,90.02,76.11,0.82,1019.3,5.33,110,0.23,0,9.997,-1
994568400,Drizzle and Humid,0.0004,1,79.59,83.62,73.67,0.82,1018.7,2.47,111,0.39,0,9.997,-1
994654800,Possible Drizzle,0.0002,0.49,76.91,78.24,71.61,0.84,1016.7,2.58,282,0.67,0,9.997,-1
994741200,Humid and Partly Cloudy,0,0,74.3,75.82,72.28,0.93,1015.4,4.55,218,0.4,0,9.997,-1
994827600,Humid and Partly Cloudy,0,0,76.22,77.9,73.96,0.93,1014.8,5.45,213,0.47,0,9.997,-1
994914000,Humid,0,0,75.33,76.86,72.63,0.91,1016.1,5.11,213,0,0,9.997,-1
995000400,Humid,0,0,79.94,84.59,74.54,0.84,1017.3,6.38,220,0.01,0,9.997,-1
995086800,Humid,0,0,80.27,85.38,74.88,0.84,1014.4,8.11,240,0.1,0,9.997,-1
995173200,Humid and Mostly Cloudy,0,0,73.88,75.59,73.4,0.98,1011.6,6.26,226,0.83,0,9.908,-1
995259600,Humid and Partly Cloudy,0,0,76.13,77.87,74.31,0.94,1013.1,1.9,274,0.43,0,9.782,-1
995346000,Humid,0,0,81.24,86.75,74.07,0.79,1017.1,3.94,210,0.19,0,9.853,-1
995432400,Humid,0,0,78.68,81.97,74.35,0.87,1018.5,0,-1,0.24,0,9.997,-1
995518800,Humid,0,0,78.26,79.88,74.17,0.87,1019,1.14,349,0.12,0,9.997,-1
995605200,Humid,0,0,81.23,86.81,74.19,0.79,1017.5,0.54,159,0.07,0,9.997,-1
995691600,Light Rain and Humid,0.0207,1,76.27,77.99,74.28,0.94,1016.1,4.95,309,0.97,0,9.092,-1
995778000,Drizzle and Humid,0.0004,1,75.03,76.5,72.2,0.91,1014,7.34,199,0.78,0,9.997,-1
995864400,Light Rain,0.0197,1,75,76.37,71.39,0.89,1013.6,2.56,200,0.8,0,9.997,-1
995950800,Light Rain,0.0306,1,71.99,73.21,69.5,0.92,1019.2,9.57,296,0.99,0,9.847,-1
996037200,Humid,0,0,81.61,88.64,76.09,0.83,1018,7.96,108,0.28,0,9.713,-1
996123600,Rain,0.1706,1,75.2,76.59,71.63,0.89,1019,8.63,104,0.88,0,8.046,-1
996210000,Humid,0,0,80.35,85.43,74.67,0.83,1019.9,5.08,123,0.19,0,9.997,-1
996296400,Humid,0,0,81.32,86.96,74.17,0.79,1021.1,6.07,94,0.12,0,9.997,-1
996382800,Humid,0,0,81.25,87.32,75.04,0.81,1020.7,6.46,89,0.14,0,9.997,-1
996469200,Humid,0,0,82.22,88.76,74.61,0.78,1019.5,1.34,168,0.2,0,9.997,-1
996555600,Humid,0,0,82.37,89.59,75.42,0.8,1018.8,7.39,110,0.06,0,9.997,-1
996642000,Clear,0,0,82.3,86.17,69.94,0.66,1019.4,6.09,102,0.2,0,9.997,-1
996728400,Drizzle and Humid,0.0004,1,76.39,77.86,72.56,0.88,1019,11.91,109,0.85,0,9.997,-1
996814800,Drizzle and Humid,0.0025,1,80.55,86.6,75.98,0.86,1017.7,10.77,119,0.47,0,9.826,-1
996901200,Humid and Mostly Cloudy,0,0,77.58,79.33,74.84,0.91,1015.5,0.95,85,0.74,0,9.997,-1
996987600,Drizzle and Humid,0.0055,1,76.62,78.3,74.13,0.92,1016.9,3.32,153,0.84,0,9.997,-1
997074000,Light Rain and Humid,0.0215,1,75.94,77.64,73.99,0.94,1021.3,0.59,259,0.42,0,9.997,-1
997160400,Humid,0,0,81.29,89.03,77.2,0.87,1022,7,80,0.22,0,9.997,-1
997246800,Humid,0,0,80.76,86.34,74.91,0.82,1020.7,4.16,51,0.1,0,9.997,-1
997333200,Humid,0,0,82.3,89.48,75.46,0.8,1019.9,5.64,94,0.18,0,9.997,-1
997419600,Humid,0,0,82.28,89.7,75.8,0.81,1019,4.35,123,0.09,0,9.997,-1
997506000,Humid,0,0,81.8,88.69,75.6,0.82,1019,0.13,292,0.21,0,9.997,-1
997592400,Humid and Partly Cloudy,0,0,82.51,90.42,76.2,0.81,1020.4,4.33,103,0.44,0,9.997,-1
997678800,Humid,0,0,82.5,90.09,75.77,0.8,1020.4,5.73,89,0.22,0,9.997,-1
997765200,Humid and Partly Cloudy,0,0,82.2,90.82,77.39,0.85,1016.9,5.62,101,0.44,0,9.997,-1
997851600,Humid,0,0,81.9,88.06,74.37,0.78,1014.7,0.18,180,0.27,0,9.997,-1
997938000,Humid and Mostly Cloudy,0,0,83.13,92.27,77.02,0.82,1016.2,1.37,175,0.6,0,9.681,-1
998024400,Humid,0,0,83.06,91.62,76.44,0.81,1020.3,4.18,139,0.17,0,9.997,-1
998110800,Humid,0,0,82.84,91.06,76.23,0.81,1019.1,5.29,106,0.23,0,9.997,-1
998197200,Humid,0,0,83.51,92.64,76.68,0.8,1016.9,8.6,105,0.29,0,9.997,-1
998283600,Humid and Partly Cloudy,0,0,83.8,93.87,77.41,0.81,1017.4,5.61,103,0.58,0,9.997,-1
998370000,Drizzle and Humid,0.0118,1,79.52,83.8,74.73,0.85,1017.4,6.54,156,0.25,0,9.872,-1
998456400,Partly Cloudy,0,0,78.19,79.46,71.51,0.8,1017.2,3.79,34,0.52,0,9.997,-1
998542800,Humid,0,0,77.13,78.7,73.48,0.89,1016.9,0.39,68,0.16,0,9.997,-1
998629200,Humid,0,0,80.54,84.94,72.73,0.77,1017.1,0.15,-1,0.25,0,9.997,-1
998715600,Humid and Partly Cloudy,0,0,80.46,84.71,72.47,0.77,1016.7,1.23,-1,0.5,0,9.997,-1
998802000,Humid,0,0,81.28,87.12,74.61,0.8,1015.9,0.22,191,0.29,0,9.997,-1
998888400,Humid and Partly Cloudy,0,0,80.9,85.43,72.51,0.76,1016,3.18,20,0.44,0,9.71,-1
998974800,Humid and Partly Cloudy,0,0,81.65,86.93,73.15,0.75,1016.4,1.17,355,0.53,0,9.966,-1
999061200,Humid,0,0,82.67,90.52,75.95,0.8,1017.4,3.79,74,0.2,0,9.997,-1
999147600,Humid,0,0,83.15,91.82,76.49,0.8,1017,4.61,98,0.21,0,9.997,-1
999234000,Humid and Partly Cloudy,0,0,83.06,92.15,77.04,0.82,1017.1,4.36,135,0.58,0,9.997,-1
999320400,Humid and Partly Cloudy,0,0,82.88,90.55,75.51,0.79,1017.7,7.61,111,0.42,0,9.997,-1
999406800,Humid and Partly Cloudy,0,0,82.39,89.04,74.58,0.77,1016.2,4.67,89,0.35,0,9.997,-1
999493200,Humid and Partly Cloudy,0,0,82.66,90.36,75.76,0.8,1015.2,6.12,90,0.35,0,9.997,-1
999579600,Humid and Partly Cloudy,0,0,82.32,89.31,75.15,0.79,1015.2,3.28,109,0.35,0,9.997,-1
999666000,Light Rain and Humid,0.0819,1,81.85,88.7,75.5,0.81,1016.3,4.85,95,0.43,0,9.997,-1
999752400,Humid,0,0,81.94,88.9,75.53,0.81,1017.6,2.25,128,0.2,0,9.997,-1
999838800,Humid and Partly Cloudy,0,0,78.74,82.27,75.24,0.89,1016.2,1.83,296,0.54,0,9.997,-1
999925200,Humid and Partly Cloudy,0,0,78.5,81.6,74.44,0.87,1014.7,3.24,164,0.32,0,9.997,-1
1000011600,Humid and Partly Cloudy,0.0024,0.2,76.89,78.66,74.74,0.93,1014.6,1.92,133,0.56,0,9.997,-1
1000098000,Light Rain and Humid,0.0748,1,74.77,76.52,73.98,0.97,1016.2,4.81,171,0.58,0,9.997,-1
1000184400,Possible Drizzle and Humid,0.0002,0.49,77.05,78.81,74.76,0.93,1016.5,0.13,180,0.6,0,9.997,-1
1000270800,Light Rain and Humid,0.0415,1,76.76,78.4,73.86,0.91,1014.8,3.04,153,0.31,0,9.871,-1
1000357200,Light Rain and Humid,0.0847,1,75.12,76.73,73.09,0.93,1013.1,7.87,130,1,0,6.544,-1
1000443600,Drizzle and Humid,0.0004,1,75.32,76.78,72.16,0.9,1008.2,4.55,168,0.76,0,9.997,-1
1000530000,Humid,0,0,77.05,78.75,74.31,0.91,1006.6,10.39,218,0.27,0,9.997,-1
1000616400,Mostly Cloudy,0,0,74.57,75.55,68.49,0.81,1013.2,8.4,335,0.85,0,9.997,-1
1000702800,Humid,0,0,75.41,76.89,72.36,0.9,1016.6,4.04,19,0.28,0,9.769,-1
1000789200,Possible Drizzle,0.0002,0.49,79.05,82.21,71.99,0.79,1016.7,6.24,90,0.52,0,9.997,-1
1000875600,Humid and Overcast,0,0,79.65,83.32,72.34,0.78,1016.3,2.66,92,0.88,0,9.864,-1
1000962000,Clear,0,0,78.95,81.77,70.7,0.76,1016.8,2,83,0.23,0,9.997,-1
1001048400,Clear,0,0,79.29,82.26,70.52,0.75,1016.1,0.52,103,0.1,0,9.853,-1
1001134800,Humid,0,0,80.54,84.85,72.52,0.77,1015.4,4.9,90,0.29,0,9.997,-1
1001221200,Humid,0,0,80.65,85.2,72.92,0.77,1014.9,4.68,97,0.28,0,9.997,-1
1001307600,Humid and Partly Cloudy,0,0,79.77,84.37,74.9,0.85,1014.7,2.77,113,0.4,0,9.997,-1
1001394000,Humid and Partly Cloudy,0,0,79.94,84.77,75.01,0.85,1014.4,2.31,195,0.32,0,9.997,-1
1001480400,Humid and Partly Cloudy,0,0,78.68,81.82,73.49,0.84,1016,0,-1,0.4,0,9.997,-1
1001566800,Humid,0,0,76.79,78.34,73.27,0.89,1015.5,3.33,59,0.17,0,9.997,-1
1001653200,Humid and Mostly Cloudy,0.0024,0.2,75,76.64,73.29,0.94,1012.5,1.73,333,0.69,0,9.997,-1
1001739600,Rain,0.2843,1,72.5,74,71.52,0.97,1009.7,6.31,49,1,0,5.393,-1
1001826000,Mostly Cloudy,0,0,71.63,72.92,69.9,0.94,1008.6,7.13,317,0.63,0,9.997,-1
1001912400,Mostly Cloudy,0,0,74.31,75.1,66.97,0.78,1012.5,7.29,349,0.69,0,9.997,-1
1001998800,Clear,0,0,71.63,72.07,63.75,0.76,1015.9,8.32,351,0.02,0,9.997,-1
1002085200,Clear,0,0,74.8,75.31,64.72,0.71,1019.7,6.03,48,0.21,0,9.997,-1
1002171600,Drizzle,0.0118,1,78.85,81.73,71.24,0.78,1019.2,10.95,84,0.34,0,9.997,-1
1002258000,Humid and Partly Cloudy,0,0,80.3,84.77,73.29,0.79,1019,7.97,54,0.55,0,9.997,-1
1002344400,Humid,0,0,79.37,83.76,75.61,0.88,1017,4.14,125,0.12,0,9.997,-1
1002430800,Humid,0,0,80.27,85.94,75.77,0.86,1016.1,4.42,185,0.28,0,9.997,-1
1002517200,Humid,0,0,80.76,86.63,75.48,0.84,1017.3,6.75,59,0.26,0,9.925,-1
1002603600,Drizzle and Humid,0.0082,1,80.05,84.52,73.79,0.81,1019.4,19.43,59,0.93,0,9.997,-1
1002690000,Mostly Cloudy,0,0,78.93,79.91,69.14,0.72,1019.9,19.56,71,0.66,0,9.997,-1
1002776400,Drizzle,0.0004,1,78.26,79.12,68.12,0.71,1018.8,16.7,81,0.84,0,9.997,-1
1002862800,Light Rain,0.0513,1,78.52,79.42,68.41,0.71,1016.2,12.17,99,0.79,0,9.997,-1
1002949200,Clear,0,0,76.32,76.99,66.22,0.71,1016.3,7.35,113,0.12,0,9.997,-1
1003035600,Humid and Mostly Cloudy,0,0,79.74,83.78,73.29,0.81,1015.8,9.41,128,0.69,0,9.997,-1
1003122000,Humid and Partly Cloudy,0,0,77.06,78.76,74.37,0.91,1015.5,0.39,36,0.5,0,9.864,-1
1003208400,Partly Cloudy,0,0,79.14,82.33,71.87,0.78,1016.9,7.14,92,0.43,0,9.997,-1
1003294800,Light Rain and Humid,0.073,1,77.18,78.66,72.82,0.86,1016.1,4.87,350,0.45,0,8.864,-1
1003381200,Drizzle and Humid,0.0037,1,76.93,78.4,72.67,0.87,1015,9.99,359,0.92,0,9.772,-1
1003467600,Light Rain and Humid,0.0217,1,78.56,81.64,73.92,0.86,1013.5,10.63,67,0.54,0,9.997,-1
1003554000,Humid and Partly Cloudy,0,0,77.83,79.56,74.75,0.9,1013.6,4.84,56,0.51,0,9.997,-1
1003640400,Humid and Partly Cloudy,0,0,78.66,82.03,74.97,0.88,1015.9,8.37,69,0.42,0,9.997,-1
1003726800,Heavy Rain and Humid,0.4027,1,74.17,75.88,73.5,0.98,1015.4,8.94,59,1,0,4.296,-1
1003813200,Humid and Mostly Cloudy,0.001,0.08,73.76,75.54,73.75,1,1012.8,0,-1,0.62,0,9.966,-1
1003899600,Humid,0,0,78.08,79.75,74.39,0.88,1013.4,1.64,221,0,0,9.925,-1
1003986000,Humid and Partly Cloudy,0,0,76.02,77.87,75,0.97,1016.6,3.23,184,0.56,0,9.997,-1
1004072400,Humid and Partly Cloudy,0,0,76.29,78.03,74.38,0.94,1018.1,1.14,90,0.58,0,9.597,-1
1004158800,Partly Cloudy,0,0,70.62,70.87,62.04,0.74,1019.1,11.94,344,0.56,0,9.997,-1
1004245200,Partly Cloudy,0,0,60.97,60.97,43.34,0.52,1021.3,11.45,339,0.32,0,9.997,-1
1004331600,Overcast,0,0,72.79,72.79,55.13,0.54,1024.1,14.52,58,0.99,0,9.997,-1
1004418000,Overcast,0,0,74.71,74.71,59.28,0.59,1023.3,14.81,60,1,0,9.997,-1
1004504400,Mostly Cloudy,0,0,75.03,75.37,63.18,0.67,1021.3,17.55,63,0.62,0,9.997,-1
1004590800,Mostly Cloudy,0,0,76.82,77.69,68,0.74,1018.5,15.26,74,0.74,0,9.997,-1
1004677200,Light Rain,0.0304,1,75.73,76.96,70.63,0.84,1017.1,15.84,89,1,0,9.481,-1
1004763600,Humid and Mostly Cloudy,0,0,78.65,79.99,72.12,0.8,1016.2,15.37,82,0.87,0,9.997,-1
1004850000,Overcast,0,0,78.23,79.18,68.81,0.73,1014.1,19.93,74,0.9,0,9.997,-1
1004936400,Light Rain,0.0391,1,71.52,72.33,66.51,0.84,1007.3,18.4,66,1,0,9.187,-1
1005022800,Clear,0,0,68.58,69.2,64.36,0.86,1012.6,8.35,310,0.31,0,9.997,-1
1005109200,Overcast,0,0,67.04,67.04,59.24,0.76,1022.1,5.96,350,0.89,0,9.997,-1
1005195600,Partly Cloudy,0,0,65.99,65.99,57.86,0.75,1024,4.26,11,0.54,0,9.997,-1
1005282000,Clear,0,0,65.51,65.72,60.64,0.84,1023.6,2.39,346,0.05,0,9.997,-1
1005368400,Partly Cloudy,0,0,67.43,67.5,59.98,0.77,1023.1,4.63,343,0.48,0,9.997,-1
1005454800,Clear,0,0,65.95,66.34,62.06,0.87,1020.7,1.09,338,0.17,0,9.738,-1
1005541200,Mostly Cloudy,0,0,68.37,68.7,62.22,0.81,1020.4,4.22,356,0.76,0,9.917,-1
1005627600,Drizzle,0.0004,1,69.08,69.53,63.28,0.82,1020.9,7.27,351,0.38,0,9.869,-1
1005714000,Clear,0,0,68.23,69.09,65.89,0.92,1017.3,3.71,329,0.24,0,9.872,-1
1005800400,Clear,0,0,66.47,67.21,64.53,0.93,1013.1,5.56,260,0.14,0,9.997,-1
1005886800,Overcast,0,0,69.18,69.74,64.08,0.84,1013.7,7.08,278,1,0,9.845,-1
1005973200,Partly Cloudy,0,0,68.15,68.82,64.6,0.88,1016.7,7.42,327,0.36,0,9.997,-1
1006059600,Partly Cloudy,0,0,74.03,74.44,63.78,0.7,1019.4,9.94,50,0.4,0,9.997,-1
1006146000,Partly Cloudy,0,0,72.88,73.4,64.55,0.75,1019.9,10.97,80,0.42,0,9.997,-1
1006232400,Partly Cloudy,0,0,69.28,69.99,65.22,0.87,1017.9,3.33,341,0.45,0,9.997,-1
1006318800,Clear,0,0,68.61,69.24,64.48,0.87,1015.4,1.25,320,0.11,0,9.758,-1
1006405200,Clear,0,0,65.22,65.5,61.01,0.86,1017,0.22,0,0,0,9.845,-1
1006491600,Clear,0,0,68.85,69.41,64.01,0.85,1017.6,3.9,94,0.04,0,9.769,-1
1006578000,Mostly Cloudy,0.0012,0.1,73.19,74.11,67.69,0.83,1016.7,4.36,119,0.75,0,9.997,-1
1006664400,Partly Cloudy,0,0,73.14,73.7,64.86,0.75,1018.5,8.12,97,0.48,0,9.997,-1
1006750800,Partly Cloudy,0,0,73.14,73.96,66.96,0.81,1018.4,7.31,102,0.48,0,9.997,-1
1006837200,Clear,0,0,72.68,72.89,61.87,0.69,1018.3,8.68,93,0.27,0,9.997,-1
1006923600,Clear,0,0,70.91,71.38,63.77,0.78,1020.2,8.38,106,0.22,0,9.997,-1
1007010000,Partly Cloudy,0,0,74.17,74.51,63.12,0.68,1020.5,11.27,107,0.41,0,9.997,-1
1007096400,Clear,0,0,71.08,71.52,63.61,0.77,1018.7,7.18,119,0.29,0,9.997,-1
1007182800,Mostly Cloudy,0,0,68.38,68.74,62.39,0.81,1018.4,4.76,345,0.73,0,9.997,-1
1007269200,Drizzle,0.0004,1,71.32,72.42,68.49,0.91,1018.2,4.12,340,0.94,0,9.997,-1
1007355600,Light Rain,0.0197,1,71.32,72.33,67.87,0.89,1018.8,4.28,346,0.88,0,9.997,-1
1007442000,Possible Drizzle,0.0002,0.49,73.96,74.59,65.58,0.75,1020.4,8.16,53,0.49,0,9.997,-1
1007528400,Partly Cloudy,0.0012,0.1,74.16,74.67,64.66,0.72,1021.5,15.66,71,0.34,0,9.997,-1
1007614800,Drizzle,0.0079,1,73.8,74.89,69.14,0.85,1020.5,14.65,59,0.93,0,9.925,-1
1007701200,Drizzle,0.0004,1,74.96,76.27,71.06,0.88,1017.3,9.32,100,0.68,0,9.751,-1
1007787600,Drizzle,0.0004,1,75.16,76.58,71.84,0.89,1016.4,7.16,107,0.49,0,9.913,-1
1007874000,Clear,0,0,73.04,74.34,70.41,0.91,1015.4,5.23,113,0.16,0,9.997,-1
1007960400,Clear,0,0,72.89,74.14,69.98,0.91,1016.6,5.89,96,0.11,0,9.925,-1
1008046800,Clear,0,0,72.59,73.52,67.64,0.84,1018.5,4.02,103,0.31,0,9.997,-1
1008133200,Clear,0,0,73.68,74.78,69.13,0.86,1021.2,8.08,101,0.24,0,9.997,-1
1008219600,Partly Cloudy,0,0,73.45,74.22,66.59,0.79,1020.4,5.91,78,0.42,0,9.997,-1
1008306000,Clear,0,0,75.64,76.98,71.38,0.87,1016.8,11.16,116,0.26,0,9.997,-1
1008392400,Clear,0,0,72.93,74.14,69.72,0.9,1018.5,7.71,116,0.1,0,9.925,-1
1008478800,Partly Cloudy,0,0,74.2,74.9,66.2,0.76,1020.8,9.91,82,0.38,0,9.997,-1
1008565200,Drizzle,0.0004,1,75.21,76.11,67.96,0.78,1019.3,12.22,115,0.65,0,9.997,-1
1008651600,Clear,0,0,68.34,69,64.56,0.88,1014.2,4.05,274,0,0,9.997,-1
1008738000,Partly Cloudy,0,0,67.65,67.83,60.94,0.79,1013.9,1.78,0,0.44,0,9.871,-1
1008824400,Clear,0,0,66.2,66.25,59.61,0.79,1017.6,9.18,302,0,0,9.997,-1
1008910800,Clear,0,0,60.85,60.85,48.06,0.63,1021.9,7.23,345,0,0,9.997,-1
1008997200,Partly Cloudy,0,0,69.51,69.51,52.36,0.54,1023.5,10.67,57,0.39,0,9.997,-1
1009083600,Overcast,0,0,71.23,71.23,56.32,0.59,1021.8,12.13,89,0.88,0,9.997,-1
1009170000,Possible Drizzle,0.0002,0.49,70.85,71.42,64.55,0.8,1017.2,7.31,124,0.54,0,9.997,-1
1009256400,Clear,0,0,68.4,69.12,65.01,0.89,1014.7,5.66,318,0.22,0,9.997,-1
1009342800,Overcast,0,0,66.2,66.41,60.8,0.83,1011.5,10.35,331,1,0,9.997,-1
1009429200,Partly Cloudy,0,0,53.37,53.37,38.8,0.58,1019.5,7.25,340,0.38,0,9.997,-1
1009515600,Mostly Cloudy,0,0,60.62,60.62,51.95,0.73,1018.3,0.17,246,0.66,0,9.997,-1
1009602000,Clear,0,0,64.57,64.8,60.53,0.87,1016.3,6.81,150,0.1,0,9.997,-1
1009688400,Clear,0,0,65.03,65.71,63.66,0.95,1017.1,3.34,281,0.18,0,9.782,-1
1009774800,Clear,0,0,65.86,66.34,62.61,0.89,1017,0.13,-1,0.19,0,9.845,-1
1009861200,Partly Cloudy,0,0,63.88,64.33,61.75,0.93,1015.3,10.86,324,0.39,0,8.95,-1
1009947600,Partly Cloudy,0,0,66.51,66.51,58.03,0.74,1017.3,7.02,84,0.41,0,9.925,-1
1010034000,Mostly Cloudy,0,0,66.51,67.28,64.73,0.94,1013,6.41,213,0.79,0,9.997,-1
1010120400,Mostly Cloudy,0,0,48.55,43.69,42.44,0.79,1022.3,11.68,337,0.82,0,9.997,-1
1010206800,Clear,0,0,45.9,42.72,35.14,0.66,1026.4,6.11,345,0.05,0,9.997,-1
1010293200,Overcast,0,0,68.61,68.61,57.39,0.67,1019.4,9.78,152,0.9,0,9.997,-1
1010379600,Overcast,0,0,64.76,65.37,63.1,0.94,1015.5,6.22,232,0.99,0,9.72,-1
1010466000,Partly Cloudy,0,0,51.37,51.37,43,0.73,1022.4,10.46,342,0.56,0,9.997,-1
1010552400,Clear,0,0,46.45,42.83,36.55,0.68,1024.8,7.16,336,0,0,9.997,-1
1010638800,Clear,0,0,50.98,50.98,35.01,0.54,1025.1,5.64,341,0,0,9.997,-1
1010725200,Clear,0,0,58.42,58.42,55.08,0.89,1022.1,0.25,49,0.14,0,9.852,-1
1010811600,Clear,0,0,61.5,61.51,58.06,0.88,1020.1,3.22,311,0.07,0,9.8,-1
1010898000,Partly Cloudy,0,0,61.99,61.99,58.07,0.87,1016.1,5.25,176,0.35,0,9.997,-1
1010984400,Clear,0,0,66.34,66.91,63.37,0.9,1017.9,4.19,105,0.21,0,9.925,-1
1011070800,Partly Cloudy,0,0,72.25,73.68,70.96,0.96,1016.6,8.95,167,0.34,0,9.615,-1
1011157200,Partly Cloudy,0,0,66.06,66.65,63.38,0.91,1020.5,7.23,5,0.44,0,9.72,-1
1011243600,Clear,0,0,69.79,70.72,66.86,0.9,1021,7.71,100,0.06,0,9.997,-1
1011330000,Clear,0,0,70.02,71.14,68.17,0.94,1020.5,2.23,164,0.31,0,9.853,-1
1011416400,Partly Cloudy,0,0,69.33,70.01,64.96,0.86,1019.9,3.81,30,0.39,0,8.533,-1
1011502800,Clear,0,0,68.11,69.27,67.78,0.99,1018.2,4.8,187,0,0,9.997,-1
1011589200,Clear,0,0,70.42,71.74,69.6,0.97,1019.9,4.45,129,0,0,9.616,-1
1011675600,Clear,0,0,71.51,72.93,70.64,0.97,1022.5,0.05,90,0.12,0,9.872,-1
1011762000,Clear,0,0,73.41,74.41,68.35,0.84,1024,11.71,104,0.13,0,9.997,-1
1011848400,Clear,0,0,73.42,74.26,67.11,0.81,1022.1,12.9,124,0.18,0,9.997,-1
1011934800,Clear,0,0,66.75,67.66,65.72,0.96,1017.9,1.81,144,0,0,9.997,-1
1012021200,Clear,0,0,68.66,69.25,64.2,0.86,1020.3,3.16,226,0.05,0,9.997,-1
1012107600,Clear,0,0,69.57,70.77,68.61,0.97,1021.7,1.78,137,0,0,9.736,-1
1012194000,Clear,0,0,69.98,71.01,67.59,0.92,1022,5.05,88,0.05,0,9.762,-1
1012280400,Clear,0,0,69.38,70.25,66.35,0.9,1020.8,3.9,95,0.11,0,9.997,-1
1012366800,Possible Drizzle,0.0096,0.63,73.91,75.12,70.04,0.88,1021.3,9.14,88,0.5,0,9.828,-1
1012453200,Partly Cloudy,0,0,74.82,75.89,69.2,0.83,1021.9,9.65,105,0.32,0,9.997,-1
1012539600,Mostly Cloudy,0,0,72.86,74.06,69.64,0.9,1020.7,6.11,90,0.61,0,9.849,-1
1012626000,Mostly Cloudy,0,0,71.41,72.69,69.77,0.95,1021.1,2.89,132,0.71,0,9.967,-1
1012712400,Mostly Cloudy,0,0,72.95,74.21,70.06,0.91,1020.9,2.34,295,0.64,0,9.48,-1
1012798800,Clear,0,0,71.49,72.33,66.72,0.85,1019.9,6.37,286,0.05,0,9.872,-1
1012885200,Clear,0,0,62.32,62.32,49.45,0.63,1021.3,6.5,340,0,0,9.997,-1
1012971600,Partly Cloudy,0,0,68.58,68.58,58.3,0.7,1022.8,12.36,94,0.39,0,9.997,-1
1013058000,Clear,0,0,72.9,73.26,63.23,0.72,1019.4,9.85,143,0.27,0,9.997,-1
1013144400,Overcast,0,0,69.81,70.58,65.76,0.87,1018,11.1,322,0.89,0,9.997,-1
1013230800,Clear,0,0,69.18,69.4,61.55,0.77,1020.5,10.29,93,0.21,0,9.997,-1
1013317200,Light Rain,0.0794,0.96,72.11,73.34,69.63,0.92,1021.3,3.85,107,1,0,8.162,-1
1013403600,Drizzle,0.0091,0.85,70.06,71.37,69.47,0.98,1021.1,8.25,334,0.88,0,9.997,-1
1013490000,Clear,0,0,66.54,66.79,61.18,0.83,1021,5.53,345,0.1,0,9.935,-1
1013576400,Clear,0,0,70.46,71.48,67.7,0.91,1018.7,3.74,173,0.12,0,9.997,-1
1013662800,Overcast,0,0,70.47,70.97,64,0.8,1019,5.43,7,0.98,0,9.966,-1
1013749200,Partly Cloudy,0,0,64.35,64.46,59.56,0.84,1021.3,7.44,359,0.59,0,9.997,-1
1013835600,Partly Cloudy,0,0,70.62,71.68,68,0.91,1018.7,1.48,112,0.41,0,9.997,-1
1013922000,Clear,0,0,63.54,63.79,60.32,0.89,1016.7,4.6,319,0.17,0,9.75,-1
1014008400,Clear,0,0,57.74,57.74,47.31,0.68,1019.5,4.52,348,0,0,9.997,-1
1014094800,Mostly Cloudy,0,0,65.55,65.55,50.85,0.59,1023.9,13.13,61,0.62,0,9.997,-1
1014181200,Mostly Cloudy,0,0,70.66,70.66,55.46,0.59,1022.2,15.64,117,0.87,0,9.997,-1
1014267600,Partly Cloudy,0,0,72.42,72.84,63.72,0.74,1019.3,7.26,145,0.47,0,9.997,-1
1014354000,Partly Cloudy,0,0,70.9,71.75,66.66,0.86,1016.1,5.02,162,0.32,0,9.997,-1
1014440400,Partly Cloudy,0,0,68.06,68.83,65.22,0.91,1011.4,5.79,40,0.45,0,9.997,-1
1014526800,Overcast,0,0,57.78,57.78,54.46,0.89,1015.6,15.66,301,0.89,0,9.997,-1
1014613200,Clear,0,0,58.84,58.84,53.87,0.84,1021.8,5.85,343,0.06,0,9.818,-1
1014699600,Clear,0,0,66.16,66.16,57.12,0.73,1019.8,1.53,88,0.21,0,9.997,-1
1014786000,Partly Cloudy,0,0,67.6,67.89,61.73,0.81,1017,5.56,266,0.4,0,9.782,-1
1014872400,Clear,0,0,52.44,52.44,38.81,0.6,1021.7,10.84,330,0,0,9.997,-1
1014958800,Overcast,0,0,62.47,62.47,55.45,0.78,1022.9,8.69,81,0.96,0,9.997,-1
1015045200,Overcast,0,0,71.66,72.08,63.5,0.75,1020.5,17.51,112,1,0,9.997,-1
1015131600,Clear,0,0,73.94,75.15,70.03,0.88,1017.7,13.65,161,0.11,0,9.997,-1
1015218000,Clear,0,0,75.02,76.45,71.86,0.9,1017.7,9.39,170,0.21,0,9.997,-1
1015304400,Overcast,0,0,53.81,53.81,41.43,0.63,1025.4,8.9,339,1,0,9.997,-1
1015390800,Overcast,0,0,68.2,68.2,55.65,0.64,1026.2,14.66,61,1,0,9.997,-1
1015477200,Mostly Cloudy,0,0,69.83,70.3,63.61,0.81,1022.1,10.55,64,0.76,0,9.997,-1
1015563600,Mostly Cloudy,0,0,69.42,70.1,65.02,0.86,1020.9,5.05,107,0.81,0,9.997,-1
1015650000,Clear,0,0,71.92,72.64,65.93,0.81,1021.7,5.49,54,0.13,0,9.997,-1
1015736400,Clear,0,0,71.05,71.82,66.12,0.84,1023.3,3.28,305,0.15,0,9.871,-1
1015822800,Mostly Cloudy,0.0005,0.2,70.53,71.3,65.95,0.85,1021.7,6.19,27,0.87,0,9.967,-1
1015909200,Partly Cloudy,0,0,73.81,74.33,64.68,0.73,1019.3,10.11,97,0.32,0,9.997,-1
1015995600,Clear,0,0,71.39,72.39,67.82,0.89,1016.3,5.1,201,0.13,0,9.997,-1
1016082000,Clear,0,0,71.28,72.12,66.68,0.85,1016.5,5.77,280,0.13,0,9.864,-1
1016168400,Clear,0,0,74.12,75.12,68.52,0.83,1018.5,1.83,141,0.01,0,9.997,-1
1016254800,Clear,0,0,74.73,75.55,67.26,0.78,1020.5,5.78,118,0.28,0,9.997,-1
1016341200,Clear,0,0,72.61,72.78,61.55,0.68,1020.1,9.88,100,0,0,9.997,-1
1016427600,Clear,0,0,74.64,75.54,67.89,0.8,1021,7.4,85,0.27,0,9.997,-1
1016514000,Clear,0,0,73.74,74.05,62.89,0.69,1019.7,8.46,105,0,0,9.997,-1
1016600400,Clear,0,0,74.86,75.52,65.97,0.74,1018.7,12.5,104,0.27,0,9.997,-1
1016686800,Clear,0,0,72.79,73.51,66.15,0.8,1018,3.1,147,0.01,0,9.997,-1
1016773200,Clear,0,0,74,74.53,64.76,0.73,1015.6,7.17,282,0,0,9.997,-1
1016859600,Clear,0,0,68.05,68.3,61.57,0.8,1018.6,6.88,15,0.21,0,9.967,-1
1016946000,Partly Cloudy,0,0,72.95,72.95,60.07,0.64,1019.4,8.87,95,0.35,0,9.997,-1
1017032400,Partly Cloudy,0,0,75.15,75.91,66.89,0.76,1018.5,9.84,100,0.38,0,9.997,-1
1017118800,Clear,0,0,76.23,77.44,70.59,0.83,1018.7,9.18,93,0.12,0,9.997,-1
1017205200,Clear,0,0,71.96,72.97,68.04,0.87,1017.4,3.61,345,0.17,0,9.871,-1
1017291600,Clear,0,0,73.85,74.8,68.08,0.82,1015.3,8.65,306,0.26,0,9.997,-1
1017378000,Clear,0,0,74.12,74.79,65.95,0.76,1015.6,4.62,85,0.04,0,9.997,-1
1017464400,Clear,0,0,75.63,76.54,68.11,0.78,1017.8,8.15,122,0.1,0,9.997,-1
1017550800,Clear,0,0,74.68,75.35,66.08,0.75,1017.3,9.65,117,0.08,0,9.997,-1
1017637200,Clear,0,0,74.29,75.32,68.73,0.83,1015.5,1.54,155,0.11,0,9.997,-1
1017723600,Mostly Cloudy,0,0,73.96,75.03,68.98,0.84,1015.4,3.25,205,0.77,0,9.997,-1
1017810000,Clear,0,0,74.84,75.83,68.62,0.81,1017.7,1.76,129,0.15,0,9.997,-1
1017896400,Clear,0,0,69.86,70.73,66.45,0.89,1018.6,4.73,289,0.2,0,9.997,-1
1017982800,Clear,0,0,75.08,75.81,66.6,0.75,1018.7,3.68,200,0.1,0,9.997,-1
1018069200,Partly Cloudy,0,0,72.12,72.46,62.91,0.73,1016.7,6.84,352,0.55,0,9.938,-1
1018155600,Clear,0,0,70.85,70.85,53.15,0.54,1019.6,8.66,38,0.15,0,9.997,-1
1018242000,Partly Cloudy,0,0,73.19,73.33,61.27,0.66,1021.8,18.99,91,0.59,0,9.997,-1
1018328400,Clear,0,0,73.67,73.75,60.8,0.64,1023.4,15.24,111,0.24,0,9.997,-1
1018414800,Drizzle,0.0148,0.68,73.35,74.07,66.24,0.78,1023.2,9.67,119,0.97,0,9.86,-1
1018501200,Clear,0,0,73.08,73.34,62.36,0.69,1022.5,8.36,111,0.09,0,9.997,-1
1018587600,Clear,0,0,72.74,73.12,63.31,0.72,1020.8,7.49,111,0.1,0,9.997,-1
1018674000,Partly Cloudy,0,0,73.44,73.71,62.49,0.69,1019.7,11.1,109,0.44,0,9.997,-1
1018760400,Mostly Cloudy,0,0,75.4,76.1,66.36,0.74,1018.7,9.62,113,0.64,0,9.997,-1
1018846800,Clear,0,0,72.65,73.55,67.44,0.84,1018.7,7.31,95,0.1,0,9.997,-1
1018933200,Clear,0,0,75.64,76.63,68.81,0.79,1019.7,8.54,102,0.1,0,9.997,-1
1019019600,Clear,0,0,75.8,76.7,68.01,0.77,1021.3,11.36,89,0.19,0,9.997,-1
1019106000,Partly Cloudy,0,0,76.53,77.24,66.55,0.71,1020.8,10.79,91,0.32,0,9.997,-1
1019192400,Clear,0,0,75.66,76.32,66.06,0.72,1019.6,6.67,84,0.08,0,9.997,-1
1019278800,Clear,0,0,74.41,74.94,64.9,0.72,1018.6,8.09,88,0.03,0,9.997,-1
1019365200,Clear,0,0,74.17,74.85,66.06,0.76,1016.5,5.9,113,0,0,9.997,-1
1019451600,Clear,0,0,75.37,76.21,67.53,0.77,1017.1,3.58,167,0.22,0,9.997,-1
1019538000,Clear,0,0,75.72,76.8,69.48,0.81,1017.1,4.98,183,0,0,9.997,-1
1019624400,Clear,0,0,77.61,78.9,71.51,0.82,1017.1,3.14,176,0.03,0,9.876,-1
1019710800,Clear,0,0,78.51,79.49,69.05,0.73,1018.8,13.81,92,0.24,0,9.997,-1
1019797200,Clear,0,0,74.82,75.44,65.61,0.73,1020,7.79,114,0,0,9.997,-1
1019883600,Clear,0,0,76.28,76.68,63.78,0.65,1021.1,8.03,105,0,0,9.997,-1
1019970000,Partly Cloudy,0,0,76.71,77.4,66.42,0.71,1021.4,11.4,96,0.35,0,9.997,-1
1020056400,Partly Cloudy,0,0,73.94,74.69,66.61,0.78,1018.6,4.1,246,0.32,0,9.782,-1
1020142800,Clear,0,0,75.8,76.72,68.27,0.78,1016.1,7.54,221,0.31,0,9.997,-1
1020229200,Clear,0,0,77.11,77.95,67.76,0.73,1017,4.59,222,0,0,9.997,-1
1020315600,Clear,0,0,78.66,79.87,71.03,0.77,1016.7,4.69,193,0,0,9.997,-1
1020402000,Clear,0,0,77.51,78.79,71.43,0.82,1017.1,4.28,130,0,0,9.997,-1
1020488400,Clear,0,0,77.9,79.21,71.68,0.81,1018.4,6.21,95,0,0,9.997,-1
1020574800,Clear,0,0,79.24,82.26,70.82,0.75,1020.6,8.73,105,0.18,0,9.997,-1
1020661200,Clear,0,0,79.66,82.77,70.39,0.73,1021.9,9.75,81,0.28,0,9.997,-1
1020747600,Clear,0,0,79.18,81.79,69.08,0.71,1021.5,9.68,89,0.12,0,9.997,-1
1020834000,Clear,0,0,78.99,81.85,70.77,0.76,1019.5,8.8,92,0.1,0,9.997,-1
1020920400,Clear,0,0,77.04,77.65,65.78,0.68,1019.1,9.86,90,0.14,0,9.872,-1
1021006800,Clear,0,0,76.92,77.48,65.27,0.67,1020.1,9.51,98,0.1,0,9.997,-1
1021093200,Partly Cloudy,0,0,78.94,79.67,66.93,0.67,1021.7,13.67,97,0.47,0,9.997,-1
1021179600,Drizzle,0.004,0.8,78.99,79.95,68.96,0.71,1022.8,16.16,92,0.39,0,9.997,-1
1021266000,Clear,0,0,78.88,79.73,68.04,0.69,1020.7,10.97,110,0.28,0,9.997,-1
1021352400,Clear,0,0,77.49,78.67,70.62,0.79,1015.5,4.45,202,0.08,0,9.997,-1
1021438800,Mostly Cloudy,0,0,77.37,78.62,71.17,0.81,1015.5,3.62,222,0.71,0,9.997,-1
1021525200,Drizzle and Humid,0.0098,0.93,78.29,79.78,73.17,0.84,1019.5,8.38,86,0.73,0,9.997,-1
1021611600,Clear,0,0,79.86,83.5,71.81,0.76,1019.3,5.58,110,0.15,0,9.997,-1
1021698000,Clear,0,0,79.75,83.1,71.06,0.75,1015.2,6.3,116,0.07,0,9.997,-1
1021784400,Humid,0,0,78.54,81.52,73.34,0.84,1013.3,5.12,198,0.31,0,9.814,-1
1021870800,Light Rain,0.0307,1,71.88,73.04,69.07,0.91,1013.5,6.15,306,1,0,8.107,-1
1021957200,Mostly Cloudy,0,0,74.05,75.19,69.52,0.86,1015.2,7.19,5,0.87,0,9.997,-1
1022043600,Clear,0,0,73.36,74.35,68.28,0.84,1015.4,9.32,354,0.16,0,9.967,-1
1022130000,Clear,0,0,76.2,76.72,64.85,0.68,1016.1,8.39,45,0.25,0,9.997,-1
1022216400,Partly Cloudy,0,0,76.18,76.75,65.32,0.69,1017.3,15.16,64,0.44,0,9.997,-1
1022302800,Clear,0,0,75.07,75.19,61.17,0.62,1017.5,14.09,77,0.31,0,9.997,-1
1022389200,Overcast,0,0,77.05,77.59,65.11,0.67,1016.2,11.58,92,0.89,0,9.997,-1
1022475600,Partly Cloudy,0,0,77.94,79.26,71.79,0.81,1014.2,9.55,82,0.32,0,9.997,-1
1022562000,Partly Cloudy,0,0,77.83,78.92,69.95,0.77,1012.2,15.12,81,0.52,0,9.997,-1
1022648400,Clear,0,0,75.01,75.61,65.51,0.72,1011.7,3.6,42,0.02,0,9.997,-1
1022734800,Humid and Partly Cloudy,0,0,78.99,82.38,73.3,0.83,1010.2,5.15,154,0.36,0,9.872,-1
1022821200,Humid and Partly Cloudy,0,0,79.21,82.76,73.11,0.82,1009.4,6.72,124,0.54,0,9.997,-1
1022907600,Humid,0,0,75.77,77.22,72.22,0.89,1010.5,7.33,120,0.03,0,9.997,-1
1022994000,Humid,0,0,78.96,82.29,73.12,0.82,1012,4.37,56,0.18,0,9.871,-1
1023080400,Clear,0,0,78.99,81.91,71.04,0.77,1013.3,1.16,107,0.28,0,9.997,-1
1023166800,Humid and Partly Cloudy,0,0,80.25,84.58,73.05,0.79,1015,4.31,104,0.52,0,9.997,-1
1023253200,Clear,0,0,80.65,84.78,71.91,0.75,1015.4,10.16,93,0.11,0,9.997,-1
1023339600,Humid,0,0,79.59,83.23,72.42,0.79,1014.1,6.32,96,0.11,0,9.997,-1
1023426000,Humid and Partly Cloudy,0,0,78.99,82.14,72.2,0.8,1013.7,3.5,150,0.46,0,9.782,-1
1023512400,Humid and Partly Cloudy,0,0,76.29,77.86,73.28,0.9,1015.4,3.41,42,0.52,0,9.3,-1
1023598800,Humid and Mostly Cloudy,0,0,78.44,79.92,73.14,0.84,1016,5.76,37,0.66,0,9.814,-1
1023685200,Clear,0,0,79.73,83.23,71.59,0.76,1013.4,8.52,70,0.27,0,9.997,-1
1023771600,Drizzle,0.0083,0.82,77.35,78.66,71.64,0.83,1013.2,7.82,108,0.52,0,9.673,-1
1023858000,Humid and Mostly Cloudy,0,0,76.7,78.34,73.84,0.91,1012.4,4.27,156,0.7,0,9.997,-1
1023944400,Humid and Partly Cloudy,0,0,77.95,79.58,74.13,0.88,1013.9,4.9,184,0.35,0,9.997,-1
1024030800,Humid and Mostly Cloudy,0,0,78.38,81.39,75.06,0.9,1012.4,11.16,228,0.85,0,9.997,-1
1024117200,Drizzle,0.0122,1,73.73,75.18,71.62,0.93,1014.2,5.7,286,0.74,0,9.997,-1
1024203600,Partly Cloudy,0,0,73.88,75.35,71.78,0.93,1014.6,5.05,233,0.33,0,9.852,-1
1024290000,Humid and Partly Cloudy,0,0,79.35,83.45,74.71,0.86,1015.9,4.29,184,0.42,0,9.853,-1
1024376400,Humid and Partly Cloudy,0,0,79.13,82.8,73.91,0.84,1015.1,5.27,91,0.34,0,9.782,-1
1024462800,Drizzle,0.0103,1,75.67,77.06,71.79,0.88,1018.1,6.16,95,0.75,0,9.997,-1
1024549200,Humid and Mostly Cloudy,0,0,78.61,81.6,73.06,0.83,1019.4,4.62,96,0.73,0,9.997,-1
1024635600,Rain,0.1344,1,72.41,73.69,69.99,0.92,1019.5,8.75,172,0.98,0,4.508,-1
1024722000,Possible Light Rain and Humid,0.0316,0.51,79.96,84.7,74.76,0.84,1016.9,6.36,126,0.94,0,9.553,-1
1024808400,Light Rain and Humid,0.0356,0.86,79.21,83.28,75.11,0.87,1019.2,8.49,130,0.84,0,9.702,-1
1024894800,Clear,0,0,75.77,77.09,71.34,0.86,1019.6,2.69,97,0.29,0,9.997,-1
1024981200,Possible Drizzle and Humid,0.0032,0.47,75.07,76.52,72.05,0.9,1019.7,6.47,110,0.75,0,9.997,-1
1025067600,Humid and Partly Cloudy,0,0,77.26,78.85,73.63,0.89,1020.3,2.72,84,0.34,0,9.997,-1
1025154000,Humid and Partly Cloudy,0,0,77.73,79.39,74.26,0.89,1019.9,2.92,94,0.42,0,9.997,-1
1025240400,Humid,0,0,79.34,83.26,74.09,0.84,1018.7,0.44,81,0.05,0,9.925,-1
1025326800,Humid and Partly Cloudy,0,0,80.74,85.84,73.97,0.8,1020,2.96,104,0.54,0,9.997,-1
1025413200,Humid and Partly Cloudy,0,0,81.34,86.75,73.73,0.78,1020.2,7.82,110,0.47,0,9.997,-1
1025499600,Humid and Partly Cloudy,0,0,78.85,82.12,73.31,0.83,1019.8,5.76,84,0.52,0,9.997,-1
1025586000,Possible Drizzle and Humid,0.0036,0.31,73.67,75.36,73.2,0.98,1019.1,1.19,180,0.25,0,8.474,-1
1025672400,Humid,0,0,78.02,79.48,72.85,0.84,1017.7,1.82,150,0.21,0,9.997,-1
1025758800,Humid,0,0,80.19,84.79,73.86,0.81,1017.1,0.22,250,0.28,0,9.181,-1
1025845200,Humid and Partly Cloudy,0,0,78.45,81.49,74.52,0.88,1016.8,0.25,0,0.33,0,3.633,-1
1025931600,Clear,0,0,78.61,79.92,71.84,0.8,1016.7,3.51,220,0.01,0,9.876,-1
1026018000,Humid and Partly Cloudy,0,0,79.39,82.9,72.41,0.79,1016.8,5.08,86,0.5,0,9.967,-1
1026104400,Light Rain and Humid,0.0865,0.97,77.79,79.18,72.24,0.83,1018.4,10.36,125,0.78,0,7.231,-1
1026190800,Humid and Partly Cloudy,0,0,80.08,84.73,74.19,0.82,1019.5,8.6,92,0.42,0,9.997,-1
1026277200,Possible Drizzle and Humid,0.0059,0.63,76.04,77.56,72.81,0.9,1019.2,1.51,103,0.37,0,9.872,-1
1026363600,Humid,0,0,76.99,78.52,73.18,0.88,1018.1,0.18,90,0.1,0,9.872,-1
1026450000,Humid,0,0,77.45,79.12,74.25,0.9,1016.4,0.39,180,0.07,0,9.997,-1
1026536400,Humid,0,0,74.15,75.66,72.13,0.93,1015.4,2.96,118,0.11,0,9.997,-1
1026622800,Humid and Partly Cloudy,0,0,80.74,86.46,75.25,0.83,1017.9,5.3,199,0.39,0,9.997,-1
1026709200,Humid and Partly Cloudy,0,0,82.38,90.23,76.25,0.82,1018.9,4.27,189,0.47,0,9.997,-1
1026795600,Humid,0,0,82.31,89.12,74.9,0.78,1019.4,5.66,122,0.09,0,9.997,-1
1026882000,Humid,0,0,81.75,87.86,74.44,0.79,1019.5,0.83,171,0.2,0,9.997,-1
1026968400,Humid,0,0,79.51,83.89,75.04,0.86,1017,0.6,180,0.08,0,9.872,-1
1027054800,Humid,0,0,80.69,86.27,75.06,0.83,1017.1,4.5,180,0.25,0,9.997,-1
1027141200,Humid,0,0,82.55,88.56,73.49,0.74,1018.2,1.23,210,0.02,0,9.997,-1
1027227600,Humid,0,0,83.22,89.51,73.41,0.72,1019.1,5.48,130,0.17,0,9.997,-1
1027314000,Partly Cloudy,0,0,83.26,88.5,71.81,0.68,1018.3,8.49,152,0.51,0,9.997,-1
1027400400,Humid,0,0,82.63,89.18,74.25,0.76,1019.5,9.73,110,0.14,0,9.997,-1
1027486800,Humid,0,0,82.47,89.07,74.45,0.77,1020.1,8.15,81,0.25,0,9.997,-1
1027573200,Drizzle and Humid,0.0101,1,82.72,91.05,76.49,0.82,1020,7.53,106,0.57,0,9.997,-1
1027659600,Humid,0,0,80.81,87.64,76.66,0.87,1020.6,1.2,67,0.2,0,9.997,-1
1027746000,Humid and Partly Cloudy,0,0,82.11,88.97,75.2,0.8,1021,6.44,82,0.34,0,9.997,-1
1027832400,Humid,0,0,83,90.98,75.79,0.79,1020.3,8.25,113,0.27,0,9.997,-1
1027918800,Humid and Partly Cloudy,0,0,82.6,89.27,74.43,0.76,1020.1,8.85,100,0.34,0,9.997,-1
1028005200,Humid and Partly Cloudy,0,0,83.44,92.49,76.66,0.8,1020.1,8.18,79,0.53,0,9.997,-1
1028091600,Humid,0,0,83.16,91.5,76.08,0.79,1020,3.93,91,0.28,0,9.997,-1
1028178000,Humid,0,0,80.39,86.56,76.27,0.87,1016.2,4.62,229,0.05,0,9.997,-1
1028264400,Clear,0,0,80.63,84.24,70.6,0.72,1013.8,5.21,247,0.31,0,9.997,-1
1028350800,Humid,0,0,80.6,85.78,74.4,0.81,1014.8,0.41,189,0.29,0,9.997,-1
1028437200,Humid,0,0,81.41,86.95,73.89,0.78,1018,2.39,114,0.01,0,9.997,-1
1028523600,Humid,0,0,81.53,87.45,74.41,0.79,1018.4,5.44,12,0.2,0,9.997,-1
1028610000,Humid,0,0,81.69,87.79,74.52,0.79,1014.8,1.44,131,0,0,9.997,-1
1028696400,Humid and Partly Cloudy,0,0,78.41,81.36,74.07,0.87,1012.5,4.04,238,0.4,0,9.997,-1
1028782800,Clear,0,0,75.27,76.46,70.18,0.84,1013.7,5.37,329,0.07,0,9.469,-1
1028869200,Possible Drizzle and Humid,0.0027,0.54,79.94,84,72.9,0.79,1016.1,7.6,71,0.6,0,9.138,-1
1028955600,Clear,0,0,81.32,85.54,71.36,0.72,1016.3,10.35,72,0.31,0,9.997,-1
1029042000,Humid and Partly Cloudy,0,0,79.77,84.05,73.95,0.82,1016.7,5.18,102,0.43,0,9.997,-1
1029128400,Humid,0,0,77.19,78.85,74.1,0.9,1018,0.44,259,0.1,0,9.871,-1
1029214800,Humid,0,0,82.77,90.04,75.1,0.78,1019.4,4.89,108,0.23,0,9.997,-1
1029301200,Possible Drizzle and Humid,0.013,0.48,81.81,87.54,73.76,0.77,1019.1,5.49,96,0.65,0,9.753,-1
1029387600,Humid and Partly Cloudy,0,0,81.49,88.85,76.68,0.85,1019.4,5.46,76,0.5,0,9.997,-1
1029474000,Humid,0,0,83.04,89.96,74.4,0.75,1020.7,11.03,94,0.23,0,9.997,-1
1029560400,Humid and Partly Cloudy,0,0,81.09,87.44,75.78,0.84,1021.4,4.26,103,0.36,0,9.997,-1
1029646800,Humid and Partly Cloudy,0,0,81.13,86.99,74.84,0.81,1019.9,6.74,105,0.48,0,9.913,-1
1029733200,Humid,0,0,81.09,86.06,73.23,0.77,1017.3,6.51,88,0.08,0,9.997,-1
1029819600,Humid and Partly Cloudy,0,0,81.42,86.39,72.81,0.75,1016.8,4.41,115,0.37,0,9.872,-1
1029906000,Humid and Partly Cloudy,0,0,79.94,84.3,73.77,0.82,1018.2,6.69,121,0.33,0,9.997,-1
1029992400,Humid,0,0,80.43,84.89,73.03,0.78,1020.6,8.7,96,0.16,0,9.852,-1
1030078800,Humid,0,0,81.4,87.3,74.54,0.8,1019.2,4.09,62,0.08,0,9.997,-1
1030165200,Humid,0,0,81.51,87.19,74,0.78,1016.5,5.8,91,0.19,0,9.966,-1
1030251600,Clear,0,0,80.66,84.51,71.21,0.73,1015.9,2.24,108,0.22,0,9.864,-1
1030338000,Humid,0,0,79.98,84.08,72.95,0.79,1015.6,4.15,214,0.25,0,9.997,-1
1030424400,Humid,0,0,79.65,83.95,74.35,0.84,1015.5,2.02,118,0.07,0,9.849,-1
1030510800,Humid,0,0,78.71,82.11,74.79,0.88,1016.2,0.28,157,0.17,0,9.925,-1
1030597200,Humid and Partly Cloudy,0,0,78.91,82.58,74.98,0.88,1014.5,1.26,99,0.4,0,9.997,-1
1030683600,Humid,0,0,81.15,86.97,74.75,0.81,1013.3,6.45,109,0.3,0,9.997,-1
1030770000,Humid and Partly Cloudy,0,0,82.06,88.39,74.45,0.78,1016.2,5.44,95,0.38,0,9.997,-1
1030856400,Humid,0,0,80.85,86.6,75.08,0.83,1016.4,1.73,77,0.18,0,9.997,-1
1030942800,Humid,0,0,82.63,90.2,75.64,0.8,1014.9,4.72,142,0.24,0,9.997,-1
1031029200,Humid,0,0,81.39,88.08,75.86,0.83,1014.2,1.83,326,0.21,0,9.997,-1
1031115600,Humid,0,0,80.62,87.34,76.67,0.88,1014.6,0.47,238,0.14,0,9.997,-1
1031202000,Humid,0,0,80.93,86.86,75.31,0.83,1014.8,4.25,178,0.29,0,9.997,-1
1031288400,Humid and Partly Cloudy,0,0,78.84,82.32,74.4,0.86,1013.8,2.93,162,0.57,0,9.997,-1
1031374800,Humid and Partly Cloudy,0,0,81.12,86.61,74.18,0.8,1014.4,7.46,52,0.37,0,9.78,-1
1031461200,Humid and Partly Cloudy,0,0,81.06,86.22,73.64,0.78,1014.9,8.81,69,0.47,0,9.861,-1
1031547600,Humid,0,0,79.36,83.28,74.04,0.84,1014.3,2,99,0.29,0,9.997,-1
1031634000,Humid,0,0,80.57,85.9,74.76,0.83,1012.4,3.52,254,0.16,0,9.925,-1
1031720400,Light Rain and Humid,0.0232,1,76.04,77.59,73.04,0.9,1014.4,8.76,274,0.92,0,9.925,-1
1031806800,Possible Drizzle,0.0043,0.62,72.33,73.4,68.62,0.88,1013.5,4.31,49,0.74,0,9.997,-1
1031893200,Humid,0,0,82.33,91.59,77.89,0.86,1014.8,8.58,116,0.28,0,9.997,-1
1031979600,Possible Drizzle and Humid,0.0027,0.44,81.76,89.82,77.17,0.86,1017.2,6.97,88,0.72,0,9.925,-1
1032066000,Humid and Partly Cloudy,0,0,82.67,91.32,76.93,0.83,1018.4,8.53,91,0.34,0,9.997,-1
1032152400,Humid,0,0,81.78,88.26,75.02,0.8,1017.5,6.49,82,0.22,0,9.997,-1
1032238800,Humid,0,0,81.08,86.31,73.72,0.78,1015.7,5.41,47,0.09,0,9.997,-1
1032325200,Humid,0,0,82.12,90.23,76.91,0.84,1013.9,7.39,82,0.07,0,9.997,-1
1032411600,Humid and Partly Cloudy,0,0,81.84,90.4,77.6,0.87,1012.8,8.44,114,0.44,0,9.997,-1
1032498000,Drizzle and Humid,0.0044,0.72,82.52,91.06,76.95,0.83,1012.2,9.95,128,0.41,0,9.997,-1
