946702800,Clear,0,0,64.64,64.67,59.1,0.82,1021.5,2.8,83,0.01,0,6.769,-1
946789200,Clear,0,0,68.12,68.47,62.33,0.82,1023.1,5.04,88,0.03,0,9.997,-1
946875600,Partly Cloudy,0,0,64.92,65.34,61.92,0.9,1022.2,5.78,81,0.42,0,9.997,-1
946962000,Mostly Cloudy,0,0,73.22,74.42,69.78,0.89,1020.2,10.24,125,0.82,0,9.997,-1
947048400,Partly Cloudy,0,0,71.08,72.03,67.43,0.88,1019.9,1.1,196,0.42,0,9.997,-1
947134800,Drizzle,0.0004,0.95,72.15,72.9,66.23,0.82,1022.2,13.99,79,0.96,0,9.997,-1
947221200,Clear,0,0,71.97,72.73,66.29,0.82,1023.9,8.96,116,0.23,0,9.997,-1
947307600,Clear,0,0,70.21,70.78,64.37,0.82,1023.1,3.33,143,0.14,0,9.997,-1
947394000,Clear,0,0,68.96,69.4,63.13,0.82,1021.4,2.73,119,0.3,0,9.997,-1
947480400,Clear,0,0,69.28,70.15,66.27,0.9,1019.3,4.02,172,0,0,9.997,-1
947566800,Clear,0,0,68.67,69.54,66.09,0.91,1020,4.17,216,0,0,9.997,-1
947653200,Clear,0,0,67.25,67.53,61.57,0.82,1022.4,0.16,-1,0,0,9.997,-1
947739600,Clear,0,0,64.05,64.09,59.04,0.84,1023.4,0,-1,0,0,9.997,-1
947826000,Drizzle,0.0086,0.73,65.7,66.36,63.76,0.93,1023.5,1.01,274,0,0,9.997,-1
947912400,Overcast,0,0,64.42,64.42,45.14,0.5,1031.6,20.21,43,1,0,9.997,-1
947998800,Drizzle,0.0004,1,64.86,64.86,49.5,0.58,1031.8,14.46,66,0.98,0,9.997,-1
948085200,Clear,0,0,59.48,59.48,52.61,0.78,1027.3,5.52,349,0.07,0,9.997,-1
948171600,Clear,0,0,59.38,59.38,48.87,0.68,1024.1,2.85,283,0,0,9.997,-1
948258000,Clear,0,0,60.48,60.48,55.44,0.83,1019.9,7.37,280,0,0,9.997,-1
948344400,Clear,0,0,62.77,63.11,60.67,0.93,1016.5,7.35,250,0,0,9.997,-1
948430800,Clear,0,0,60.33,60.33,50.16,0.69,1014.9,12.6,316,0,0,9.997,-1
948517200,Clear,0,0,53.19,53.19,44.6,0.73,1020.2,6.63,359,0,0,9.997,-1
948603600,Clear,0,0,61.66,61.66,53.56,0.75,1020.1,2.75,150,0.15,0,9.997,-1
948690000,Partly Cloudy,0,0,68.52,68.93,62.82,0.82,1014,6.33,143,0.41,0,9.997,-1
948776400,Clear,0,0,52.52,52.52,44.6,0.74,1011,11.47,300,0,0,9.997,-1
948862800,Clear,0,0,54.41,54.41,46.87,0.76,1013.8,3.85,297,0,0,9.997,-1
948949200,Clear,0,0,47.69,43.78,35.79,0.63,1021.9,8.41,331,0,0,9.997,-1
949035600,Mostly Cloudy,0,0,54.96,54.96,45.04,0.69,1024.1,5.84,347,0.83,0,9.997,-1
949122000,Drizzle,0.0004,1,69.12,69.22,60.52,0.74,1024,12.37,121,0.3,0,9.997,-1
949208400,Clear,0,0,70.54,70.87,62.61,0.76,1023.2,8.26,132,0.18,0,9.997,-1
949294800,Clear,0,0,65.7,65.95,60.98,0.85,1021.1,0.06,180,0,0,9.997,-1
949381200,Clear,0,0,62.77,62.88,59.1,0.88,1020.4,5.97,342,0.23,0,9.997,-1
949467600,Mostly Cloudy,0,0,64.7,64.7,58.83,0.81,1021.4,5.52,359,0.8,0,9.997,-1
949554000,Overcast,0,0,69.99,70.19,61.47,0.74,1021.6,8.11,79,1,0,9.997,-1
949640400,Overcast,0,0,67.98,68.91,66.23,0.94,1017.4,4.43,272,0.98,0,9.997,-1
949726800,Clear,0,0,60.94,60.94,51.77,0.72,1019.3,7.49,311,0,0,9.997,-1
949813200,Clear,0,0,52.52,52.52,42.8,0.69,1026.6,6.92,327,0,0,9.997,-1
949899600,Clear,0,0,58.26,58.26,49.94,0.74,1026.7,1.19,72,0.06,0,9.997,-1
949986000,Clear,0,0,65.13,65.13,56.47,0.74,1024.5,4.87,137,0.15,0,9.997,-1
950072400,Drizzle,0.0029,1,57.57,57.67,57.22,0.99,1021.2,9.83,333,1,0,2.532,-1
950158800,Clear,0,0,53.86,53.86,43,0.67,1019.7,7.61,313,0,0,9.997,-1
950245200,Clear,0,0,57.92,57.92,48.04,0.7,1019.8,3.36,280,0,0,9.997,-1
950331600,Clear,0,0,59.86,59.86,54.9,0.84,1020.9,3.38,232,0,0,4.97,-1
950418000,Clear,0,0,66.46,66.85,62.15,0.86,1021.3,3.32,168,0.3,0,9.647,-1
950504400,Clear,0,0,71.74,72.09,62.95,0.74,1019.6,9.36,146,0,0,9.997,-1
950590800,Clear,0,0,74.32,75.48,69.81,0.86,1017.2,11.46,208,0.06,0,9.997,-1
950677200,Clear,0,0,66.72,67.14,62.43,0.86,1022.9,4.06,314,0.11,0,9.997,-1
950763600,Clear,0,0,63.34,63.34,57.31,0.81,1023.1,3.86,77,0,0,9.997,-1
950850000,Partly Cloudy,0,0,71.66,71.76,60.85,0.69,1023.2,8.32,90,0.41,0,-1,-1
950936400,Clear,0,0,71.97,72.98,68.07,0.88,1022.7,7.3,122,0.27,0,9.997,-1
951022800,Partly Cloudy,0,0,69.95,70.78,66.23,0.88,1024.1,4.58,299,0.39,0,9.997,-1
951109200,Drizzle,0.0004,1,69.11,69.79,64.93,0.87,1023.1,10.29,341,1,0,9.997,-1
951195600,Clear,0,0,63.42,63.42,53.65,0.7,1023.5,10.25,340,0.01,0,9.997,-1
951282000,Clear,0,0,69.94,69.94,52.97,0.55,1024.5,13.26,71,0.28,0,9.997,-1
951368400,Mostly Cloudy,0,0,68.35,68.35,55.43,0.63,1024.3,12.79,68,0.85,0,9.997,-1
951454800,Drizzle,0.0012,1,69.62,69.9,62.04,0.77,1022,14.48,76,0.75,0,9.997,-1
951541200,Drizzle,0.0004,1,69.98,70.42,63.4,0.8,1022.2,14.56,73,0.25,0,9.997,-1
951627600,Mostly Cloudy,0,0,72.37,72.87,64.34,0.76,1023.5,10.5,113,0.63,0,9.997,-1
951714000,Clear,0,0,66.02,66.24,60.86,0.83,1021.3,2.78,180,0.23,0,9.997,-1
951800400,Drizzle,0.0004,1,70.58,71.22,65.04,0.83,1021.2,2.75,0,0.96,0,9.997,-1
951886800,Clear,0,0,68.41,68.41,58.24,0.7,1022.3,1.05,103,0,0,9.997,-1
951973200,Clear,0,0,69.59,69.64,60.22,0.72,1021.2,5.92,224,0.26,0,9.997,-1
952059600,Partly Cloudy,0,0,66.64,67.04,62.29,0.86,1017.9,6.58,258,0.5,0,9.997,-1
952146000,Clear,0,0,67.35,67.77,62.61,0.85,1015.4,6.39,240,0.28,0,9.997,-1
952232400,Clear,0,0,69.34,69.73,62.91,0.8,1015.1,8.19,240,0,0,9.997,-1
952318800,Clear,0,0,66.26,66.26,58.25,0.75,1017.8,8.99,296,0,0,9.997,-1
952405200,Overcast,0,0,71.51,71.51,57.82,0.62,1021.8,5.63,55,0.93,0,9.997,-1
952491600,Clear,0,0,71.66,71.66,54.94,0.56,1021.7,9.28,90,0.16,0,9.997,-1
952578000,Clear,0,0,70.46,70.46,59.69,0.69,1020.2,7.79,111,0.01,0,9.997,-1
952664400,Clear,0,0,70.48,70.6,60.92,0.72,1020.6,6.24,128,0.01,0,9.997,-1
952750800,Clear,0,0,73.1,73.46,63.25,0.71,1018.8,9.05,134,0.17,0,9.997,-1
952837200,Clear,0,0,71.08,72.22,68.69,0.92,1018.3,3.29,190,0.21,0,8.726,-1
952923600,Clear,0,0,71.97,72.54,64.8,0.78,1019.8,9.54,56,0.25,0,9.997,-1
953010000,Clear,0,0,69.84,69.84,56.02,0.62,1020.6,9.09,51,0.14,0,9.997,-1
953096400,Overcast,0,0,73.23,73.53,62.81,0.7,1020.4,15.58,78,1,0,9.997,-1
953182800,Mostly Cloudy,0,0,75.21,76.13,68.12,0.79,1019.2,16,126,0.72,0,9.997,-1
953269200,Clear,0,0,73.05,74.02,68.07,0.84,1018.9,5.34,163,0.04,0,9.997,-1
953355600,Clear,0,0,73.23,73.75,64.61,0.74,1018.1,4.94,268,0.26,0,9.997,-1
953442000,Light Rain,0.0238,1,70.76,71.43,65.25,0.83,1018,14.58,44,0.88,0,9.997,-1
953528400,Partly Cloudy,0,0,73.05,73.81,66.46,0.8,1015.2,10.98,125,0.34,0,9.997,-1
953614800,Clear,0,0,73.22,73.81,65.17,0.76,1016.3,4.95,309,0.01,0,9.997,-1
953701200,Clear,0,0,73.49,74.47,68.19,0.84,1018.8,1.9,245,0.11,0,9.997,-1
953787600,Possible Drizzle,0.0002,0.6,73.43,73.96,64.69,0.74,1017.2,12.36,46,0.85,0,9.997,-1
953874000,Drizzle,0.0118,1,66.64,67.05,62.39,0.86,1016.9,6.38,352,0.5,0,9.997,-1
953960400,Partly Cloudy,0,0,66.95,66.97,59.56,0.77,1019.3,4.96,357,0.38,0,9.997,-1
954046800,Clear,0,0,67.12,67.12,54.58,0.64,1019.3,0.06,149,0,0,9.997,-1
954133200,Clear,0,0,69.44,69.52,60.48,0.73,1013.2,4.71,226,0.01,0,9.997,-1
954219600,Drizzle,0.0004,1,75.03,75.55,64.79,0.7,1007.4,7.81,242,0.59,0,9.997,-1
954306000,Clear,0,0,71.47,72.27,66.46,0.84,1012.2,3.39,206,0,0,9.997,-1
954392400,Clear,0,0,73.86,74.83,68.23,0.83,1015.4,5.45,178,0,0,9.997,-1
954478800,Mostly Cloudy,0,0,77.16,78.25,69.85,0.78,1015,3.41,228,0.85,0,9.997,-1
954565200,Clear,0,0,75.34,76.6,70.7,0.86,1015.9,9.88,330,0.15,0,9.997,-1
954651600,Clear,0,0,74.92,75.31,63.61,0.68,1020.5,15.06,90,0.24,0,9.997,-1
954738000,Clear,0,0,71.75,71.75,59.57,0.65,1020.5,11.29,106,0.29,0,9.997,-1
954824400,Partly Cloudy,0,0,74.38,74.63,62.38,0.66,1018.5,3.12,177,0.48,0,9.997,-1
954910800,Clear,0,0,66.86,67.07,60.96,0.81,1015.9,12.26,318,0.28,0,9.997,-1
954997200,Clear,0,0,62.03,62.03,51.87,0.69,1021.2,7.96,358,0,0,9.997,-1
955083600,Overcast,0,0,69.97,69.97,55.4,0.6,1019.4,4.48,38,0.99,0,9.997,-1
955170000,Clear,0,0,73.69,74.64,68.07,0.83,1017.1,4.78,139,0.26,0,9.997,-1
955256400,Clear,0,0,69.98,70.81,66.21,0.88,1016.8,7.19,264,0,0,9.997,-1
955342800,Overcast,0,0,68.04,68.04,51.99,0.56,1022.8,10.05,56,0.88,0,9.997,-1
955429200,Overcast,0,0,71.62,71.62,54.05,0.54,1023.3,13.84,111,0.88,0,9.997,-1
955515600,Drizzle,0.0004,1,73.53,74.36,67.1,0.8,1022.3,12.52,105,0.99,0,9.997,-1
955602000,Partly Cloudy,0,0,74.84,76.11,70.68,0.87,1020.7,3.7,178,0.5,0,9.997,-1
955688400,Clear,0,0,73.78,74.92,69.47,0.86,1017.5,8.83,131,0.15,0,9.997,-1
955774800,Drizzle,0.0004,1,70.19,71.31,68.28,0.94,1016.2,1.9,173,0.49,0,9.997,-1
955861200,Drizzle,0.0004,1,73.68,74.89,69.96,0.88,1018.8,0.03,180,0.99,0,9.997,-1
955947600,Partly Cloudy,0,0,73.06,74.21,69.31,0.88,1018.4,4.55,231,0.5,0,9.997,-1
956034000,Clear,0,0,69.84,70.06,61.7,0.75,1015.5,5.93,270,0,0,9.997,-1
956120400,Clear,0,0,66.3,66.3,57.56,0.73,1013.8,11.28,300,0,0,9.997,-1
956206800,Clear,0,0,69.88,70.2,62.47,0.77,1017.1,0,-1,0,0,9.997,-1
956293200,Clear,0,0,71.61,72.17,64.7,0.79,1017.1,3.24,158,0,0,9.997,-1
956379600,Clear,0,0,72.45,73.08,65.35,0.78,1012.2,6.57,231,0.09,0,9.997,-1
956466000,Clear,0,0,65.86,65.86,57.46,0.74,1011.9,10.02,289,0,0,9.997,-1
956552400,Clear,0,0,67.91,68.42,63.41,0.86,1013,0.42,220,0,0,9.997,-1
956638800,Humid,0,0,78.81,82.25,74.38,0.86,1012.9,6.93,189,0.3,0,9.997,-1
956725200,Clear,0,0,75.03,75.95,68.14,0.79,1014.2,10.17,291,0,0,9.997,-1
956811600,Mostly Cloudy,0,0,70.22,70.41,61.48,0.74,1016.7,5.64,296,0.81,0,9.997,-1
956898000,Clear,0,0,70.21,70.21,55.5,0.6,1017.4,7.99,290,0.2,0,9.997,-1
956984400,Clear,0,0,69.44,69.75,62.3,0.78,1016.6,8.03,281,0,0,9.997,-1
957070800,Clear,0,0,71.79,72.55,66.22,0.83,1017.2,9.19,286,0,0,9.997,-1
957157200,Partly Cloudy,0,0,73.22,73.22,57.09,0.57,1020,12.66,62,0.48,0,9.997,-1
957243600,Partly Cloudy,0,0,72.1,72.1,57.25,0.6,1018.9,8.34,84,0.43,0,9.997,-1
957330000,Overcast,0,0,75.36,75.83,64.4,0.69,1018.4,12.44,98,0.89,0,9.997,-1
957416400,Clear,0,0,73.39,73.44,60.46,0.64,1019.2,8.56,92,0.12,0,9.997,-1
957502800,Partly Cloudy,0,0,74.84,75.28,64.11,0.69,1019.9,9.24,90,0.51,0,9.997,-1
957589200,Drizzle,0.0086,0.73,73.67,73.98,62.86,0.69,1020.2,7.85,88,0.28,0,9.997,-1
957675600,Mostly Cloudy,0,0,75.53,75.97,64.14,0.68,1019.4,12.47,94,0.62,0,9.997,-1
957762000,Overcast,0,0,75.61,76.2,65.44,0.71,1018.2,9.24,100,0.99,0,9.997,-1
957848400,Mostly Cloudy,0,0,75.74,76.72,68.71,0.79,1016.6,10.74,118,0.86,0,9.997,-1
957934800,Clear,0,0,75.61,76.5,67.97,0.77,1016,6.86,161,0.15,0,9.997,-1
958021200,Clear,0,0,76.32,77.43,69.89,0.81,1016.7,3.87,181,0,0,9.997,-1
958107600,Clear,0,0,77.01,78.26,70.99,0.82,1016.8,0,-1,0.21,0,9.997,-1
958194000,Clear,0,0,76.32,77.29,68.71,0.77,1015.9,0.21,200,0.15,0,9.997,-1
958280400,Clear,0,0,76.93,77.88,68.62,0.76,1016.1,0,-1,0.14,0,9.997,-1
958366800,Clear,0,0,77.02,78.11,69.81,0.78,1016.9,4.81,183,0.28,0,9.997,-1
958453200,Clear,0,0,73.72,74.93,69.95,0.88,1015.7,5.09,84,0.02,0,9.997,-1
958539600,Clear,0,0,77.37,78.41,69.4,0.76,1017.6,7.99,59,0.15,0,9.997,-1
958626000,Clear,0,0,77.04,77.55,64.9,0.66,1021.1,14.91,79,0.31,0,9.997,-1
958712400,Clear,0,0,76.35,76.78,64.12,0.66,1021.7,10.83,88,0.14,0,9.997,-1
958798800,Partly Cloudy,0,0,74.94,75.11,61.7,0.63,1019.8,5.5,97,0.55,0,9.997,-1
958885200,Clear,0,0,74.94,75.31,63.48,0.68,1018.5,5.79,146,0.25,0,9.997,-1
958971600,Clear,0,0,75.54,76.3,66.87,0.75,1016.9,7.77,134,0,0,9.997,-1
959058000,Partly Cloudy,0,0,75.81,76.87,69.37,0.8,1015.7,5.45,225,0.44,0,9.997,-1
959144400,Clear,0,0,75.24,76.63,71.61,0.89,1015.2,6.12,267,0,0,9.997,-1
959230800,Humid,0,0,77.72,79.15,72.57,0.84,1014.9,4.69,269,0,0,9.997,-1
959317200,Humid,0,0,79.6,84.04,74.93,0.86,1016,3.21,180,0.29,0,9.997,-1
959403600,Humid,0,0,80.3,85.27,74.48,0.82,1017.7,0,-1,0,0,9.997,-1
959490000,Humid,0,0,79.02,82.41,73.19,0.82,1016.7,5.78,156,0.02,0,9.997,-1
959576400,Clear,0,0,78.84,81.71,71.28,0.78,1013.7,4.72,250,0,0,9.997,-1
959662800,Humid,0,0,78.92,82.02,72.16,0.8,1012.2,7.35,264,0.02,0,9.997,-1
959749200,Rain and Humid,0.1187,1,75.71,77.32,73.32,0.92,1015.3,12.73,70,1,0,6.685,-1
959835600,Drizzle,0.0004,1,79.23,82.47,71.85,0.78,1018.3,8.99,77,0.86,0,9.997,-1
959922000,Humid and Partly Cloudy,0,0,79.63,83.54,73.2,0.81,1020,7.92,94,0.41,0,9.997,-1
960008400,Humid,0,0,77.68,79.11,72.57,0.84,1019.2,0.16,359,0.21,0,9.997,-1
960094800,Humid,0,0,78.44,81.45,74.41,0.87,1018.2,1.22,288,0.05,0,9.997,-1
960181200,Humid and Mostly Cloudy,0,0,76.98,78.51,73.14,0.88,1017.2,3.9,324,0.65,0,9.997,-1
960267600,Humid,0,0,80.22,85.41,75.19,0.85,1017.3,5.66,175,0.06,0,9.997,-1
960354000,Humid,0,0,76.45,78.04,73.39,0.9,1017.4,0,-1,0.14,0,9.997,-1
960440400,Humid and Mostly Cloudy,0,0,74.43,75.97,72.46,0.94,1018.1,4.7,6,0.63,0,9.997,-1
960526800,Possible Drizzle,0.0033,0.28,73.72,75.21,71.89,0.94,1018.3,4.61,6,0.16,0,7.961,-1
960613200,Clear,0,0,78.82,79.6,67.44,0.68,1018.8,12.13,90,0.14,0,9.997,-1
960699600,Drizzle,0.0004,1,75.61,76.78,70.17,0.83,1018.2,6.94,119,0.3,0,9.997,-1
960786000,Humid,0,0,76.98,78.52,73.19,0.88,1019.9,2.86,93,0.02,0,9.997,-1
960872400,Humid and Partly Cloudy,0,0,79.63,83.57,73.28,0.81,1020.1,6.18,109,0.32,0,9.997,-1
960958800,Drizzle and Humid,0.0003,0.74,80.91,86.2,74.11,0.8,1019.9,9.35,118,0.48,0,9.997,-1
961045200,Humid and Mostly Cloudy,0,0,80.37,84.6,72.57,0.77,1019.5,9.32,110,0.62,0,9.997,-1
961131600,Humid,0,0,80.92,85.74,73.1,0.77,1016.4,10.6,128,0.19,0,9.997,-1
961218000,Humid and Partly Cloudy,0,0,81.65,87.54,74.19,0.78,1018.7,11.62,119,0.34,0,9.997,-1
961304400,Humid,0,0,81.59,87.18,73.77,0.77,1021.3,10.61,106,0.18,0,9.997,-1
961390800,Light Rain and Humid,0.0197,1,78.43,79.92,73.2,0.84,1021.7,8.84,129,0.49,0,9.997,-1
961477200,Clear,0,0,78.93,81.98,71.84,0.79,1021.8,2.32,118,0.02,0,9.997,-1
961563600,Humid,0,0,76.92,78.44,73.05,0.88,1019.8,3.66,325,0.19,0,9.997,-1
961650000,Humid and Partly Cloudy,0,0,79.16,82.52,72.56,0.8,1018.2,5.05,150,0.44,0,9.997,-1
961736400,Clear,0,0,80.21,84.07,71.86,0.76,1018.5,1.37,144,0,0,9.997,-1
961822800,Clear,0,0,79.61,83,71.46,0.76,1018.3,4.64,164,0.29,0,9.997,-1
961909200,Rain,0.3899,0.97,74.17,75.63,71.8,0.92,1019.1,0.48,82,0.26,0,9.997,-1
961995600,Humid and Partly Cloudy,0,0,78.82,82.24,74.31,0.86,1018.5,4.97,92,0.4,0,9.997,-1
962082000,Drizzle and Humid,0.0007,1,77.63,79.14,73.19,0.86,1018.2,4.32,85,0.6,0,9.997,-1
962168400,Possible Drizzle and Humid,0.012,0.6,78.73,82.33,75.77,0.91,1019.5,4.07,83,0.22,0,9.997,-1
962254800,Humid,0,0,78.98,82.35,73.2,0.82,1019.6,0,-1,0.06,0,9.997,-1
962341200,Humid,0,0,80.55,85.69,74.41,0.82,1017.5,1.22,190,0.12,0,9.997,-1
962427600,Humid,0,0,78.43,81.42,74.27,0.87,1016.9,0,-1,0.06,0,9.997,-1
962514000,Humid,0,0,75.71,77.38,73.71,0.94,1015.8,5.27,224,0.03,0,9.997,-1
962600400,Humid,0,0,76.32,78.05,74.31,0.94,1016.8,1.73,357,0.05,0,9.314,-1
962686800,Humid and Partly Cloudy,0,0,78.31,79.88,73.79,0.86,1018.1,6.58,105,0.44,0,9.997,-1
962773200,Drizzle and Humid,0.0004,1,79.61,83.72,73.87,0.83,1017.3,4.97,39,0.1,0,6.243,-1
962859600,Light Rain and Humid,0.0306,0.97,80.21,84.12,72,0.76,1015.1,2.13,167,0.04,0,9.997,-1
962946000,Humid,0,0,80.21,84.76,73.7,0.81,1014.2,3.58,217,0.07,0,9.997,-1
963032400,Drizzle and Humid,0.0004,1,79.46,83.47,73.98,0.83,1016.3,2.41,0,0.68,0,9.997,-1
963118800,Clear,0,0,77.72,79.06,71.9,0.82,1018.3,0.06,0,0.02,0,9.997,-1
963205200,Humid and Mostly Cloudy,0,0,77.93,79.87,76.2,0.94,1017.9,0,-1,0.83,0,7.399,-1
963291600,Humid and Partly Cloudy,0,0,79.53,84.12,75.58,0.88,1017.2,1.93,270,0.42,0,9.997,-1
963378000,Humid,0,0,80.29,85.54,75.19,0.85,1016.7,3.8,185,0,0,9.997,-1
963464400,Humid,0,0,79.81,84.78,75.73,0.87,1017.5,1.96,247,0,0,9.997,-1
963550800,Humid,0,0,79.63,84.14,75,0.86,1016.3,1.34,215,0,0,9.997,-1
963637200,Humid and Partly Cloudy,0,0,78.84,82.2,73.87,0.85,1014.2,4.69,204,0.45,0,9.997,-1
963723600,Humid,0,0,80.3,85.51,75.05,0.84,1013.4,4.69,236,0.05,0,9.997,-1
963810000,Humid,0,0,78.93,82.29,73.39,0.83,1017,4,203,0.06,0,9.997,-1
963896400,Humid,0,0,78.82,82.26,74.36,0.86,1018.1,4.66,223,0,0,9.997,-1
963982800,Humid,0,0,78.45,81.39,73.84,0.86,1017.4,3.99,221,0.01,0,9.997,-1
964069200,Drizzle and Humid,0.0004,1,79.65,84.12,74.88,0.85,1016.9,4.62,221,0.53,0,9.997,-1
964155600,Clear,0,0,77.15,78.51,71.95,0.84,1016,0.31,270,0.05,0,9.997,-1
964242000,Drizzle and Humid,0.0003,0.74,79.59,83.54,73.41,0.81,1016.6,5.91,104,0.83,0,9.997,-1
964328400,Drizzle and Humid,0.0019,1,80.25,85.26,74.71,0.83,1018.7,0.47,90,0.19,0,9.997,-1
964414800,Humid,0,0,79.44,83.01,72.51,0.79,1017.6,3.1,2,0.18,0,9.997,-1
964501200,Humid,0,0,77.54,79.05,73.11,0.86,1015.3,3.33,17,0.29,0,9.997,-1
964587600,Humid,0,0,80.98,86.34,74.13,0.8,1016.1,7.88,97,0.02,0,9.997,-1
964674000,Humid,0,0,76.9,78.44,73.15,0.88,1017.2,2.33,10,0.01,0,9.997,-1
964760400,Humid,0,0,78.94,82.83,75.78,0.9,1015.9,0.05,78,0.22,0,9.997,-1
964846800,Drizzle and Humid,0.0004,1,80.81,85.68,73.37,0.78,1015.4,5.69,126,0.08,0,9.997,-1
964933200,Drizzle and Humid,0.0004,1,80.72,85.38,73.06,0.78,1016.1,8.41,184,0.83,0,9.997,-1
965019600,Drizzle and Humid,0.0003,0.73,82.47,89.46,75.01,0.78,1017.8,11.05,126,0.32,0,9.997,-1
965106000,Humid,0,0,81.53,87.13,73.84,0.78,1018.6,7.22,136,0.03,0,9.997,-1
965192400,Drizzle and Humid,0.0004,1,77.97,79.68,74.7,0.9,1018.4,0,-1,0.07,0,9.997,-1
965278800,Possible Drizzle and Humid,0.0033,0.28,75.24,77.08,74.71,0.98,1017.8,3.55,16,0.07,0,9.997,-1
965365200,Humid,0,0,80.79,86.35,74.85,0.82,1018.9,6.68,108,0.29,0,9.997,-1
965451600,Humid,0,0,82.14,88.54,74.48,0.78,1018.9,4.85,118,0.03,0,9.997,-1
965538000,Humid,0,0,79.16,82.65,73.11,0.82,1017.7,5.59,134,0.03,0,9.997,-1
965624400,Humid,0,0,82.85,90.1,75,0.77,1019.7,12.91,132,0.27,0,9.997,-1
965710800,Humid,0,0,83.38,90.86,74.85,0.76,1019.8,10.63,91,0.02,0,9.997,-1
965797200,Drizzle and Humid,0.0004,1,80.63,85.8,74.33,0.81,1017.8,4.86,51,0.09,0,9.997,-1
965883600,Humid,0,0,80.82,86.41,74.85,0.82,1016.5,0,-1,0.15,0,9.997,-1
965970000,Humid,0,0,80.14,84.39,73.05,0.79,1015.9,0.22,276,0.04,0,9.997,-1
966056400,Humid and Partly Cloudy,0,0,81.03,85.43,72.08,0.74,1016.4,6.83,229,0.4,0,9.997,-1
966142800,Partly Cloudy,0,0,77.03,78.22,70.59,0.81,1016.3,5.8,244,0.45,0,9.997,-1
966229200,Humid,0,0,80.74,86.36,75.05,0.83,1017.3,4.38,255,0.02,0,9.997,-1
966315600,Humid and Partly Cloudy,0,0,77.99,79.58,73.84,0.87,1020.7,0,-1,0.49,0,9.997,-1
966402000,Humid,0,0,79.03,82.76,74.59,0.86,1019.4,1.6,91,0.16,0,9.484,-1
966488400,Clear,0,0,79.02,81.87,70.61,0.76,1017.3,5.76,53,0.01,0,9.948,-1
966574800,Humid,0,0,80.29,84.97,73.84,0.81,1016.9,4.43,89,0.21,0,9.997,-1
966661200,Humid,0,0,80.16,85.08,74.7,0.84,1018,0,-1,0.3,0,9.997,-1
966747600,Humid,0,0,78.9,82.46,74.48,0.86,1018.3,3.89,291,0.29,0,9.997,-1
966834000,Humid and Partly Cloudy,0,0,80.9,86.57,74.85,0.82,1017.4,3.82,138,0.44,0,9.997,-1
966920400,Humid,0,0,81.53,87.92,75.18,0.81,1018.8,6.75,93,0.29,0,9.997,-1
967006800,Humid,0,0,82.47,89.61,75.22,0.79,1019.2,10.26,80,0.24,0,9.997,-1
967093200,Humid,0,0,82.74,90.67,75.97,0.8,1019.9,7.71,81,0.15,0,9.997,-1
967179600,Humid,0,0,82.74,90.06,75.18,0.78,1017.8,10.96,107,0.1,0,9.997,-1
967266000,Light Rain and Humid,0.0255,1,77.09,78.6,72.97,0.87,1016,15.42,131,0.84,0,9.997,-1
967352400,Light Rain and Humid,0.0727,0.74,76.22,77.86,73.7,0.92,1015.8,1.03,145,0.29,0,9.997,-1
967438800,Drizzle and Humid,0.0087,0.74,78.85,82.05,72.99,0.82,1014.6,3.6,109,0.82,0,9.997,-1
967525200,Humid,0,0,76.36,78.19,75.02,0.96,1013.4,6.93,222,0,0,9.997,-1
967611600,Humid,0,0,78.31,79.73,72.61,0.83,1011.3,3.36,221,0.01,0,9.997,-1
967698000,Humid,0,0,80.19,84.98,74.31,0.82,1012.8,8.27,193,0.07,0,9.997,-1
967784400,Drizzle and Humid,0.0003,0.74,76.22,77.95,74.28,0.94,1016.5,0,-1,0.14,0,9.997,-1
967870800,Humid,0,0,81.51,87.89,75.19,0.81,1016,0.08,104,0.01,0,9.997,-1
967957200,Humid,0,0,82.13,89.29,75.6,0.81,1013.8,0.39,102,0.08,0,9.997,-1
968043600,Humid and Partly Cloudy,0,0,82.23,88.45,74.12,0.77,1012.9,2.3,134,0.45,0,9.997,-1
968130000,Humid and Partly Cloudy,0,0,82.11,89.24,75.58,0.81,1012.6,0.46,121,0.39,0,9.997,-1
968216400,Drizzle and Humid,0.0004,0.97,82.66,90.73,76.24,0.81,1012.5,6.86,137,0.36,0,9.997,-1
968302800,Drizzle and Humid,0.0087,0.74,77.25,79.32,76.88,0.99,1015.7,3.15,93,0.22,0,9.997,-1
968389200,Humid,0,0,78.85,82.46,75,0.88,1014.8,2.27,352,0.27,0,9.997,-1
968475600,Humid,0,0,78.13,79.99,75.82,0.93,1013.3,3.28,310,0.2,0,9.997,-1
968562000,Humid,0,0,79.52,84.16,75.76,0.88,1013.6,0.55,0,0.24,0,9.997,-1
968648400,Drizzle and Humid,0.0004,1,79.71,84.33,75.08,0.86,1014.8,10.37,62,0.95,0,9.997,-1
968734800,Drizzle and Humid,0.0004,1,81.36,86.84,73.84,0.78,1014.4,8.93,80,0.63,0,9.997,-1
968821200,Humid and Mostly Cloudy,0,0,80.91,86.61,74.89,0.82,1013.8,0.24,20,0.86,0,9.997,-1
968907600,Humid and Partly Cloudy,0,0,79.61,83.84,74.24,0.84,1014.4,0.36,288,0.47,0,9.997,-1
968994000,Overcast,0,0,78.91,81.89,71.59,0.78,1013.4,0.18,270,0.99,0,9.997,-1
969080400,Humid,0,0,76.32,78.07,74.43,0.94,1011.9,0.16,-1,0.04,0,9.997,-1
969166800,Light Rain and Humid,0.0561,0.95,82.88,90.03,74.84,0.77,1012.8,12.85,93,0.91,0,9.997,-1
969253200,Humid and Partly Cloudy,0,0,73.73,75.34,72.67,0.97,1014.2,0.31,126,0.41,0,9.997,-1
969339600,Humid,0,0,78.42,79.97,73.59,0.85,1016.2,4.24,139,0.07,0,9.997,-1
969426000,Drizzle and Humid,0.0004,1,80.55,86.15,75.36,0.84,1016.5,9.91,112,0.44,0,9.997,-1
969512400,Humid,0,0,81.5,88.56,76.29,0.84,1015.1,5.05,109,0.03,0,9.997,-1
969598800,Light Rain and Humid,0.03,0.95,81.61,89.63,77.25,0.87,1015.8,10.7,107,0.49,0,9.997,-1
969685200,Humid and Partly Cloudy,0,0,83.39,93.36,77.67,0.83,1016.4,8.58,108,0.47,0,9.997,-1
969771600,Humid,0,0,80.73,86,74.35,0.81,1015,6.1,99,0.06,0,9.997,-1
969858000,Humid,0,0,80.73,85.79,73.92,0.8,1013.4,6.2,99,0.09,0,9.997,-1
969944400,Humid,0,0,81.47,87.01,73.83,0.78,1013.9,0,-1,0.01,0,9.997,-1
970030800,Humid,0,0,80.15,85.6,75.61,0.86,1014.6,0.09,158,0.01,0,9.997,-1
970117200,Humid,0,0,79.93,84.71,74.88,0.85,1012.9,4.53,86,0.12,0,9.997,-1
970203600,Drizzle,0.0004,1,80.81,84.63,70.94,0.72,1011.1,13.75,47,0.62,0,9.997,-1
970290000,Light Rain and Humid,0.0698,1,78.95,82.52,74.25,0.86,1010.4,7.62,75,0.93,0,7.788,-1
970376400,Humid and Mostly Cloudy,0,0,77.04,78.83,75.01,0.93,1010.1,4.7,340,0.8,0,9.997,-1
970462800,Humid,0,0,78.99,82.48,73.73,0.84,1012.2,5.62,357,0.12,0,9.997,-1
970549200,Rain and Humid,0.1072,1,75.22,76.91,73.75,0.95,1013.7,4.17,34,1,0,8.083,-1
970635600,Rain and Humid,0.2098,1,73.73,75.45,73.37,0.99,1015.3,6.56,180,1,0,4.408,-1
970722000,Humid,0,0,77.7,79.56,75.64,0.93,1015.7,0,-1,0.02,0,9.997,-1
970808400,Humid,0,0,78.87,81.94,72.25,0.8,1016.2,0,-1,0.29,0,9.997,-1
970894800,Drizzle and Humid,0.0113,1,75.63,77.34,74,0.95,1016.8,0.18,256,0.93,0,9.997,-1
970981200,Rain and Humid,0.1103,1,78.94,82.65,74.96,0.88,1015.5,4.7,349,0.51,0,9.997,-1
971067600,Humid and Overcast,0,0,78.43,79.92,73.18,0.84,1014,8.65,349,0.92,0,9.93,-1
971154000,Overcast,0,0,73.22,73.22,58.97,0.61,1017.4,14.42,38,1,0,9.997,-1
971240400,Overcast,0,0,74.88,74.9,60.22,0.6,1019.2,11.79,60,0.91,0,9.997,-1
971326800,Drizzle,0.0118,1,76.93,77.51,65.43,0.68,1018.9,14.31,63,0.93,0,9.997,-1
971413200,Partly Cloudy,0,0,75.03,75.33,62.87,0.66,1018.6,12.12,49,0.44,0,9.997,-1
971499600,Drizzle,0.0004,0.95,75.43,75.55,61.14,0.61,1018.7,15.2,55,0.88,0,9.997,-1
971586000,Partly Cloudy,0,0,73.05,73.07,60.21,0.64,1017,6.91,0,0.51,0,9.997,-1
971672400,Clear,0,0,70.01,70.53,63.98,0.81,1016.4,6.68,330,0.03,0,9.997,-1
971758800,Clear,0,0,70.09,70.09,59.64,0.69,1016.7,4.95,354,0.02,0,9.997,-1
971845200,Clear,0,0,70.95,71.5,64.38,0.8,1016.9,4.68,300,0,0,9.945,-1
971931600,Clear,0,0,73.02,73.82,66.77,0.81,1017,4.67,346,0.03,0,9.117,-1
972018000,Clear,0,0,73.37,74.07,66.08,0.78,1017.9,4.1,18,0.23,0,9.458,-1
972104400,Clear,0,0,73.89,74.83,68.03,0.82,1017.9,5.46,69,0.21,0,9.997,-1
972190800,Partly Cloudy,0,0,76.89,77.64,66.95,0.71,1018.7,13.23,69,0.47,0,9.997,-1
972277200,Clear,0,0,75.9,76.32,64.01,0.67,1020.5,15.97,60,0.25,0,9.997,-1
972363600,Partly Cloudy,0,0,76.89,77.26,63.51,0.63,1019.9,18.59,62,0.49,0,9.997,-1
972450000,Drizzle,0.0004,1,73.61,74.07,64.11,0.72,1017.5,14.43,52,0.51,0,9.997,-1
972536400,Clear,0,0,73.16,73.51,63.17,0.71,1014.9,6.79,40,0.16,0,9.997,-1
972622800,Clear,0,0,69.97,70.61,64.87,0.84,1015.5,7.94,337,0,0,9.997,-1
972709200,Clear,0,0,69.17,69.6,63.08,0.81,1018.2,5.09,350,0,0,9.997,-1
972795600,Clear,0,0,68.71,69.12,62.87,0.82,1019.5,0.5,0,0.16,0,9.997,-1
972882000,Clear,0,0,71.11,71.8,65.49,0.82,1019.1,3.31,341,0.28,0,4.273,-1
972968400,Clear,0,0,70.1,70.73,64.88,0.84,1019.3,2.38,312,0,0,4.981,-1
973054800,Clear,0,0,68.36,68.36,58.22,0.7,1019,6.11,33,0.22,0,9.997,-1
973141200,Clear,0,0,69.71,69.71,59.15,0.69,1018.2,7.49,63,0.25,0,9.997,-1
973227600,Partly Cloudy,0,0,68.49,68.49,59,0.72,1019.1,4.59,343,0.45,0,9.997,-1
973314000,Clear,0,0,68.71,69.39,64.8,0.87,1017.1,8.65,341,0.06,0,8.056,-1
973400400,Mostly Cloudy,0,0,69.79,69.92,60.91,0.73,1014,0.15,343,0.86,0,9.971,-1
973486800,Clear,0,0,67.75,68.35,63.93,0.88,1013.1,0,-1,0.06,0,-1,-1
973573200,Clear,0,0,71.71,72.43,65.83,0.82,1015.7,5.97,129,0.22,0,9.997,-1
973659600,Mostly Cloudy,0,0,75.53,76.58,69.22,0.81,1016.7,9.33,126,0.74,0,9.97,-1
973746000,Partly Cloudy,0,0,75.61,76.34,66.64,0.74,1014.4,12.75,130,0.49,0,9.997,-1
973832400,Partly Cloudy,0,0,72.65,73.74,68.82,0.88,1013.3,3.34,203,0.52,0,9.997,-1
973918800,Clear,0,0,75.57,76.72,69.98,0.83,1013.2,5.87,302,0.02,0,-1,-1
974005200,Mostly Cloudy,0,0,68.59,68.9,62.12,0.8,1013.6,5.56,355,0.63,0,9.997,-1
974091600,Clear,0,0,70.38,70.38,58.35,0.66,1015.2,5.82,89,0.18,0,9.997,-1
974178000,Clear,0,0,71.78,71.88,60.93,0.69,1016,6.78,140,0.28,0,9.997,-1
974264400,Overcast,0,0,75.11,76.28,70.02,0.84,1015.4,6.71,251,1,0,9.997,-1
974350800,Clear,0,0,63.59,63.59,57.71,0.81,1017.3,5.74,0,0.01,0,9.997,-1
974437200,Clear,0,0,69.99,70.64,64.95,0.84,1017.4,2.79,162,0,0,9.997,-1
974523600,Clear,0,0,72.49,73.5,68.17,0.86,1018.3,5.9,328,0.01,0,9.997,-1
974610000,Clear,0,0,72.99,73.77,66.59,0.8,1017.2,4.82,129,0.03,0,9.997,-1
974696400,Drizzle,0.0115,0.97,71.15,72.6,70.79,0.99,1016.8,0.99,202,0.3,0,6.246,-1
974782800,Drizzle,0.0004,1,63.55,63.55,58.49,0.84,1022.3,13.62,340,1,0,9.997,-1
974869200,Clear,0,0,53.91,53.91,37.91,0.55,1026.1,11.31,340,0,0,9.997,-1
974955600,Mostly Cloudy,0,0,66.81,66.81,52.01,0.59,1025,7.52,63,0.74,0,9.997,-1
975042000,Partly Cloudy,0,0,69.84,69.84,54.1,0.57,1021.7,11.85,110,0.41,0,9.997,-1
975128400,Overcast,0,0,75.21,76.45,70.55,0.85,1016.7,15.28,121,1,0,9.997,-1
975214800,Clear,0,0,71.84,73.41,71.81,1,1016,2.95,183,0.25,0,6.923,-1
975301200,Mostly Cloudy,0,0,69.35,70.18,66.02,0.89,1017,10.12,316,0.84,0,9.997,-1
975387600,Clear,0,0,61.57,61.57,49.34,0.64,1019.6,7,351,0.01,0,9.997,-1
975474000,Mostly Cloudy,0,0,66.98,67.21,61.14,0.82,1020.4,5.61,64,0.78,0,9.997,-1
975560400,Drizzle,0.0004,1,72.81,73.52,66.04,0.79,1018.7,4.86,49,0.11,0,9.997,-1
975646800,Mostly Cloudy,0,0,65.5,65.66,60.27,0.83,1019.6,6.92,342,0.82,0,9.997,-1
975733200,Mostly Cloudy,0,0,67.39,67.57,60.82,0.79,1018.8,6.83,28,0.76,0,9.997,-1
975819600,Clear,0,0,65.91,66.2,61.31,0.85,1018.6,4.61,340,0.04,0,9.997,-1
975906000,Mostly Cloudy,0,0,60.34,60.34,55.72,0.85,1020.4,12.06,341,0.82,0,9.6,-1
975992400,Partly Cloudy,0,0,63.07,63.07,54.53,0.74,1020.6,6.69,356,0.48,0,9.997,-1
976078800,Drizzle,0.0004,1,61.7,61.7,54.56,0.77,1019.8,8.31,340,0.51,0,9.997,-1
976165200,Drizzle,0.0102,1,66.99,67.93,65.96,0.97,1016.9,4.11,318,1,0,9.997,-1
976251600,Drizzle,0.0004,1,69.09,69.9,65.82,0.89,1018.4,3.37,327,0.92,0,9.997,-1
976338000,Mostly Cloudy,0,0,73.9,74.77,67.49,0.8,1018.6,9.81,71,0.82,0,9.997,-1
976424400,Light Rain,0.0206,1,73.41,74.66,70.17,0.9,1018.1,11.45,101,0.95,0,9.884,-1
976510800,Drizzle,0.0102,1,71.83,73.14,70.12,0.94,1018.1,4.12,103,1,0,9.791,-1
976597200,Mostly Cloudy,0,0,73.68,75.11,71.51,0.93,1018.6,7.04,142,0.82,0,9.997,-1
976683600,Clear,0,0,72.88,74.37,71.65,0.96,1022.7,4.59,129,0.05,0,9.997,-1
976770000,Drizzle,0.0004,1,75.61,76.91,71.07,0.86,1024.7,11.8,118,0.92,0,9.997,-1
976856400,Light Rain,0.0199,1,75.55,76.92,71.63,0.88,1024.8,9.44,90,0.86,0,9.997,-1
976942800,Mostly Cloudy,0,0,75.03,76.02,68.68,0.81,1021.3,10.13,109,0.87,0,9.997,-1
977029200,Overcast,0,0,72.32,73.67,70.49,0.94,1019.7,0.57,322,0.88,0,9.997,-1
977115600,Clear,0,0,62,62,52.93,0.72,1020.6,9.07,312,0,0,9.997,-1
977202000,Mostly Cloudy,0,0,67.25,67.97,64.61,0.91,1018.2,3.41,305,0.73,0,9.586,-1
977288400,Clear,0,0,50.71,50.71,46.72,0.86,1019.4,3.04,247,0.01,0,9.997,-1
977374800,Clear,0,0,46.14,42.64,38.31,0.74,1022.6,6.79,320,0.16,0,9.997,-1
977461200,Overcast,0,0,62.23,62.23,55.43,0.78,1020.5,0.28,94,0.96,0,9.997,-1
977547600,Drizzle,0.0004,1,63.48,63.48,55.43,0.75,1020.7,8.08,341,1,0,9.997,-1
977634000,Drizzle,0.0004,1,70.96,71.1,61.18,0.71,1020.4,16.14,64,1,0,9.997,-1
977720400,Drizzle,0.0118,1,69.81,70.03,61.64,0.75,1019,12.55,49,1,0,9.997,-1
977806800,Drizzle,0.0004,1,68.77,68.77,53.94,0.59,1023,18.18,69,1,0,9.997,-1
977893200,Mostly Cloudy,0,0,68.59,68.59,56.47,0.65,1022.5,12.65,86,0.82,0,9.997,-1
977979600,Clear,0,0,69.74,69.86,60.8,0.73,1016.7,7.89,160,0.16,0,9.997,-1
978066000,Partly Cloudy,0,0,66.63,66.77,60.37,0.8,1009.1,14.29,286,0.36,0,9.997,-1
978152400,Clear,0,0,53.62,53.62,48.86,0.84,1015.8,9.5,302,0.12,0,9.997,-1
978238800,Clear,0,0,44.91,39.03,35.03,0.68,1022.8,11.98,317,0.01,0,9.997,-1
978325200,Clear,0,0,42.98,40.66,32,0.65,1025.5,4.12,348,0,0,9.997,-1
978411600,Partly Cloudy,0,0,51.51,51.51,39.4,0.63,1025.9,5.91,353,0.41,0,9.997,-1
978498000,Clear,0,0,53.74,53.74,48.23,0.82,1026.4,10.23,348,0.17,0,9.997,-1
978584400,Drizzle,0.0004,1,56.92,56.92,49.29,0.76,1022,7.64,312,1,0,9.997,-1
978670800,Clear,0,0,43.44,43.44,27.51,0.53,1021.8,2.9,328,0,0,9.997,-1
978757200,Clear,0,0,47.86,45.3,45.74,0.92,1017.5,5.68,253,0,0,9.997,-1
978843600,Clear,0,0,53.67,53.67,48.7,0.83,1016.7,2.13,312,0,0,9.997,-1
978930000,Clear,0,0,56.37,56.37,51.77,0.85,1017.4,4.81,243,0,0,9.997,-1
979016400,Clear,0,0,63.51,63.51,57.43,0.81,1016,5.74,239,0.31,0,9.997,-1
979102800,Clear,0,0,45.03,40.41,32.14,0.6,1023,8.68,321,0,0,9.997,-1
979189200,Overcast,0,0,63.34,63.34,49.95,0.62,1024.3,4.11,86,1,0,9.997,-1
979275600,Clear,0,0,57.63,57.63,53.65,0.87,1020.7,3,222,0.03,0,9.997,-1
979362000,Clear,0,0,59.8,59.8,55.92,0.87,1017.3,11.08,310,0,0,9.808,-1
979448400,Partly Cloudy,0,0,59.63,59.63,55.74,0.87,1018.5,7.07,333,0.43,0,8.767,-1
979534800,Drizzle,0.0004,0.97,65.81,66.21,62.04,0.88,1019.7,5.79,353,0.84,0,9.997,-1
979621200,Partly Cloudy,0,0,65.74,66.4,63.81,0.94,1019,3.92,117,0.48,0,9.997,-1
979707600,Clear,0,0,66.31,67.03,64.33,0.93,1019.2,4.63,62,0.16,0,9.997,-1
979794000,Mostly Cloudy,0,0,65.87,66.75,65.22,0.98,1018.2,0.61,150,0.69,0,9.422,-1
979880400,Clear,0,0,70.34,71.5,68.54,0.94,1017.7,7.43,145,0,0,9.997,-1
979966800,Humid and Overcast,0,0,74.35,75.9,72.48,0.94,1017.1,9.94,161,0.88,0,9.997,-1
980053200,Partly Cloudy,0,0,53.64,53.64,46.15,0.76,1023.1,10.79,317,0.41,0,9.997,-1
980139600,Overcast,0,0,56.45,56.45,51.81,0.84,1023.5,9.97,341,1,0,9.997,-1
980226000,Clear,0,0,47.89,42.75,40.95,0.77,1019.9,12.08,300,0,0,9.997,-1
980312400,Clear,0,0,51.29,51.29,38.01,0.6,1021,11.97,314,0,0,9.997,-1
980398800,Clear,0,0,53.91,53.91,44.91,0.72,1022.7,10.07,320,0.19,0,9.971,-1
980485200,Clear,0,0,51.01,51.01,42.69,0.73,1024.6,7.87,319,0,0,9.997,-1
980571600,Clear,0,0,60.11,60.11,49.04,0.67,1024.2,4.41,13,0.17,0,9.997,-1
980658000,Partly Cloudy,0,0,61.36,61.36,53.8,0.76,1025.1,0.59,171,0.45,0,9.997,-1
980744400,Clear,0,0,67.75,67.75,57.17,0.69,1024,11.29,129,0.07,0,9.997,-1
980830800,Partly Cloudy,0,0,69.93,70.27,62.61,0.78,1019.4,11.89,149,0.51,0,9.997,-1
980917200,Clear,0,0,67.36,68.33,66.29,0.96,1017.9,3.37,168,0,0,9.06,-1
981003600,Clear,0,0,69.34,70.2,66.23,0.9,1019.3,4.77,179,0.01,0,9.997,-1
981090000,Mostly Cloudy,0,0,71.56,72.64,68.43,0.9,1020.4,6.56,129,0.87,0,9.997,-1
981176400,Overcast,0,0,70.78,71.75,67.43,0.89,1018.8,6.23,37,0.98,0,8.993,-1
981262800,Drizzle,0.0003,0.73,72.56,73.58,68.28,0.86,1020,7.43,96,0.46,0,9.997,-1
981349200,Clear,0,0,66.24,67.2,65.86,0.99,1018.5,2.66,342,0.02,0,5.216,-1
981435600,Clear,0,0,57.58,57.58,49.96,0.76,1021.2,1.39,345,0.04,0,9.997,-1
981522000,Clear,0,0,62.65,62.65,53.8,0.73,1022.1,2.9,87,0.04,0,9.997,-1
981608400,Partly Cloudy,0,0,70.62,71.02,63.24,0.77,1023.6,12.68,73,0.52,0,9.997,-1
981694800,Mostly Cloudy,0,0,71.62,72.03,63.48,0.76,1023.7,12.86,81,0.79,0,9.997,-1
981781200,Overcast,0,0,73.9,74.96,68.96,0.85,1021.3,10.21,100,0.88,0,9.997,-1
981867600,Clear,0,0,73.73,74.94,70,0.88,1021.4,6.1,128,0.27,0,9.997,-1
981954000,Clear,0,0,73.72,74.46,66.5,0.78,1023.3,10.35,108,0.11,0,9.997,-1
982040400,Partly Cloudy,0,0,73.4,74.14,66.33,0.79,1025.1,11.7,110,0.47,0,9.997,-1
982126800,Clear,0,0,73.72,74.57,67.34,0.8,1024,9.55,110,0.25,0,9.997,-1
982213200,Clear,0,0,72.53,73.07,64.65,0.76,1020.9,8.45,121,0,0,9.997,-1
982299600,Clear,0,0,72.53,73.07,64.66,0.76,1020.8,7.65,130,0,0,9.997,-1
982386000,Clear,0,0,70.06,71.22,68.52,0.95,1020.1,0,-1,0,0,9.997,-1
982472400,Clear,0,0,69.84,70.42,64.42,0.83,1020.3,7.54,289,0,0,9.997,-1
982558800,Mostly Cloudy,0,0,71.09,71.09,57.31,0.62,1023.4,19.04,73,0.85,0,9.997,-1
982645200,Drizzle,0.0004,1,71.85,71.85,59.69,0.66,1024.8,14.54,106,0.92,0,9.997,-1
982731600,Clear,0,0,70.54,70.66,61.01,0.72,1023.3,8.28,102,0.06,0,9.997,-1
982818000,Clear,0,0,66.68,66.68,57.89,0.73,1020.7,4.33,100,0,0,9.997,-1
982904400,Clear,0,0,70.56,71.36,66.15,0.86,1018.6,0.67,212,0.07,0,9.997,-1
982990800,Clear,0,0,73.72,74.2,64.34,0.73,1021.5,13.52,100,0.25,0,9.997,-1
983077200,Clear,0,0,73.93,74.64,66.27,0.77,1023.3,15.99,121,0.28,0,9.997,-1
983163600,Clear,0,0,73.74,74.93,69.81,0.88,1022.5,13.27,116,0.09,0,9.997,-1
983250000,Clear,0,0,70.58,71.38,66.23,0.86,1020.7,0.17,282,0.05,0,9.997,-1
983336400,Drizzle,0.0086,0.73,73.22,74.18,68.06,0.84,1019.1,5.57,240,0.92,0,9.997,-1
983422800,Clear,0,0,69.94,70.45,63.91,0.81,1015.9,6.28,294,0.3,0,9.997,-1
983509200,Clear,0,0,69.98,70.52,64.15,0.82,1014.1,4.77,267,0.22,0,9.997,-1
983595600,Clear,0,0,71.64,72.69,68.27,0.89,1013.7,3.63,196,0,0,6.242,-1
983682000,Mostly Cloudy,0,0,75.64,76.8,70.13,0.83,1013.5,9.13,178,0.74,0,9.997,-1
983768400,Light Rain,0.0431,1,66.76,67.81,66.63,1,1013.5,6.22,152,0.99,0,9.997,-1
983854800,Clear,0,0,57.25,57.25,46.96,0.68,1017.3,11.34,289,0,0,9.997,-1
983941200,Clear,0,0,53.76,53.76,41.03,0.62,1017.2,14.07,316,0.01,0,9.997,-1
984027600,Clear,0,0,55.07,55.07,44.95,0.69,1019.1,9.12,311,0,0,9.997,-1
984114000,Drizzle,0.0004,0.97,59.12,59.12,50.14,0.72,1018.4,5.37,221,0,0,9.997,-1
984200400,Clear,0,0,68.96,69.13,61.05,0.76,1013.8,7.85,191,0.22,0,9.997,-1
984286800,Partly Cloudy,0,0,70.57,71.16,64.67,0.82,1015.2,9.19,94,0.5,0,9.997,-1
984373200,Clear,0,0,71.78,72.55,66.33,0.83,1019.2,2.28,127,0,0,9.997,-1
984459600,Humid and Mostly Cloudy,0,0,75.66,77.16,72.57,0.9,1017.2,9.95,157,0.78,0,9.906,-1
984546000,Clear,0,0,75.21,75.98,66.92,0.75,1016.4,5.58,204,0.16,0,9.997,-1
984632400,Humid,0,0,75.21,76.82,73.17,0.93,1013.9,7.16,141,0.28,0,9.406,-1
984718800,Humid and Partly Cloudy,0,0,76.89,78.28,72.07,0.85,1014.3,9.41,176,0.42,0,9.971,-1
984805200,Humid,0,0,75.62,77.18,72.98,0.92,1015.4,3.5,192,0.01,0,9.942,-1
984891600,Mostly Cloudy,0,0,74.41,75.87,71.85,0.92,1016.1,6.24,28,0.72,0,9.396,-1
984978000,Mostly Cloudy,0,0,73.72,74.67,68.1,0.83,1014.4,12.34,77,0.61,0,9.997,-1
985064400,Rain,0.1163,1,71.23,72.62,70.38,0.97,1011.4,2.88,130,0.84,0,9.116,-1
985150800,Clear,0,0,63.39,63.39,55.13,0.74,1014.2,8.62,281,0.22,0,9.997,-1
985237200,Partly Cloudy,0,0,62.11,62.11,51.94,0.69,1015.6,11.63,285,0.5,0,9.997,-1
985323600,Clear,0,0,60.93,60.93,51.28,0.71,1016.1,11.25,330,0,0,9.997,-1
985410000,Clear,0,0,65.25,65.25,58.88,0.8,1017.1,0.18,261,0,0,9.997,-1
985496400,Partly Cloudy,0,0,66.3,66.33,59.52,0.79,1018.3,3.59,274,0.5,0,9.997,-1
985582800,Clear,0,0,67.99,68.39,62.61,0.83,1017,5.69,239,0.04,0,9.997,-1
985669200,Overcast,0,0,71.92,72.48,64.71,0.78,1017.5,4.32,352,0.91,0,9.919,-1
985755600,Clear,0,0,70.54,70.67,61.09,0.72,1019,8.2,72,0.03,0,9.997,-1
985842000,Overcast,0,0,74.37,75.17,67.05,0.78,1015.7,17.59,112,0.92,0,9.997,-1
985928400,Light Rain,0.0805,1,64.2,64.81,62.85,0.95,1014.2,18.03,359,1,0,2.685,-1
986014800,Possible Drizzle and Humid,0.0033,0.28,76.28,78.12,75.04,0.96,1012.8,11.19,181,0.16,0,9.886,-1
986101200,Drizzle and Humid,0.0004,1,75.64,77.11,72.38,0.9,1011.8,4.93,215,0.84,0,7.608,-1
986187600,Clear,0,0,65.41,65.41,46.92,0.51,1017.7,8.87,329,0,0,9.997,-1
986274000,Clear,0,0,70,70,58.32,0.66,1021.4,8.84,93,0,0,9.997,-1
986360400,Clear,0,0,70.58,70.93,62.83,0.76,1020.7,5.03,121,0.15,0,9.997,-1
986446800,Clear,0,0,69.98,70.55,64.38,0.82,1020.2,4.17,282,0,0,9.997,-1
986533200,Clear,0,0,72.96,73.27,62.79,0.7,1021.4,6.82,106,0.16,0,9.997,-1
986619600,Drizzle,0.0004,1,73.14,73.91,66.62,0.8,1022.3,11.79,108,0.51,0,9.997,-1
986706000,Clear,0,0,73.73,74.26,64.76,0.74,1022.5,8.56,123,0.3,0,9.997,-1
986792400,Clear,0,0,72.6,72.88,62.53,0.71,1021.3,7.3,110,0.3,0,9.997,-1
986878800,Clear,0,0,70.67,71.04,62.93,0.77,1017.9,0,-1,0.18,0,9.997,-1
986965200,Clear,0,0,73.75,74.06,62.82,0.69,1017.4,6.29,109,0.25,0,9.997,-1
987051600,Clear,0,0,77.02,78.34,71.61,0.83,1019.2,10.62,117,0.3,0,9.997,-1
987138000,Humid and Mostly Cloudy,0,0,78.39,79.94,73.61,0.85,1020.9,8.87,110,0.78,0,9.997,-1
987224400,Partly Cloudy,0,0,76.3,77.57,71.03,0.84,1019.7,1.06,185,0.32,0,9.997,-1
987310800,Clear,0,0,77.02,78.3,71.3,0.83,1016,6.12,243,0.29,0,9.997,-1
987397200,Clear,0,0,73.4,74.44,68.65,0.85,1015.1,9.49,290,0.14,0,9.997,-1
987483600,Partly Cloudy,0,0,73.38,74.07,65.98,0.78,1015.3,10.44,282,0.44,0,9.997,-1
987570000,Clear,0,0,71.24,71.24,55.76,0.58,1016.3,12.51,319,0.14,0,9.997,-1
987656400,Clear,0,0,59.13,59.13,49.92,0.71,1023.1,9.15,342,0.15,0,9.997,-1
987742800,Partly Cloudy,0,0,71.08,71.08,53.42,0.54,1025.6,16.06,82,0.53,0,9.997,-1
987829200,Mostly Cloudy,0,0,71.65,71.65,54.07,0.54,1026.8,12.23,86,0.72,0,9.997,-1
987915600,Drizzle,0.0004,1,73.72,74.25,64.74,0.74,1025.8,16.83,72,0.84,0,9.997,-1
988002000,Drizzle,0.0004,1,73.66,74.58,67.82,0.82,1023.6,14.03,78,0.94,0,9.997,-1
988088400,Clear,0,0,74.42,75.01,65.39,0.73,1020.6,12.14,105,0.02,0,9.997,-1
988174800,Partly Cloudy,0,0,74.23,75.27,68.83,0.83,1018.4,6.11,105,0.42,0,9.997,-1
988261200,Clear,0,0,71.19,71.97,66.19,0.84,1015.9,0,-1,0,0,9.997,-1
988347600,Overcast,0,0,72.07,72.33,62.27,0.71,1018.8,14.74,41,1,0,9.997,-1
988434000,Clear,0,0,72.52,72.62,60.93,0.67,1020.3,12.29,80,0.31,0,9.997,-1
988520400,Mostly Cloudy,0,0,73.72,74.11,63.57,0.71,1020.5,13.73,96,0.63,0,9.997,-1
988606800,Drizzle,0.0004,1,71.9,72.22,62.81,0.73,1020.5,16.06,86,0.83,0,9.997,-1
988693200,Light Rain,0.0177,1,72.2,72.91,65.94,0.81,1016.4,18.2,79,1,0,9.997,-1
988779600,Drizzle,0.0004,1,72.56,73.28,66.04,0.8,1014.6,14.16,79,0.46,0,9.997,-1
988866000,Clear,0,0,73.38,74.08,66.04,0.78,1016.4,13.11,68,0.31,0,9.997,-1
988952400,Light Rain,0.0199,1,71.28,72.45,68.98,0.92,1017.1,14.45,79,0.79,0,9.997,-1
989038800,Drizzle,0.0004,1,72.2,72.95,66.17,0.81,1014.9,12.76,61,0.54,0,9.997,-1
989125200,Light Rain,0.0229,1,73.36,73.82,64.1,0.73,1014.2,11.32,55,0.48,0,9.997,-1
989211600,Clear,0,0,73.22,73.22,57.82,0.59,1016.6,9.05,44,0.14,0,9.997,-1
989298000,Overcast,0,0,73.22,73.22,59.66,0.63,1018.9,18.52,60,1,0,9.997,-1
989384400,Clear,0,0,71.65,71.65,59.07,0.65,1018.9,13.74,59,0.28,0,9.997,-1
989470800,Mostly Cloudy,0,0,73.14,73.14,59.54,0.62,1019.8,11.67,65,0.77,0,9.997,-1
989557200,Clear,0,0,73.72,73.72,59.06,0.6,1019.2,13.3,79,0.08,0,9.997,-1
989643600,Clear,0,0,71.14,71.14,57.23,0.61,1019,7.83,103,0.23,0,9.997,-1
989730000,Clear,0,0,69.98,70.26,62.12,0.76,1018.8,3.74,103,0.04,0,9.997,-1
989816400,Clear,0,0,71.97,72.26,62.53,0.72,1018,5.08,99,0.28,0,9.997,-1
989902800,Overcast,0,0,76.52,77.47,68.61,0.77,1018.8,5.13,102,0.92,0,9.997,-1
989989200,Overcast,0,0,73.23,73.26,60.35,0.64,1015.8,4.16,199,0.89,0,9.997,-1
990075600,Clear,0,0,71.75,71.84,60.81,0.68,1014.1,6.5,269,0,0,9.997,-1
990162000,Clear,0,0,74.4,75.08,66.09,0.75,1016.4,3.46,198,0,0,9.997,-1
990248400,Clear,0,0,74.94,75.47,64.91,0.71,1017.3,6.54,148,0,0,9.997,-1
990334800,Clear,0,0,77.81,79.12,71.68,0.81,1014.2,5,170,0.26,0,9.997,-1
990421200,Clear,0,0,78.82,81.76,71.76,0.79,1014,9.9,138,0.15,0,9.997,-1
990507600,Humid and Partly Cloudy,0,0,79.13,82.77,73.8,0.84,1014.7,10.45,124,0.45,0,9.997,-1
990594000,Humid and Partly Cloudy,0,0,80.14,85.34,75.31,0.85,1013.2,8.13,179,0.44,0,9.997,-1
990680400,Possible Drizzle and Humid,0.0071,0.6,74.36,76.06,73.46,0.97,1012.9,5.69,208,0.01,0,9.622,-1
990766800,Humid and Partly Cloudy,0,0,74.12,75.77,73.11,0.97,1015.4,0,-1,0.5,0,9.801,-1
990853200,Drizzle,0.0004,1,75.03,76.47,71.94,0.9,1016.6,0.18,158,0.88,0,9.997,-1
990939600,Humid,0,0,73.91,75.47,72.4,0.95,1015.5,0.08,184,0.04,0,9.997,-1
991026000,Humid,0,0,73.42,74.97,72.18,0.96,1015.6,0.09,90,0.15,0,9.997,-1
991112400,Humid and Partly Cloudy,0,0,77.35,79.14,75.08,0.93,1016.8,1.65,114,0.56,0,9.997,-1
991198800,Humid and Partly Cloudy,0,0,78.42,81.55,75.48,0.91,1017.5,3.18,170,0.45,0,9.997,-1
991285200,Humid,0,0,79.52,83.36,73.24,0.81,1017.9,3.31,270,0.12,0,9.997,-1
991371600,Clear,0,0,78.54,79.87,71.98,0.8,1016.5,0.16,191,0.01,0,9.997,-1
991458000,Drizzle and Humid,0.0003,0.74,75.11,76.73,73.24,0.94,1015.2,0.21,92,0.05,0,9.997,-1
991544400,Humid,0,0,74.44,76.12,73.38,0.96,1014.6,0,-1,0.04,0,9.997,-1
991630800,Humid,0,0,76.95,78.56,73.66,0.9,1016.8,0.06,90,0.04,0,9.997,-1
991717200,Humid,0,0,79.63,83.21,72.08,0.78,1018.6,5.54,104,0.04,0,9.997,-1
991803600,Drizzle and Humid,0.0004,1,78.89,82.29,73.8,0.84,1019.3,4.83,117,0.17,0,9.997,-1
991890000,Drizzle and Humid,0.0003,0.74,80.59,85.55,73.94,0.8,1018.3,8.57,136,0.48,0,9.997,-1
991976400,Humid,0,0,80.27,84.99,73.97,0.81,1017.4,0.59,165,0.07,0,9.997,-1
992062800,Humid,0,0,80.27,84.87,73.66,0.8,1016.4,0.03,180,0.28,0,9.997,-1
992149200,Humid,0,0,78.85,82.68,76.07,0.91,1016.5,0,-1,0.31,0,9.997,-1
992235600,Humid,0,0,78.71,82.25,75.55,0.9,1016.5,0.84,59,0.03,0,9.997,-1
992322000,Clear,0,0,79.16,82.01,70.24,0.74,1015.6,0.08,180,0.06,0,9.997,-1
992408400,Humid,0,0,80.29,84.87,73.59,0.8,1016,4.09,187,0,0,9.997,-1
992494800,Clear,0,0,78.89,81.91,71.92,0.79,1016.6,1.16,0,0.14,0,9.997,-1
992581200,Humid,0,0,82.23,89.1,75.08,0.79,1017.9,6.97,121,0.01,0,9.997,-1
992667600,Humid and Partly Cloudy,0,0,81.11,86.19,73.39,0.77,1018.3,8.39,117,0.42,0,9.997,-1
992754000,Clear,0,0,77.56,78.85,71.5,0.82,1018,3.23,298,0.3,0,9.997,-1
992840400,Clear,0,0,76.31,77.37,69.5,0.8,1018.1,1.93,0,0.28,0,9.966,-1
992926800,Drizzle and Humid,0.0118,1,81.46,86.76,73.41,0.77,1019.1,6.88,79,0.46,0,9.997,-1
993013200,Humid,0,0,80.97,85.37,72.14,0.75,1020,7.34,90,0.29,0,9.997,-1
993099600,Humid and Partly Cloudy,0,0,81.55,86.9,73.39,0.76,1020.5,6.58,93,0.48,0,9.997,-1
993186000,Humid,0,0,75.7,77.33,73.43,0.93,1018.5,2.1,281,0.3,0,9.997,-1
993272400,Possible Drizzle,0.0033,0.28,74.53,75.97,71.8,0.91,1018.1,0,-1,0.01,0,9.997,-1
993358800,Clear,0,0,72.18,73.69,71.51,0.98,1019,0.23,-1,0.13,0,9.997,-1
993445200,Humid,0,0,73.41,75,72.45,0.97,1018.7,0.09,94,0.03,0,9.997,-1
993531600,Humid,0,0,77.07,78.69,73.79,0.9,1020.9,5.16,97,0.01,0,9.997,-1
993618000,Drizzle and Humid,0.0087,0.74,80.61,85.85,74.5,0.82,1022.5,11.44,102,0.47,0,9.997,-1
993704400,Humid and Mostly Cloudy,0,0,80.81,85.69,73.41,0.78,1021.6,6.48,91,0.74,0,9.997,-1
993790800,Drizzle and Humid,0.0003,0.74,78.65,82.05,75.19,0.89,1019.1,5.63,75,0.49,0,9.997,-1
993877200,Drizzle and Humid,0.0087,0.74,80.13,85.23,75.18,0.85,1018.5,3.71,103,0.22,0,9.997,-1
993963600,Drizzle and Humid,0.0112,0.95,79.66,84.15,74.91,0.85,1018.5,9.1,122,0.8,0,9.997,-1
994050000,Drizzle and Humid,0.0113,1,81.53,87.89,75.14,0.81,1017.9,8.76,108,0.75,0,9.997,-1
994136400,Humid,0,0,82.2,87.96,73.41,0.75,1020.5,9.03,90,0.01,0,9.997,-1
994222800,Humid and Partly Cloudy,0,0,82.92,92.53,77.75,0.84,1021.5,6.89,108,0.47,0,9.997,-1
994309200,Clear,0,0,75.03,76.33,70.99,0.87,1020.5,0,-1,0.02,0,4.064,-1
994395600,Humid,0,0,82.2,88.07,73.59,0.75,1018.8,5.66,134,0.01,0,9.997,-1
994482000,Humid,0,0,82.43,89.78,75.53,0.8,1019.3,6.11,108,0.23,0,9.997,-1
994568400,Drizzle and Humid,0.0004,1,78.42,81.35,74.02,0.86,1018.4,0.72,100,0.1,0,9.997,-1
994654800,Drizzle,0.0003,0.74,78.37,79.66,71.61,0.8,1016.6,2.22,287,0.58,0,9.997,-1
994741200,Humid and Mostly Cloudy,0,0,73.92,75.42,72.03,0.94,1015.3,5.63,220,0.69,0,9.997,-1
994827600,Humid,0,0,75.4,77.05,73.45,0.94,1014.7,5.43,214,0.29,0,9.997,-1
994914000,Humid,0,0,75.85,77.42,73.12,0.91,1016.1,4.77,220,0,0,9.997,-1
995000400,Humid,0,0,79.98,84.83,74.97,0.85,1017.3,6.63,225,0,0,9.997,-1
995086800,Humid,0,0,80.81,86.56,75.16,0.83,1014.3,8.73,243,0.01,0,9.997,-1
995173200,Humid and Mostly Cloudy,0,0,74.45,76.28,74.34,1,1011.5,6.6,229,0.85,0,9.997,-1
995259600,Humid and Partly Cloudy,0,0,75.7,77.35,73.59,0.93,1013,3.27,267,0.49,0,9.997,-1
995346000,Humid,0,0,80.21,84.79,73.77,0.81,1017.1,3.36,194,0.02,0,9.997,-1
995432400,Humid,0,0,77.92,79.55,74.09,0.88,1018.4,0,-1,0.17,0,9.997,-1
995518800,Humid,0,0,78.85,82.45,74.97,0.88,1018.7,3.89,322,0.02,0,9.997,-1
995605200,Humid,0,0,82.11,88.1,73.87,0.76,1017.4,3.88,166,0.17,0,9.997,-1
995691600,Light Rain and Humid,0.0474,1,75.88,77.58,73.98,0.94,1016.1,6.24,254,1,0,7.951,-1
995778000,Drizzle,0.0004,1,75.11,76.52,71.81,0.89,1013.8,7.01,199,0.56,0,9.997,-1
995864400,Light Rain,0.0197,1,74.88,76.27,71.55,0.89,1013.5,1.23,185,0.37,0,9.997,-1
995950800,Light Rain,0.0636,1,72.49,73.72,69.78,0.91,1019.2,13.32,292,0.99,0,9.997,-1
996037200,Humid,0,0,82.13,89.14,75.38,0.8,1017.8,9.08,125,0.27,0,9.997,-1
996123600,Rain,0.2065,1,73.82,75.28,71.71,0.93,1019.3,9.82,123,0.91,0,9.026,-1
996210000,Humid,0,0,80.81,86.53,75.14,0.83,1019.8,5.86,119,0.1,0,9.997,-1
996296400,Humid,0,0,81.53,86.98,73.58,0.77,1021,5.45,107,0.03,0,9.997,-1
996382800,Humid,0,0,81.45,87.77,75.18,0.81,1020.5,6.11,90,0.29,0,9.997,-1
996469200,Humid,0,0,82.22,89.13,75.14,0.79,1019.3,0.21,132,0.03,0,9.997,-1
996555600,Humid,0,0,82.12,90.88,77.57,0.86,1018.7,7.01,129,0.22,0,9.997,-1
996642000,Clear,0,0,82.22,87.03,71.79,0.71,1019.2,5.5,108,0.01,0,9.997,-1
996728400,Drizzle and Humid,0.0004,1,76.82,78.26,72.43,0.86,1018.8,14.89,105,0.77,0,9.997,-1
996814800,Drizzle and Humid,0.0107,1,81.45,87.78,75.2,0.81,1017.5,13.44,118,0.93,0,9.997,-1
996901200,Humid and Partly Cloudy,0,0,77.16,78.95,74.97,0.93,1015.2,1.19,88,0.45,0,9.997,-1
996987600,Drizzle and Humid,0.0017,1,75.14,76.83,73.68,0.95,1016.7,0.61,99,0.93,0,9.997,-1
997074000,Light Rain and Humid,0.0263,1,76.83,78.44,73.66,0.9,1021.5,2.21,261,0.29,0,9.997,-1
997160400,Humid,0,0,80.95,87.1,75.67,0.84,1022,7.07,80,0.02,0,9.997,-1
997246800,Humid,0,0,80.62,86.19,75.15,0.83,1020.5,4.55,64,0.01,0,9.997,-1
997333200,Humid,0,0,82.22,89.57,75.77,0.81,1019.7,4.93,102,0.05,0,9.997,-1
997419600,Humid,0,0,82.23,90.35,76.79,0.84,1018.9,4.25,112,0.01,0,9.997,-1
997506000,Humid,0,0,81.55,88.08,75.37,0.82,1018.8,0,-1,0.06,0,9.997,-1
997592400,Humid and Partly Cloudy,0,0,82.76,90.23,75.38,0.78,1020.6,5.62,119,0.37,0,9.997,-1
997678800,Humid,0,0,82.74,91.47,76.94,0.83,1020.4,5.93,100,0.1,0,9.997,-1
997765200,Humid,0,0,82.41,90.82,76.93,0.84,1016.6,5.77,100,0.16,0,9.997,-1
997851600,Humid,0,0,82.2,88.09,73.63,0.75,1014.6,0.13,180,0.02,0,9.997,-1
997938000,Humid,0,0,82.4,90.81,76.94,0.84,1016,0.15,156,0.06,0,9.906,-1
998024400,Humid,0,0,82.77,91.38,76.78,0.82,1020.1,4.15,144,0.01,0,9.997,-1
998110800,Humid,0,0,83.43,93.29,77.52,0.82,1019,5.46,106,0.03,0,9.997,-1
998197200,Humid,0,0,83.98,92.45,75.59,0.76,1016.6,8.78,110,0.04,0,9.997,-1
998283600,Humid and Partly Cloudy,0,0,83.54,93,77,0.81,1017.3,6.1,107,0.42,0,9.997,-1
998370000,Drizzle and Humid,0.0118,1,83.16,93.14,77.91,0.84,1017.2,5.18,143,0.51,0,9.997,-1
998456400,Mostly Cloudy,0,0,78.31,79.61,71.64,0.8,1017,4.18,81,0.73,0,9.997,-1
998542800,Humid,0,0,78.24,79.89,74.37,0.88,1016.8,0.12,90,0.01,0,9.997,-1
998629200,Humid,0,0,80.81,85.35,72.65,0.76,1016.9,0,-1,0.14,0,9.997,-1
998715600,Clear,0,0,80.9,85.13,71.84,0.74,1016.4,0.23,-1,0.04,0,9.997,-1
998802000,Humid,0,0,82.2,88.16,73.73,0.76,1015.7,0,-1,0.04,0,9.997,-1
998888400,Humid,0,0,80.19,84.41,72.86,0.78,1015.7,3.56,24,0.12,0,9.997,-1
998974800,Humid,0,0,80.82,85.1,72.06,0.75,1016.2,0.16,0,0.05,0,9.997,-1
999061200,Humid,0,0,82.47,91.65,77.72,0.86,1017.4,3.78,78,0.03,0,9.997,-1
999147600,Humid,0,0,83.36,91.31,75.44,0.77,1017,5.52,105,0.02,0,9.997,-1
999234000,Humid,0,0,83.93,93.05,76.33,0.78,1017.1,3.5,125,0.28,0,9.997,-1
999320400,Humid and Partly Cloudy,0,0,83.95,92.41,75.6,0.76,1017.6,8.5,116,0.4,0,9.997,-1
999406800,Humid,0,0,82.74,88.28,72.62,0.72,1016.1,3.39,100,0.05,0,9.997,-1
999493200,Humid,0,0,82.47,89.4,74.92,0.78,1015.1,5.22,87,0.3,0,9.997,-1
999579600,Humid,0,0,82.61,89.69,74.99,0.78,1015.1,3.31,122,0.04,0,9.997,-1
999666000,Drizzle and Humid,0.0062,1,82.39,89.29,74.95,0.78,1016.1,6.77,120,0.54,0,9.997,-1
999752400,Drizzle and Humid,0.0003,0.73,83.23,90.9,75.22,0.77,1017.4,2.26,123,0.13,0,9.997,-1
999838800,Humid,0,0,78.94,82.63,74.92,0.88,1016,2.72,306,0.07,0,9.997,-1
999925200,Humid,0,0,78.81,82.09,73.59,0.84,1014.6,0.02,112,0.02,0,9.997,-1
1000011600,Drizzle and Humid,0.0115,0.97,77.58,79.27,74.37,0.9,1014.4,0.14,109,0.11,0,9.997,-1
1000098000,Light Rain and Humid,0.0419,1,75.08,76.69,73.11,0.94,1016,5.7,188,0.72,0,9.997,-1
1000184400,Drizzle and Humid,0.0003,0.74,77.02,78.73,74.41,0.92,1016.3,0,-1,0.06,0,9.997,-1
1000270800,Light Rain and Humid,0.0582,1,78.45,79.97,73.4,0.85,1014.8,1.27,179,0.44,0,9.997,-1
1000357200,Light Rain and Humid,0.0568,1,77.33,78.87,73.27,0.87,1012.8,7.15,128,0.99,0,5.771,-1
1000443600,Drizzle and Humid,0.0004,1,75.22,76.78,72.85,0.92,1007.8,4.59,179,0.37,0,9.997,-1
1000530000,Humid,0,0,77.02,78.65,73.87,0.9,1006.5,11.44,217,0.23,0,9.997,-1
1000616400,Overcast,0,0,74.32,75.34,68.71,0.83,1013,8.85,333,0.97,0,9.997,-1
1000702800,Clear,0,0,75.61,77.01,71.81,0.88,1016.3,4.56,8,0.02,0,9.997,-1
1000789200,Drizzle,0.0003,0.74,79.12,82.18,71.31,0.77,1016.7,7.15,89,0.71,0,9.997,-1
1000875600,Overcast,0,0,80.72,84.67,71.38,0.73,1016.2,5.75,105,0.89,0,9.997,-1
1000962000,Partly Cloudy,0,0,78.28,79.37,70.04,0.76,1016.7,2.9,118,0.53,0,9.997,-1
1001048400,Clear,0,0,79.04,81.66,69.39,0.72,1016,2.04,92,0.01,0,9.997,-1
1001134800,Humid,0,0,80.81,85.29,72.51,0.76,1015.2,3.82,90,0.04,0,9.997,-1
1001221200,Humid,0,0,80.81,85.58,73.15,0.78,1014.8,5.12,90,0.02,0,9.997,-1
1001307600,Humid and Partly Cloudy,0,0,80.28,84.77,73.4,0.8,1014.7,0.54,98,0.43,0,9.997,-1
1001394000,Humid,0,0,79.63,83.73,73.77,0.82,1014.1,0.21,203,0.22,0,9.997,-1
1001480400,Humid and Partly Cloudy,0,0,78.89,82.64,75.41,0.89,1016,0,-1,0.44,0,9.997,-1
1001566800,Humid and Partly Cloudy,0,0,76.97,78.58,73.69,0.9,1015.4,3.03,81,0.49,0,9.997,-1
1001653200,Drizzle and Humid,0.0115,0.97,74.88,76.58,73.7,0.96,1012.3,0.06,346,0.48,0,9.997,-1
1001739600,Rain,0.2646,1,71.34,72.81,70.93,0.99,1009.8,7.79,5,1,0,6.683,-1
1001826000,Partly Cloudy,0,0,71.63,72.92,69.82,0.94,1008.7,7.86,321,0.57,0,9.997,-1
1001912400,Mostly Cloudy,0,0,73.8,74.57,66.68,0.78,1012.4,6.99,349,0.63,0,9.997,-1
1001998800,Clear,0,0,71.63,72.06,63.56,0.76,1015.7,8.94,353,0,0,9.997,-1
1002085200,Clear,0,0,73.76,74.07,62.87,0.69,1019.6,5.96,53,0.17,0,9.997,-1
1002171600,Drizzle,0.0118,1,78.93,81.81,71.01,0.77,1019.2,11.92,86,0.23,0,9.997,-1
1002258000,Humid and Partly Cloudy,0,0,80.59,85.22,73.18,0.78,1018.9,9.8,61,0.52,0,9.997,-1
1002344400,Humid,0,0,79.04,82.89,75.09,0.88,1016.8,5.52,130,0.03,0,9.997,-1
1002430800,Humid,0,0,80.29,85.85,75.63,0.86,1015.9,3.95,194,0.31,0,9.997,-1
1002517200,Humid and Partly Cloudy,0,0,80.62,86.05,74.86,0.83,1017.2,6.13,54,0.5,0,9.997,-1
1002603600,Drizzle and Humid,0.0012,1,79.63,83.34,72.51,0.79,1019.5,20.67,56,0.95,0,9.997,-1
1002690000,Partly Cloudy,0,0,78.93,79.8,68.12,0.7,1019.8,21.62,71,0.52,0,9.997,-1
1002776400,Drizzle,0.0004,1,78.64,79.49,68,0.7,1018.9,18.05,80,0.86,0,9.997,-1
1002862800,Light Rain,0.0513,1,78.63,79.29,66.3,0.66,1016.1,12.22,99,0.53,0,9.997,-1
1002949200,Clear,0,0,77.05,77.57,64.94,0.66,1016.1,9.89,124,0.16,0,9.997,-1
1003035600,Partly Cloudy,0,0,80.25,83.94,71.32,0.74,1015.7,11.89,127,0.45,0,9.997,-1
1003122000,Humid,0,0,77.64,79.23,73.73,0.88,1015.3,0.16,86,0.04,0,9.997,-1
1003208400,Clear,0,0,79.99,83.75,71.94,0.76,1016.7,8.71,99,0.11,0,9.997,-1
1003294800,Light Rain and Humid,0.0826,1,75.78,77.43,73.64,0.93,1016.1,5.64,327,0.9,0,7.415,-1
1003381200,Drizzle and Humid,0.0156,1,76.78,78.23,72.5,0.87,1014.9,10.52,14,0.99,0,9.876,-1
1003467600,Light Rain and Humid,0.026,1,78.81,82.14,73.89,0.85,1013.3,13.07,70,0.56,0,9.997,-1
1003554000,Humid and Partly Cloudy,0,0,78.83,82.17,73.73,0.84,1013.6,6.87,67,0.47,0,9.997,-1
1003640400,Humid and Mostly Cloudy,0,0,78.42,81.48,74.98,0.89,1015.6,7.28,60,0.87,0,9.997,-1
1003726800,Rain and Humid,0.2572,1,74.06,75.76,73.36,0.98,1015.5,10.85,70,1,0,4.334,-1
1003813200,Possible Drizzle and Humid,0.0071,0.6,73.73,75.46,73.41,0.99,1012.7,0,-1,0.5,0,9.997,-1
1003899600,Humid,0,0,77.17,78.79,73.79,0.89,1013.2,0.16,221,0,0,9.997,-1
1003986000,Humid,0,0,75.9,77.65,74.36,0.95,1016.6,3.83,190,0.04,0,9.997,-1
1004072400,Humid,0,0,75.7,77.47,74.39,0.96,1018.1,0,-1,0.1,0,9.861,-1
1004158800,Partly Cloudy,0,0,69.95,70.17,61.62,0.75,1018.9,11.88,342,0.34,0,9.997,-1
1004245200,Clear,0,0,60.93,60.93,44.09,0.54,1021.2,12.08,341,0.04,0,9.997,-1
1004331600,Overcast,0,0,71.86,71.86,53.9,0.53,1024.1,15.77,69,0.9,0,9.997,-1
1004418000,Overcast,0,0,75.09,75.09,58.96,0.57,1023.2,15.28,60,1,0,9.997,-1
1004504400,Mostly Cloudy,0,0,75.21,75.51,62.89,0.66,1021.5,19.49,67,0.65,0,9.997,-1
1004590800,Mostly Cloudy,0,0,76.93,77.8,68,0.74,1018.4,16.12,71,0.71,0,9.997,-1
1004677200,Light Rain,0.067,1,73.59,74.81,69.97,0.88,1017.1,15.7,103,1,0,9.988,-1
1004763600,Drizzle,0.0003,0.73,78.34,79.66,71.81,0.8,1016.2,17.05,79,0.87,0,9.997,-1
1004850000,Mostly Cloudy,0,0,78.06,78.73,66.41,0.67,1014.2,20.73,76,0.81,0,9.997,-1
1004936400,Light Rain,0.0354,1,72.44,73.17,66.11,0.81,1007.5,18.45,75,1,0,8.999,-1
1005022800,Partly Cloudy,0,0,68.93,69.5,64.12,0.85,1012.5,10.15,314,0.39,0,9.997,-1
1005109200,Overcast,0,0,67.86,67.91,59.95,0.76,1022,6.8,349,0.97,0,9.997,-1
1005195600,Partly Cloudy,0,0,64.96,64.96,57.13,0.76,1023.9,3.22,24,0.49,0,9.997,-1
1005282000,Clear,0,0,65.91,66.04,60.16,0.82,1023.4,0.55,357,0.14,0,9.997,-1
1005368400,Partly Cloudy,0,0,66.79,66.79,57.82,0.73,1023,4.56,333,0.54,0,9.997,-1
1005454800,Clear,0,0,66.5,66.81,61.62,0.84,1020.5,1.29,347,0.15,0,9.942,-1
1005541200,Partly Cloudy,0,0,66.85,67.16,61.67,0.83,1020.2,3.68,12,0.51,0,9.997,-1
1005627600,Drizzle,0.0004,1,67.23,67.68,62.77,0.86,1020.8,6.21,357,0.74,0,9.168,-1
1005714000,Clear,0,0,68.15,69.03,66.01,0.93,1017.2,4.53,321,0.31,0,9.997,-1
1005800400,Clear,0,0,67.28,68.01,64.71,0.91,1013,6.91,270,0.01,0,9.997,-1
1005886800,Overcast,0,0,69.32,69.81,63.58,0.82,1013.7,8.43,280,1,0,9.997,-1
1005973200,Clear,0,0,68.63,69.32,64.84,0.88,1016.8,8.75,314,0.24,0,9.997,-1
1006059600,Partly Cloudy,0,0,75,75.24,62.25,0.65,1019.2,13.13,59,0.48,0,9.997,-1
1006146000,Clear,0,0,73.25,73.59,63.11,0.71,1019.8,9.7,86,0.23,0,9.997,-1
1006232400,Partly Cloudy,0,0,69.27,70,65.35,0.87,1017.9,4.22,322,0.53,0,9.997,-1
1006318800,Clear,0,0,67.98,68.68,64.72,0.89,1015.4,1.52,358,0.01,0,9.788,-1
1006405200,Clear,0,0,66.46,66.67,60.91,0.82,1016.8,0,-1,0,0,9.997,-1
1006491600,Clear,0,0,70.14,70.52,62.99,0.78,1017.5,0.71,124,0.14,0,9.997,-1
1006578000,Drizzle,0.0086,0.73,73.06,73.94,67.38,0.82,1016.5,6.86,125,0.52,0,9.997,-1
1006664400,Partly Cloudy,0,0,73.73,74.25,64.71,0.73,1018.4,8.44,114,0.51,0,9.997,-1
1006750800,Drizzle,0.0004,0.95,73.35,74.21,67.27,0.81,1018.3,7.29,98,0.5,0,9.997,-1
1006837200,Clear,0,0,73.22,73.28,60.62,0.65,1018.1,11.16,90,0.26,0,9.997,-1
1006923600,Clear,0,0,72.86,73.05,61.8,0.68,1020.1,9.9,111,0.19,0,9.997,-1
1007010000,Mostly Cloudy,0,0,74.43,74.74,62.91,0.67,1020.5,12.25,102,0.62,0,9.997,-1
1007096400,Partly Cloudy,0,0,72.48,72.81,62.94,0.72,1018.7,7.18,124,0.32,0,9.997,-1
1007182800,Partly Cloudy,0,0,69.67,69.9,61.7,0.76,1018.3,5.72,355,0.52,0,9.997,-1
1007269200,Drizzle,0.0004,1,71.52,72.53,67.91,0.88,1018.3,4.57,344,0.98,0,9.997,-1
1007355600,Light Rain,0.0197,1,71.7,72.7,67.92,0.88,1018.7,4.63,342,0.96,0,9.997,-1
1007442000,Drizzle,0.0003,0.74,74.92,75.51,65.39,0.72,1020.3,10.67,65,0.3,0,9.997,-1
1007528400,Drizzle,0.0086,0.73,74.4,74.88,64.42,0.71,1021.7,17.09,72,0.26,0,9.997,-1
1007614800,Drizzle,0.0018,1,74.99,75.92,68.15,0.79,1020.5,14.08,65,0.88,0,9.997,-1
1007701200,Drizzle,0.0004,1,75.52,76.75,70.58,0.85,1017.3,11.08,95,0.87,0,9.689,-1
1007787600,Drizzle,0.0004,1,75.21,76.6,71.66,0.89,1016.2,8.97,118,0.5,0,9.997,-1
1007874000,Partly Cloudy,0,0,74.36,75.63,70.54,0.88,1015.3,6.11,124,0.43,0,9.997,-1
1007960400,Clear,0,0,73.67,74.72,68.83,0.85,1016.5,7.6,109,0.15,0,9.997,-1
1008046800,Partly Cloudy,0,0,73.65,74.59,67.96,0.82,1018.4,7.26,129,0.44,0,9.997,-1
1008133200,Clear,0,0,74.35,75.44,69.24,0.84,1021.1,8.99,114,0.22,0,9.997,-1
1008219600,Mostly Cloudy,0,0,73.39,74.16,66.62,0.79,1020.3,7.5,67,0.78,0,9.997,-1
1008306000,Clear,0,0,75.29,76.63,71.28,0.87,1016.8,9.91,115,0.26,0,9.997,-1
1008392400,Clear,0,0,74.28,75.44,69.79,0.86,1018.3,7.24,117,0.03,0,9.997,-1
1008478800,Partly Cloudy,0,0,74.35,75.03,66.1,0.75,1020.7,9.59,81,0.44,0,9.997,-1
1008565200,Drizzle,0.0004,1,75.54,76.51,68.62,0.79,1019.1,15.24,110,0.98,0,9.997,-1
1008651600,Clear,0,0,69.25,69.89,64.63,0.85,1014,4.65,264,0,0,9.997,-1
1008738000,Clear,0,0,67.35,67.47,60.42,0.78,1013.6,2.84,0,0.25,0,9.997,-1
1008824400,Clear,0,0,66.63,66.63,57.87,0.73,1017.4,10.59,300,0,0,9.997,-1
1008910800,Clear,0,0,60.99,60.99,50.75,0.69,1021.9,8.95,336,0,0,9.997,-1
1008997200,Partly Cloudy,0,0,69.63,69.63,51.68,0.53,1023.4,10.24,59,0.34,0,9.997,-1
1009083600,Overcast,0,0,71.24,71.24,56.39,0.59,1021.8,12.22,83,0.88,0,9.997,-1
1009170000,Drizzle,0.0003,0.74,71.16,71.67,64.19,0.79,1017.2,8.34,131,0.17,0,9.997,-1
1009256400,Clear,0,0,69.16,69.81,64.7,0.86,1014.6,4.31,306,0.02,0,9.997,-1
1009342800,Drizzle,0.0004,0.97,66.13,66.28,60.38,0.82,1011.2,10.67,332,1,0,9.997,-1
1009429200,Partly Cloudy,0,0,53.26,53.26,38.5,0.57,1019.2,7.27,342,0.52,0,9.997,-1
1009515600,Overcast,0,0,60.91,60.91,51.97,0.72,1018.2,0,-1,0.94,0,9.997,-1
1009602000,Clear,0,0,65.13,65.23,59.77,0.83,1016.1,5.86,167,0.02,0,9.997,-1
1009688400,Mostly Cloudy,0,0,65.94,66.65,64.18,0.94,1017.1,4.47,277,0.61,0,9.997,-1
1009774800,Clear,0,0,66.52,67.09,63.43,0.9,1016.8,0,-1,0.29,0,9.997,-1
1009861200,Clear,0,0,62.68,63.23,61.96,0.97,1015.4,12.4,320,0.2,0,7.742,-1
1009947600,Mostly Cloudy,0,0,68.4,68.4,58.29,0.7,1017.2,10.06,90,0.67,0,9.997,-1
1010034000,Overcast,0,0,66.47,67.37,65.59,0.97,1013,5.34,216,0.9,0,9.997,-1
1010120400,Overcast,0,0,48.51,42.91,41.33,0.76,1022.2,14.27,338,0.98,0,9.997,-1
1010206800,Clear,0,0,46.31,43.19,35.25,0.65,1026.6,6.15,343,0.18,0,9.997,-1
1010293200,Overcast,0,0,69.51,69.51,58.19,0.67,1019.3,11.35,153,1,0,9.997,-1
1010379600,Overcast,0,0,64.62,65.34,63.77,0.97,1015.5,6.52,227,1,0,9.99,-1
1010466000,Clear,0,0,50.11,50.11,42.26,0.74,1022.4,10.07,331,0.16,0,9.997,-1
1010552400,Clear,0,0,47.73,43.49,36.79,0.66,1024.9,9.29,334,0,0,9.997,-1
1010638800,Clear,0,0,50.25,50.25,35.02,0.56,1025.3,4.91,339,0,0,9.997,-1
1010725200,Clear,0,0,57.59,57.59,55.1,0.91,1022,0,-1,0.12,0,9.997,-1
1010811600,Clear,0,0,62.98,63.02,58.74,0.86,1020.2,2.84,319,0.01,0,9.886,-1
1010898000,Clear,0,0,63.17,63.17,56.9,0.8,1015.9,4.69,185,0.09,0,9.997,-1
1010984400,Clear,0,0,67.91,68.79,65.92,0.93,1017.9,5.23,109,0.26,0,9.997,-1
1011070800,Clear,0,0,73.15,74.65,71.79,0.96,1016.4,8.05,175,0.07,0,9.666,-1
1011157200,Partly Cloudy,0,0,66.11,66.67,63.2,0.9,1020.4,8.33,0,0.53,0,9.945,-1
1011243600,Clear,0,0,70.85,72.02,68.76,0.93,1021.1,8.26,110,0.16,0,9.997,-1
1011330000,Mostly Cloudy,0,0,71.76,73.01,69.65,0.93,1020.3,4.58,158,0.67,0,9.997,-1
1011416400,Clear,0,0,69.91,70.77,66.38,0.89,1020,3.9,15,0.28,0,9.176,-1
1011502800,Clear,0,0,69.88,71.13,69,0.97,1018.2,5.63,189,0,0,9.997,-1
1011589200,Clear,0,0,70.74,72.14,70.28,0.98,1019.8,4.21,134,0,0,9.968,-1
1011675600,Clear,0,0,72.36,73.92,71.91,0.98,1022.3,0,-1,0.2,0,9.997,-1
1011762000,Clear,0,0,73.41,74.59,69.68,0.88,1024,11.81,101,0.01,0,9.997,-1
1011848400,Clear,0,0,73.41,74.27,67.31,0.81,1022.2,12.61,128,0.13,0,9.997,-1
1011934800,Clear,0,0,67.55,68.72,67.55,1,1017.9,0.52,178,0,0,9.997,-1
1012021200,Clear,0,0,69.25,69.95,65.12,0.87,1020.3,3.46,218,0.1,0,9.997,-1
1012107600,Clear,0,0,70.2,71.31,68.17,0.93,1021.7,0.22,108,0,0,9.315,-1
1012194000,Clear,0,0,68.71,69.67,66.73,0.93,1022.2,4.92,89,0,0,9.997,-1
1012280400,Clear,0,0,70.17,71.26,68.09,0.93,1020.7,3.63,93,0.09,0,9.997,-1
1012366800,Light Rain,0.02,0.96,72.98,74.29,70.46,0.92,1021.3,9.15,98,0.47,0,9.997,-1
1012453200,Clear,0,0,74.86,75.8,68.22,0.8,1021.8,8.79,114,0.28,0,9.997,-1
1012539600,Mostly Cloudy,0,0,73.87,74.91,68.82,0.84,1020.5,6.71,90,0.71,0,9.997,-1
1012626000,Mostly Cloudy,0,0,71.14,72.48,70.04,0.96,1021,1.23,177,0.76,0,9.997,-1
1012712400,Possible Drizzle,0.0003,0.6,72.84,74.23,70.93,0.94,1020.8,3.21,294,0.28,0,8.314,-1
1012798800,Clear,0,0,71.27,71.99,65.76,0.83,1020,7.05,296,0.1,0,9.997,-1
1012885200,Clear,0,0,62.17,62.17,48.86,0.62,1021.3,7.87,349,0,0,9.997,-1
1012971600,Partly Cloudy,0,0,67.51,67.51,55.85,0.66,1022.8,14.98,90,0.58,0,9.997,-1
1013058000,Clear,0,0,73.14,73.29,61.41,0.67,1019.4,10.29,151,0.15,0,9.997,-1
1013144400,Overcast,0,0,67.59,68.23,64.18,0.89,1018,12.28,320,1,0,9.997,-1
1013230800,Mostly Cloudy,0,0,69.51,69.51,59.2,0.7,1020.3,11.53,91,0.64,0,9.997,-1
1013317200,Rain,0.2038,1,71.27,72.52,69.46,0.94,1021.1,11.61,105,1,0,7.935,-1
1013403600,Drizzle,0.0056,0.69,69.93,71.25,69.47,0.98,1020.9,8.17,313,0.98,0,9.997,-1
1013490000,Clear,0,0,65.77,66.06,61.3,0.86,1020.8,4.76,342,0.24,0,9.997,-1
1013576400,Clear,0,0,69.88,70.72,66.27,0.88,1018.7,1.81,142,0.27,0,9.997,-1
1013662800,Overcast,0,0,70.73,71.25,64.17,0.8,1018.8,6.57,12,1,0,9.997,-1
1013749200,Mostly Cloudy,0,0,64.26,64.26,58.08,0.8,1021.3,7.62,353,0.73,0,9.997,-1
1013835600,Partly Cloudy,0,0,71.22,72.05,66.56,0.85,1018.6,0.21,120,0.36,0,9.997,-1
1013922000,Clear,0,0,63.59,63.86,60.45,0.9,1016.8,5.22,332,0.17,0,9.971,-1
1014008400,Clear,0,0,56.2,56.2,47.26,0.72,1019.5,5.18,359,0,0,9.997,-1
1014094800,Mostly Cloudy,0,0,65.25,65.25,48.82,0.55,1023.9,14.16,63,0.72,0,9.997,-1
1014181200,Mostly Cloudy,0,0,70.01,70.01,52.71,0.54,1022.4,16.61,118,0.78,0,9.997,-1
1014267600,Mostly Cloudy,0,0,72.42,72.79,63.23,0.73,1019.3,8.02,148,0.67,0,9.997,-1
1014354000,Clear,0,0,70.96,71.82,66.75,0.87,1016,4.96,183,0.26,0,9.997,-1
1014440400,Overcast,0,0,67.61,68.41,65.31,0.92,1011.6,5.7,46,0.91,0,9.997,-1
1014526800,Overcast,0,0,58.56,58.56,54.11,0.85,1015.5,16.12,296,1,0,9.997,-1
1014613200,Clear,0,0,59.46,59.46,53.59,0.81,1022,6.98,342,0.11,0,9.958,-1
1014699600,Clear,0,0,63.76,63.76,56.16,0.76,1019.8,0.3,21,0.05,0,9.997,-1
1014786000,Clear,0,0,67.38,67.68,61.73,0.82,1017,5.49,256,0.04,0,9.997,-1
1014872400,Clear,0,0,51.15,51.15,38.79,0.63,1021.5,9.66,327,0,0,9.997,-1
1014958800,Overcast,0,0,65.64,65.64,56.78,0.73,1022.7,12.51,79,0.9,0,9.997,-1
1015045200,Overcast,0,0,71.66,72.08,63.55,0.76,1020.5,17.61,117,1,0,9.997,-1
1015131600,Clear,0,0,74.67,75.79,69.54,0.84,1017.5,14.43,166,0.06,0,9.997,-1
1015218000,Humid,0,0,75.07,76.53,72.08,0.9,1017.5,8.33,175,0.2,0,9.997,-1
1015304400,Overcast,0,0,53.76,53.76,41.84,0.64,1025.5,11.28,334,1,0,9.997,-1
1015390800,Overcast,0,0,67.95,67.95,54.51,0.62,1026.3,14.32,67,1,0,9.997,-1
1015477200,Mostly Cloudy,0,0,69.78,70.32,64.09,0.82,1022.1,13.39,77,0.71,0,9.997,-1
1015563600,Mostly Cloudy,0,0,68.67,69.53,66.07,0.91,1020.7,5.36,103,0.84,0,9.997,-1
1015650000,Clear,0,0,67.64,68.39,65.01,0.91,1021.9,6.56,59,0.16,0,9.997,-1
1015736400,Clear,0,0,69.46,70.28,66.04,0.89,1023.1,2.83,282,0.05,0,9.997,-1
1015822800,Possible Drizzle,0.001,0.64,70.22,71.18,67.19,0.9,1021.6,5.78,6,0.97,0,9.997,-1
1015909200,Partly Cloudy,0,0,73.26,73.9,65.57,0.77,1019.3,13.47,92,0.37,0,9.997,-1
1015995600,Partly Cloudy,0,0,71.33,72.34,67.88,0.89,1016.2,4.42,222,0.38,0,9.997,-1
1016082000,Clear,0,0,71.03,71.98,67.42,0.88,1016.4,6.28,266,0.01,0,9.997,-1
1016168400,Clear,0,0,73.32,74.48,69.47,0.88,1018.5,0.16,103,0.01,0,9.997,-1
1016254800,Clear,0,0,74.89,75.78,67.86,0.79,1020.5,5.07,129,0.19,0,9.997,-1
1016341200,Clear,0,0,73.2,73.39,61.77,0.67,1019.9,9.89,99,0,0,9.997,-1
1016427600,Clear,0,0,74.68,75.4,66.44,0.76,1021,6.85,87,0.12,0,9.997,-1
1016514000,Clear,0,0,73.13,73.47,63.09,0.71,1019.7,8.51,109,0,0,9.997,-1
1016600400,Partly Cloudy,0,0,75.14,75.81,66.04,0.73,1018.8,11.53,107,0.41,0,9.997,-1
1016686800,Clear,0,0,73.29,74.04,66.44,0.79,1017.9,0.3,159,0.02,0,9.997,-1
1016773200,Clear,0,0,73.6,74.11,64.5,0.73,1015.5,8.66,271,0,0,9.997,-1
1016859600,Partly Cloudy,0,0,67.52,67.76,61.3,0.8,1018.4,8.45,13,0.32,0,9.997,-1
1016946000,Mostly Cloudy,0,0,73.27,73.27,60.02,0.63,1019.2,9.93,100,0.65,0,9.997,-1
1017032400,Partly Cloudy,0,0,75.21,75.93,66.51,0.74,1018.5,10.07,107,0.34,0,9.997,-1
1017118800,Clear,0,0,76.72,77.86,70.13,0.8,1018.5,9.87,101,0.3,0,9.997,-1
1017205200,Clear,0,0,72.48,73.48,68.13,0.86,1017.4,4.17,336,0.03,0,9.997,-1
1017291600,Mostly Cloudy,0,0,73.73,74.75,68.57,0.84,1015.3,8.48,306,0.74,0,9.997,-1
1017378000,Clear,0,0,74.44,75.13,66.12,0.75,1015.5,7.27,78,0.11,0,9.997,-1
1017464400,Clear,0,0,75.08,76.02,68.3,0.79,1017.7,9.2,138,0.12,0,9.997,-1
1017550800,Clear,0,0,75.14,75.82,66.14,0.74,1017.2,10.21,126,0.24,0,9.997,-1
1017637200,Clear,0,0,74.67,75.68,68.69,0.82,1015.5,0.25,135,0.25,0,9.997,-1
1017723600,Overcast,0,0,73.54,74.5,68.07,0.83,1015.3,3.2,208,0.95,0,9.997,-1
1017810000,Clear,0,0,73.42,74.47,68.73,0.85,1017.6,0.58,112,0.14,0,9.997,-1
1017896400,Clear,0,0,69.86,70.75,66.57,0.89,1018.4,3.56,255,0.26,0,9.997,-1
1017982800,Mostly Cloudy,0,0,75.19,76.03,67.5,0.77,1018.5,0.51,228,0.67,0,9.997,-1
1018069200,Mostly Cloudy,0,0,71.51,71.97,63.79,0.77,1016.5,6.67,340,0.71,0,9.997,-1
1018155600,Clear,0,0,71.3,71.3,51.72,0.5,1019.5,11.99,40,0.02,0,9.997,-1
1018242000,Mostly Cloudy,0,0,73.04,73.16,61.15,0.66,1021.9,19.4,90,0.72,0,9.997,-1
1018328400,Partly Cloudy,0,0,73.75,73.83,60.8,0.64,1023.4,15.46,120,0.48,0,9.997,-1
1018414800,Possible Drizzle,0.0016,0.31,74.53,75.24,66.27,0.75,1023.1,11.37,114,0.96,0,9.997,-1
1018501200,Clear,0,0,74.24,74.47,62.14,0.66,1022.6,10.13,109,0.11,0,9.997,-1
1018587600,Clear,0,0,73.01,73.29,62.54,0.7,1020.8,7.46,115,0.06,0,9.997,-1
1018674000,Partly Cloudy,0,0,73.46,73.68,62.05,0.68,1019.7,10.98,108,0.54,0,9.997,-1
1018760400,Possible Drizzle,0.0003,0.63,75.47,76.22,66.8,0.75,1018.7,11.27,116,0.27,0,9.997,-1
1018846800,Clear,0,0,71.52,72.2,65.54,0.81,1018.7,2.28,92,0.04,0,9.997,-1
1018933200,Clear,0,0,75.58,76.53,68.45,0.79,1019.6,9.54,108,0.12,0,9.997,-1
1019019600,Clear,0,0,76.51,77.38,67.96,0.75,1021.2,10.72,94,0.19,0,9.997,-1
1019106000,Clear,0,0,76.44,77.14,66.54,0.72,1020.8,11.13,93,0.28,0,9.997,-1
1019192400,Clear,0,0,74.83,75.48,65.89,0.74,1019.5,7.12,101,0,0,9.997,-1
1019278800,Clear,0,0,74.54,75.02,64.43,0.71,1018.5,7.09,101,0.15,0,9.997,-1
1019365200,Clear,0,0,74.78,75.45,66.01,0.74,1016.2,7.83,109,0,0,9.997,-1
1019451600,Clear,0,0,74.47,75.19,66.47,0.76,1016.9,3.26,156,0.02,0,9.997,-1
1019538000,Clear,0,0,76.08,77.03,68.49,0.77,1017.1,4.11,182,0,0,9.997,-1
1019624400,Clear,0,0,78.41,79.69,71.55,0.8,1017.1,1.03,152,0.03,0,9.997,-1
1019710800,Partly Cloudy,0,0,78.39,78.94,65.29,0.64,1018.8,13.12,99,0.4,0,9.997,-1
1019797200,Clear,0,0,75.17,75.68,64.74,0.7,1019.9,8.22,113,0,0,9.997,-1
1019883600,Clear,0,0,76.52,77.01,64.72,0.67,1021,8.45,108,0,0,9.997,-1
1019970000,Clear,0,0,76.5,77.03,65.01,0.68,1021.6,10.18,101,0.09,0,9.997,-1
1020056400,Clear,0,0,73.82,74.34,64.67,0.73,1018.5,4.41,163,0.09,0,9.997,-1
1020142800,Clear,0,0,75.93,76.86,68.31,0.77,1016,5.7,220,0.09,0,9.997,-1
1020229200,Clear,0,0,77.78,78.75,68.91,0.74,1017,4.64,237,0,0,9.997,-1
1020315600,Clear,0,0,78.59,79.74,70.6,0.77,1016.5,3.79,212,0,0,9.997,-1
1020402000,Humid,0,0,76.9,78.29,72.02,0.85,1016.9,3.6,149,0,0,9.997,-1
1020488400,Clear,0,0,78.27,79.4,70.34,0.77,1018.4,5.74,108,0,0,9.997,-1
1020574800,Clear,0,0,78.97,81.8,70.63,0.76,1020.6,8.03,125,0.05,0,9.997,-1
1020661200,Clear,0,0,79.12,81.97,70.31,0.74,1021.9,9.06,80,0.15,0,9.997,-1
1020747600,Clear,0,0,79.83,82.66,69.13,0.7,1021.4,8.13,94,0.01,0,9.997,-1
1020834000,Clear,0,0,78.9,81.67,70.57,0.76,1019.5,8.75,98,0.16,0,9.997,-1
1020920400,Clear,0,0,77.68,78.32,66,0.67,1019.1,10.34,105,0.23,0,9.997,-1
1021006800,Clear,0,0,78.02,78.46,64.22,0.63,1020.2,10.61,96,0.16,0,9.997,-1
1021093200,Clear,0,0,78.98,79.57,65.54,0.63,1021.7,15.26,101,0.31,0,9.997,-1
1021179600,Drizzle,0.005,1,78.62,79.57,68.9,0.72,1022.9,18.17,92,0.39,0,9.997,-1
1021266000,Clear,0,0,78.89,79.62,66.92,0.67,1020.7,13.44,115,0.12,0,9.997,-1
1021352400,Clear,0,0,78.5,79.62,70.27,0.76,1015.3,4.36,202,0.01,0,9.997,-1
1021438800,Mostly Cloudy,0,0,75.61,77.03,71.96,0.88,1015.4,0.92,279,0.73,0,9.997,-1
1021525200,Drizzle and Humid,0.0124,0.88,77.8,79.32,73.21,0.86,1019.6,7.58,86,0.72,0,9.997,-1
1021611600,Partly Cloudy,0,0,78.81,81.77,71.85,0.79,1019.4,4.87,116,0.39,0,9.997,-1
1021698000,Clear,0,0,79.95,83.58,71.64,0.76,1015.1,6.08,135,0.01,0,9.997,-1
1021784400,Humid,0,0,77.61,79.19,73.63,0.88,1013.2,5.7,186,0.03,0,9.942,-1
1021870800,Light Rain,0.072,1,70,71.27,69.19,0.97,1013.3,5.18,289,1,0,6.834,-1
1021957200,Mostly Cloudy,0,0,73.47,74.66,69.72,0.88,1015.2,7.77,11,0.77,0,9.997,-1
1022043600,Partly Cloudy,0,0,73.29,74.24,67.99,0.84,1015.3,11.24,354,0.42,0,9.997,-1
1022130000,Partly Cloudy,0,0,76.56,77,64.23,0.66,1016,12.16,47,0.35,0,9.997,-1
1022216400,Partly Cloudy,0,0,76.46,76.95,64.62,0.67,1017.4,14.8,59,0.44,0,9.997,-1
1022302800,Partly Cloudy,0,0,74.97,75.01,60.38,0.6,1017.6,14.13,75,0.36,0,9.997,-1
1022389200,Mostly Cloudy,0,0,77.06,77.53,64.4,0.65,1016.3,12.64,97,0.77,0,9.997,-1
1022475600,Humid and Partly Cloudy,0,0,78.27,79.68,72.59,0.83,1014.2,9.96,87,0.35,0,9.997,-1
1022562000,Partly Cloudy,0,0,77.14,78.25,69.94,0.79,1012.4,14.87,86,0.48,0,9.997,-1
1022648400,Clear,0,0,75.73,76.34,65.69,0.71,1011.6,3.68,66,0.11,0,9.997,-1
1022734800,Humid,0,0,78.97,82.42,73.63,0.84,1010,6.76,153,0.1,0,9.997,-1
1022821200,Humid and Mostly Cloudy,0,0,79.27,83.02,73.69,0.83,1009.4,8.34,136,0.72,0,9.997,-1
1022907600,Humid,0,0,75.92,77.48,73.04,0.91,1010.6,7.96,121,0.11,0,9.997,-1
1022994000,Humid,0,0,78.62,81.59,72.77,0.82,1012,3.66,104,0.05,0,9.997,-1
1023080400,Humid and Partly Cloudy,0,0,78.87,82.07,72.92,0.82,1013.3,0.27,164,0.39,0,9.997,-1
1023166800,Humid and Partly Cloudy,0,0,80.23,84.98,74.13,0.82,1015,3.58,125,0.38,0,9.997,-1
1023253200,Clear,0,0,80.61,84.75,71.99,0.75,1015.5,8.47,101,0.11,0,9.997,-1
1023339600,Humid and Partly Cloudy,0,0,79.67,83.28,72.11,0.78,1014,5.5,89,0.36,0,9.997,-1
1023426000,Humid and Partly Cloudy,0,0,80.04,84.12,72.74,0.78,1013.7,2.11,158,0.38,0,9.997,-1
1023512400,Humid,0,0,76.28,77.85,73.22,0.9,1015.2,3.88,48,0.19,0,8.972,-1
1023598800,Humid and Partly Cloudy,0,0,76.89,78.4,72.95,0.88,1016.2,5.41,31,0.48,0,9.997,-1
1023685200,Clear,0,0,79.93,83.52,71.54,0.76,1013.3,8,69,0.02,0,9.997,-1
1023771600,Drizzle,0.0101,1,78.8,81.65,71.32,0.78,1013.1,9.91,102,0.35,0,9.997,-1
1023858000,Humid and Mostly Cloudy,0,0,75.97,77.58,73.36,0.92,1012.3,3.74,157,0.69,0,9.997,-1
1023944400,Humid,0,0,78.35,79.97,74.17,0.87,1013.8,5.23,191,0.18,0,9.997,-1
1024030800,Humid and Overcast,0,0,77.54,79.31,74.95,0.92,1012.3,11.58,226,0.91,0,9.997,-1
1024117200,Light Rain,0.0166,1,73.56,75.01,71.6,0.94,1014,4.97,269,0.97,0,9.997,-1
1024203600,Humid,0,0,74.93,76.46,72.58,0.92,1014.4,5.59,230,0.07,0,9.997,-1
1024290000,Humid,0,0,78.89,82.32,73.96,0.85,1015.8,0.61,224,0.05,0,9.997,-1
1024376400,Humid,0,0,79.5,83.21,72.84,0.8,1015.1,4.03,92,0.24,0,9.997,-1
1024462800,Drizzle and Humid,0.0153,1,76.75,78.22,72.63,0.87,1018.2,3.33,90,0.75,0,9.997,-1
1024549200,Humid and Mostly Cloudy,0,0,78.65,81.7,73.13,0.83,1019.5,4.25,130,0.73,0,9.997,-1
1024635600,Rain,0.1843,1,73.2,74.62,71.27,0.94,1019.3,9.94,216,0.99,0,3.236,-1
1024722000,Light Rain and Humid,0.0776,0.84,78.85,82.39,74.63,0.87,1016.7,8.33,122,0.94,0,9.997,-1
1024808400,Humid and Mostly Cloudy,0.009,0.1,79.24,83.35,75.18,0.87,1019,7.66,131,0.76,0,9.997,-1
1024894800,Clear,0,0,75,76.34,71.23,0.88,1019.6,0.14,90,0.04,0,9.997,-1
1024981200,Possible Drizzle,0.0007,0.4,75.09,76.45,71.44,0.88,1019.6,5.32,149,0.9,0,9.997,-1
1025067600,Humid,0,0,78.22,79.98,75.09,0.9,1020.2,0.17,99,0.17,0,9.997,-1
1025154000,Humid,0,0,78.02,79.44,72.6,0.83,1019.8,0.12,96,0.26,0,9.997,-1
1025240400,Humid,0,0,78.07,79.65,73.74,0.87,1018.7,0.32,131,0.1,0,9.997,-1
1025326800,Humid,0,0,78.78,82.01,73.49,0.84,1020,3.38,99,0.12,0,9.997,-1
1025413200,Humid,0,0,82.04,88.44,74.58,0.78,1020.2,8.31,111,0.23,0,9.997,-1
1025499600,Humid and Partly Cloudy,0,0,78.71,81.84,73.24,0.83,1019.8,4.7,101,0.37,0,9.997,-1
1025586000,Drizzle and Humid,0.0112,0.95,73.74,75.45,73.37,0.99,1018.9,0.34,180,0.2,0,7.14,-1
1025672400,Humid,0,0,78.19,79.6,72.53,0.83,1017.6,3.29,179,0.25,0,9.997,-1
1025758800,Humid,0,0,77.9,79.64,74.91,0.91,1016.9,0.25,256,0.05,0,7.744,-1
1025845200,Humid,0,0,77.82,79.49,74.31,0.89,1016.9,0.19,270,0.24,0,2.929,-1
1025931600,Humid,0,0,75.75,77.2,72.18,0.89,1016.7,2.67,261,0,0,9.997,-1
1026018000,Humid and Partly Cloudy,0,0,79.43,83.12,72.98,0.81,1016.9,5.09,121,0.48,0,9.997,-1
1026104400,Rain and Humid,0.1391,1,76,77.47,72.49,0.89,1018.5,11.48,119,0.98,0,7.22,-1
1026190800,Humid and Mostly Cloudy,0,0,78.12,79.58,72.89,0.84,1019.6,4.49,86,0.68,0,9.997,-1
1026277200,Drizzle and Humid,0.0054,1,75.24,76.84,73.08,0.93,1019.1,0.39,93,0.52,0,9.997,-1
1026363600,Humid,0,0,75.08,76.63,72.7,0.92,1018,0.13,134,0.05,0,9.997,-1
1026450000,Humid,0,0,76.53,78.18,73.84,0.91,1016.2,1.86,195,0.01,0,9.997,-1
1026536400,Humid,0,0,73.66,75.28,72.71,0.97,1015.1,0.49,137,0.11,0,9.997,-1
1026622800,Humid and Partly Cloudy,0,0,80.15,84.86,74.2,0.82,1017.9,5,208,0.44,0,9.997,-1
1026709200,Humid and Partly Cloudy,0,0,82.71,90.45,75.76,0.8,1018.9,4.11,183,0.54,0,9.997,-1
1026795600,Humid,0,0,82.22,88.68,74.49,0.78,1019.4,4.18,129,0.01,0,9.997,-1
1026882000,Humid,0,0,81.88,88.19,74.63,0.79,1019.3,2.48,180,0.16,0,9.997,-1
1026968400,Humid,0,0,78.31,81.23,75,0.9,1017.1,1.77,180,0.1,0,9.997,-1
1027054800,Humid,0,0,80.61,85.81,74.4,0.81,1017.1,0.21,180,0.23,0,9.997,-1
1027141200,Humid,0,0,80.92,85.76,73.17,0.77,1018,0.17,185,0,0,9.997,-1
1027227600,Humid,0,0,82.25,87.94,73.26,0.74,1019.1,5.36,137,0.05,0,9.997,-1
1027314000,Humid,0,0,82.48,88.07,72.9,0.73,1018.3,4.33,149,0.21,0,9.997,-1
1027400400,Humid and Partly Cloudy,0,0,82.96,89.14,73.43,0.73,1019.5,10.62,110,0.43,0,9.997,-1
1027486800,Humid,0,0,82.29,88.77,74.44,0.77,1020.2,6.9,96,0.11,0,9.997,-1
1027573200,Humid and Mostly Cloudy,0.0008,0.08,82.7,90.57,75.95,0.8,1019.9,7.02,114,0.65,0,9.997,-1
1027659600,Light Rain and Humid,0.0203,0.92,81.49,89,76.83,0.86,1020.5,3.02,76,0.03,0,9.997,-1
1027746000,Humid and Partly Cloudy,0,0,80.99,86.49,74.38,0.8,1020.8,5.12,96,0.45,0,9.997,-1
1027832400,Humid,0,0,82.72,90.4,75.69,0.79,1020.3,8.46,119,0.12,0,9.997,-1
1027918800,Humid,0,0,82.58,89.12,74.25,0.76,1020.1,7.18,103,0.17,0,9.997,-1
1028005200,Humid,0,0,83.5,91.58,75.49,0.77,1020.2,7.8,83,0.04,0,9.997,-1
1028091600,Humid and Mostly Cloudy,0,0,82.7,90.99,76.46,0.81,1020,3.51,93,0.7,0,9.997,-1
1028178000,Humid,0,0,80.52,86.86,76.35,0.87,1016.1,3.97,224,0.1,0,9.997,-1
1028264400,Clear,0,0,80.77,84.11,69.75,0.69,1013.9,5.64,248,0.03,0,9.997,-1
1028350800,Humid,0,0,80.75,86.33,74.97,0.83,1014.8,0.53,223,0.26,0,9.997,-1
1028437200,Humid,0,0,78.44,79.93,73.19,0.84,1017.9,0.49,94,0,0,9.997,-1
1028523600,Humid,0,0,80.09,84.53,73.66,0.81,1018.3,5.63,8,0.25,0,9.997,-1
1028610000,Humid,0,0,82.06,88.06,73.93,0.76,1014.7,0.26,168,0,0,9.997,-1
1028696400,Humid,0,0,78.24,79.79,73.64,0.86,1012.2,3.8,246,0.03,0,9.997,-1
1028782800,Clear,0,0,74.8,76.01,70.25,0.86,1013.6,6.37,318,0.01,0,9.251,-1
1028869200,Drizzle and Humid,0.005,1,80.59,85.05,72.81,0.77,1016.1,6.9,89,0.7,0,9.997,-1
1028955600,Clear,0,0,81.83,85.56,69.91,0.67,1016.3,12.36,79,0.14,0,9.997,-1
1029042000,Clear,0,0,80.33,84.25,71.85,0.75,1016.7,6,101,0.11,0,9.997,-1
1029128400,Humid and Partly Cloudy,0,0,76.51,78.35,75.07,0.95,1017.7,2.35,309,0.36,0,9.997,-1
1029214800,Humid,0,0,81.92,88.38,74.81,0.79,1019.3,5.01,105,0.02,0,9.997,-1
1029301200,Humid and Partly Cloudy,0,0,82.02,88,73.93,0.77,1019,5.59,102,0.37,0,9.997,-1
1029387600,Humid and Mostly Cloudy,0,0,81.85,90.06,77.25,0.86,1019.4,4.02,77,0.64,0,9.997,-1
1029474000,Humid and Partly Cloudy,0,0,81.04,86.17,73.6,0.78,1020.8,10.51,95,0.34,0,9.997,-1
1029560400,Humid and Partly Cloudy,0,0,82,88.68,75.04,0.8,1021.3,3.09,85,0.44,0,9.997,-1
1029646800,Humid,0,0,81.54,87.95,75.2,0.81,1019.8,5.9,117,0.14,0,9.997,-1
1029733200,Humid,0,0,81.3,86.44,73.28,0.77,1017.1,3.86,100,0.01,0,9.997,-1
1029819600,Humid and Mostly Cloudy,0,0,82.19,87.34,72.41,0.72,1016.8,4.95,129,0.65,0,9.997,-1
1029906000,Humid,0,0,76.98,78.6,73.78,0.9,1018.2,4.79,138,0.17,0,9.997,-1
1029992400,Humid,0,0,80.74,85.41,73.04,0.77,1020.6,10.01,108,0.26,0,9.997,-1
1030078800,Humid,0,0,81.4,87.43,74.76,0.8,1019.1,2.65,86,0.02,0,9.997,-1
1030165200,Humid,0,0,82.14,87.57,72.93,0.74,1016.3,5.63,99,0.03,0,9.997,-1
1030251600,Clear,0,0,79.74,82.86,70.3,0.73,1015.8,0.58,120,0.26,0,9.997,-1
1030338000,Humid and Partly Cloudy,0,0,79.91,84.06,73.24,0.8,1015.4,4,202,0.39,0,9.997,-1
1030424400,Humid,0,0,78.84,82.44,75.1,0.88,1015.4,0.79,160,0,0,9.997,-1
1030510800,Humid,0,0,78.26,79.77,73.34,0.85,1016.3,0.1,156,0.02,0,9.997,-1
1030597200,Humid and Partly Cloudy,0,0,77.86,79.64,75.09,0.91,1014.4,0.39,105,0.38,0,9.997,-1
1030683600,Humid,0,0,81.87,87.9,74.2,0.78,1013.4,7.38,115,0.26,0,9.997,-1
1030770000,Humid,0,0,80.69,86.27,75.07,0.83,1016.2,2.78,96,0.08,0,9.997,-1
1030856400,Humid,0.0008,0.08,79.71,84.2,74.73,0.85,1016.3,1.65,80,0.11,0,9.997,-1
1030942800,Humid,0,0,82.33,89.32,75.14,0.79,1014.9,4.52,151,0.11,0,9.997,-1
1031029200,Humid,0,0,81.49,88.11,75.62,0.82,1014.2,0.7,298,0.15,0,9.997,-1
1031115600,Drizzle and Humid,0.0097,0.92,78.89,82.87,76.52,0.92,1014.5,0.35,233,0.26,0,9.997,-1
1031202000,Humid,0,0,80.46,85.98,75.4,0.85,1014.8,2.29,209,0.03,0,9.997,-1
1031288400,Humid,0,0,78.68,82.12,75.27,0.89,1013.7,5.87,112,0.2,0,9.997,-1
1031374800,Humid,0,0,81.43,86.83,73.62,0.77,1014.4,5.68,64,0.12,0,9.997,-1
1031461200,Humid and Partly Cloudy,0,0,81.87,87.37,73.31,0.75,1014.8,13.72,74,0.54,0,9.997,-1
1031547600,Humid,0,0,78.36,79.88,73.4,0.85,1014.1,0.64,53,0.28,0,9.997,-1
1031634000,Humid,0,0,80.44,85.82,75.12,0.84,1012.4,1.49,271,0.25,0,9.997,-1
1031720400,Drizzle and Humid,0.0113,1,75.63,77.27,73.55,0.93,1014.1,9.53,270,0.89,0,9.997,-1
1031806800,Possible Drizzle,0.0005,0.31,71.73,72.91,69.2,0.92,1013.4,0.66,42,0.59,0,9.997,-1
1031893200,Humid and Partly Cloudy,0,0,81.86,90.88,78.01,0.88,1014.8,12.44,109,0.51,0,9.997,-1
1031979600,Humid and Mostly Cloudy,0.0063,0.2,82.1,89.83,76.42,0.83,1017.2,7.95,83,0.85,0,9.997,-1
1032066000,Humid,0,0,82.32,89.62,75.58,0.8,1018.3,8.41,102,0.17,0,9.997,-1
1032152400,Humid,0,0,81.83,88.29,74.93,0.8,1017.4,8.86,90,0.2,0,9.997,-1
1032238800,Humid,0,0,80.91,86.36,74.4,0.81,1015.6,5.46,76,0.11,0,9.997,-1
1032325200,Humid,0,0,82.35,90.43,76.59,0.83,1013.9,7.7,88,0.12,0,9.997,-1
1032411600,Light Rain and Humid,0.0551,0.92,81.09,88.87,77.4,0.89,1012.8,7.92,128,0.37,0,9.997,-1
1032498000,Possible Drizzle and Humid,0.0041,0.27,82.64,90.98,76.6,0.82,1012.3,10.1,127,0.24,0,9.997,-1
