time,summary,precipIntensity,precipProbability,temperature,apparentTemperature,dewPoint,humidity,pressure,windSpeed,windBearing,cloudCover,uvIndex,visibility,nearestStormDistance
946702800,Clear,0,0,64.84,65,60.1,0.85,1021.7,1.33,73,0.1,0,8.17,-1
946789200,Clear,0,0,68.39,68.72,62.17,0.81,1023.1,4.92,84,0.08,0,9.997,-1
946875600,Clear,0,0,65.11,65.42,61.24,0.87,1022,1.05,30,0.29,0,9.491,-1
946962000,Partly Cloudy,0,0,72.78,73.98,69.59,0.9,1020.2,9.58,116,0.44,0,9.997,-1
947048400,Partly Cloudy,0,0,70.14,71.21,67.93,0.93,1019.7,0.41,180,0.38,0,9.997,-1
947134800,Overcast,0,0,72.75,73.54,66.65,0.81,1022.2,11.47,77,0.89,0,9.997,-1
947221200,Clear,0,0,72.22,73.03,66.66,0.83,1023.8,7.97,106,0.14,0,9.997,-1
947307600,Clear,0,0,67.9,68.56,64.42,0.89,1022.9,1.54,50,0.12,0,9.658,-1
947394000,Clear,0,0,66.58,67.32,64.57,0.93,1021.5,1.25,112,0.12,0,9.997,-1
947480400,Clear,0,0,68.36,69.36,66.87,0.95,1019.2,2.88,139,0.04,0,9.997,-1
947566800,Clear,0,0,67.35,68.31,66.29,0.96,1020,2.47,232,0,0,9.583,-1
947653200,Clear,0,0,67.25,67.85,63.87,0.89,1022.3,2.58,0,0,0,9.743,-1
947739600,Clear,0,0,63.68,63.8,59.51,0.86,1023.5,0,-1,0,0,9.997,-1
947826000,Clear,0.0013,0.11,64.29,64.89,62.91,0.95,1023.6,1.55,329,0,0,9.421,-1
947912400,Overcast,0,0,64.41,64.41,46.97,0.53,1031.4,19.56,45,1,0,9.997,-1
947998800,Drizzle,0.0004,1,64.5,64.5,49.08,0.57,1031.8,13.98,68,0.94,0,9.997,-1
948085200,Partly Cloudy,0,0,60.22,60.22,51.99,0.74,1027.3,5.49,355,0.36,0,9.997,-1
948171600,Clear,0,0,58.16,58.16,49.8,0.74,1024,1.55,274,0,0,9.997,-1
948258000,Clear,0,0,60.56,60.56,55.58,0.84,1020.1,7.42,283,0,0,9.632,-1
948344400,Clear,0,0,62.44,62.82,60.8,0.94,1016.5,7.26,246,0,0,9.997,-1
948430800,Clear,0,0,61.13,61.13,51.77,0.71,1014.9,11.67,312,0,0,9.997,-1
948517200,Clear,0,0,52.68,52.68,44.38,0.73,1020.3,5.48,352,0,0,9.997,-1
948603600,Clear,0,0,58.46,58.46,53.56,0.84,1019.9,0.46,90,0.06,0,9.997,-1
948690000,Mostly Cloudy,0,0,68.24,68.79,63.78,0.86,1014,7.44,143,0.61,0,9.997,-1
948776400,Clear,0,0,51.99,51.99,44.7,0.76,1011,11.04,303,0,0,9.997,-1
948862800,Clear,0,0,54.02,54.02,48.4,0.81,1013.6,4.24,299,0.06,0,9.997,-1
948949200,Clear,0,0,46.92,42.84,36.3,0.66,1021.8,8.42,332,0,0,9.997,-1
949035600,Partly Cloudy,0,0,54.14,54.14,45.5,0.73,1023.9,5.19,353,0.49,0,9.997,-1
949122000,Mostly Cloudy,0,0,67.75,67.75,58.46,0.72,1023.9,10.59,115,0.67,0,9.997,-1
949208400,Clear,0,0,69.18,69.55,62.72,0.8,1023.1,8.9,122,0.28,0,9.997,-1
949294800,Clear,0,0,63.41,63.79,61.16,0.92,1021,0.27,180,0,0,9.66,-1
949381200,Clear,0,0,63.34,63.43,59.2,0.86,1020.4,5.58,351,0.24,0,9.997,-1
949467600,Clear,0,0,63.47,63.67,59.98,0.88,1021.3,4.33,358,0.23,0,9.997,-1
949554000,Overcast,0,0,69.87,70.18,62.39,0.77,1021.5,9.54,74,1,0,9.997,-1
949640400,Mostly Cloudy,0,0,67.68,68.6,66.1,0.95,1017.6,3.04,271,0.78,0,9.997,-1
949726800,Clear,0,0,60.29,60.29,51.72,0.73,1019.3,8.08,311,0,0,9.997,-1
949813200,Clear,0,0,52.01,52.01,42.8,0.71,1026.5,6.79,344,0,0,9.997,-1
949899600,Clear,0,0,58.26,58.26,51.03,0.77,1026.8,1.57,34,0.13,0,9.997,-1
949986000,Partly Cloudy,0,0,63.2,63.2,57.95,0.83,1024.4,3.99,91,0.37,0,9.997,-1
950072400,Drizzle,0.0119,1,58.14,58.27,57.65,0.98,1021.1,9.85,333,1,0,2.877,-1
950158800,Clear,0,0,54.47,54.47,43.98,0.68,1019.7,6.43,309,0,0,9.997,-1
950245200,Clear,0,0,57.12,57.12,48.02,0.72,1020,3.36,270,0,0,9.26,-1
950331600,Clear,0,0,58.97,58.97,55.41,0.88,1020.9,3.65,251,0,0,5.576,-1
950418000,Partly Cloudy,0,0,62.48,63,61.75,0.97,1021.2,2.04,167,0.53,0,9.2,-1
950504400,Clear,0,0,69.97,70.5,64.04,0.81,1019.6,8.35,139,0,0,9.997,-1
950590800,Partly Cloudy,0,0,73,74.22,69.86,0.9,1017.1,11.68,196,0.57,0,9.997,-1
950677200,Clear,0,0,68.39,68.78,62.65,0.82,1022.8,1.55,328,0.16,0,9.997,-1
950763600,Clear,0,0,65.62,65.62,58.53,0.78,1023,4.99,70,0,0,9.997,-1
950850000,Partly Cloudy,0,0,69.65,69.84,61.41,0.75,1023.1,8.73,89,0.44,0,-1,-1
950936400,Partly Cloudy,0,0,72.22,73.36,69.04,0.9,1022.7,6.84,112,0.45,0,9.997,-1
951022800,Clear,0,0,68.58,69.47,66.25,0.92,1024.2,4.06,309,0.18,0,9.997,-1
951109200,Drizzle,0.0004,1,68.44,69.19,65.25,0.9,1023.1,9.48,342,1,0,9.997,-1
951195600,Clear,0,0,62.85,62.85,54.09,0.73,1023.4,9.82,345,0.11,0,9.997,-1
951282000,Partly Cloudy,0,0,69.03,69.03,53.58,0.58,1024.6,13.35,71,0.32,0,9.997,-1
951368400,Partly Cloudy,0,0,68.29,68.29,55.62,0.64,1024,11.02,64,0.59,0,9.997,-1
951454800,Drizzle,0.0004,1,68.86,69.2,62.41,0.8,1022.1,11.17,70,0.69,0,9.997,-1
951541200,Drizzle,0.0004,1,70.49,70.84,62.83,0.77,1022.3,14.19,82,0.31,0,9.997,-1
951627600,Partly Cloudy,0,0,71.24,71.7,63.84,0.78,1023.4,11.26,107,0.58,0,9.997,-1
951714000,Clear,0,0,64.92,65.24,61.25,0.88,1021.3,0.25,270,0.08,0,9.997,-1
951800400,Drizzle,0.0004,1,69.19,69.76,64.23,0.84,1021.1,0.22,270,0.86,0,9.997,-1
951886800,Clear,0,0,66.7,66.7,57.82,0.73,1022.2,2.74,100,0,0,9.997,-1
951973200,Partly Cloudy,0,0,68.22,68.32,60.42,0.76,1021.2,5.64,226,0.51,0,9.997,-1
952059600,Partly Cloudy,0,0,65.88,66.28,62.08,0.88,1018,5.7,248,0.55,0,9.997,-1
952146000,Clear,0,0,65.75,66.2,62.38,0.89,1015.3,6.39,236,0.25,0,9.997,-1
952232400,Clear,0,0,68.19,68.71,63.52,0.85,1015.1,7.44,239,0,0,9.997,-1
952318800,Clear,0,0,66.49,66.66,60.53,0.81,1017.9,7.74,301,0,0,9.997,-1
952405200,Mostly Cloudy,0,0,71.87,71.87,57.54,0.61,1021.7,5.34,66,0.79,0,9.997,-1
952491600,Clear,0,0,69.24,69.24,54.33,0.59,1021.7,7.98,90,0.2,0,9.997,-1
952578000,Clear,0,0,69.37,69.37,59.58,0.71,1020.1,6.89,107,0.15,0,9.997,-1
952664400,Clear,0,0,69.34,69.52,61.25,0.75,1020.7,5.27,126,0.11,0,9.997,-1
952750800,Clear,0,0,71.67,72.2,64.4,0.78,1018.7,7.9,132,0.19,0,9.997,-1
952837200,Clear,0,0,70.14,71.32,68.63,0.95,1018.2,3.59,184,0.24,0,8.875,-1
952923600,Partly Cloudy,0,0,72.02,72.69,65.53,0.8,1019.5,9.93,50,0.34,0,9.997,-1
953010000,Partly Cloudy,0,0,69.9,69.9,57.57,0.65,1020.5,9.26,51,0.58,0,9.997,-1
953096400,Overcast,0,0,72.93,73.4,64.16,0.74,1020.2,14.49,79,0.92,0,9.997,-1
953182800,Partly Cloudy,0,0,74.84,75.78,68.19,0.8,1019.2,15.49,117,0.5,0,9.997,-1
953269200,Clear,0,0,72.22,73.26,68.32,0.88,1019.1,5.23,148,0.12,0,9.997,-1
953355600,Partly Cloudy,0,0,72.63,73.23,65.13,0.77,1018.1,4.08,278,0.38,0,9.997,-1
953442000,Light Rain,0.0325,1,70.72,71.71,67.57,0.9,1018,9.87,52,0.94,0,9.997,-1
953528400,Partly Cloudy,0,0,72.42,73.26,66.92,0.83,1015.4,7.69,129,0.41,0,9.997,-1
953614800,Clear,0,0,72.58,73.33,66.29,0.81,1016.3,5.46,310,0.12,0,9.828,-1
953701200,Clear,0,0,72.09,73.13,68.36,0.88,1018.7,1.48,260,0.19,0,9.687,-1
953787600,Mostly Cloudy,0,0,73.42,74.09,65.83,0.77,1017,9.36,40,0.66,0,9.997,-1
953874000,Drizzle,0.0118,1,66.82,67.22,62.36,0.86,1016.8,7.23,339,0.8,0,9.997,-1
953960400,Clear,0,0,67.42,67.42,56.76,0.69,1019.2,4.98,350,0.26,0,9.997,-1
954046800,Clear,0,0,64.88,64.88,55.19,0.71,1019.3,0,-1,0,0,9.997,-1
954133200,Clear,0,0,67.97,68.19,61.27,0.79,1013.2,5.11,218,0.15,0,9.997,-1
954219600,Overcast,0,0,74.77,75.29,64.73,0.71,1007.3,9.77,219,0.88,0,9.997,-1
954306000,Clear,0,0,70.61,71.42,66.29,0.86,1012.2,3.56,197,0,0,9.997,-1
954392400,Clear,0,0,72.24,73.3,68.5,0.88,1015.6,2.79,162,0.06,0,9.997,-1
954478800,Overcast,0,0,77.06,78.23,70.45,0.8,1015.1,3.82,232,0.88,0,9.997,-1
954565200,Clear,0,0,75.13,76.44,71.09,0.87,1015.7,8.48,333,0.03,0,9.997,-1
954651600,Partly Cloudy,0,0,74.17,74.59,63.87,0.7,1020.5,15.47,93,0.32,0,9.997,-1
954738000,Partly Cloudy,0,0,71.97,72.11,61.19,0.69,1020.5,11.61,102,0.5,0,9.997,-1
954824400,Partly Cloudy,0,0,73.05,73.25,61.84,0.68,1018.6,2.08,192,0.45,0,9.997,-1
954910800,Partly Cloudy,0,0,67.68,67.85,60.87,0.79,1016,12.66,320,0.4,0,9.997,-1
954997200,Clear,0,0,61.13,61.13,52.9,0.74,1021,7.63,356,0.08,0,9.997,-1
955083600,Overcast,0,0,68.35,68.35,55.92,0.65,1019.4,3.49,15,0.93,0,9.997,-1
955170000,Partly Cloudy,0,0,72.55,73.59,68.41,0.87,1017.1,5.13,122,0.37,0,9.997,-1
955256400,Clear,0,0,70.08,70.9,66.21,0.88,1016.8,5.81,262,0,0,9.828,-1
955342800,Overcast,0,0,68.04,68.04,52.35,0.57,1022.8,9.08,58,0.9,0,9.997,-1
955429200,Overcast,0,0,71.15,71.15,54.47,0.56,1023.5,12.81,106,0.88,0,9.997,-1
955515600,Drizzle,0.0004,1,73.28,74.17,67.57,0.82,1022.1,11.53,94,0.95,0,9.921,-1
955602000,Mostly Cloudy,0,0,73.62,75.02,71.25,0.92,1020.6,1.92,150,0.69,0,9.997,-1
955688400,Partly Cloudy,0,0,74.58,75.69,69.49,0.84,1017.6,7.24,131,0.49,0,9.997,-1
955774800,Drizzle,0.0004,1,70.6,71.78,68.79,0.94,1016.3,3.2,168,0.5,0,9.997,-1
955861200,Overcast,0,0,72.87,74.11,69.93,0.91,1018.6,1.42,180,0.88,0,9.997,-1
955947600,Clear,0,0,71.64,72.85,69.31,0.92,1018.5,3.41,265,0.26,0,9.997,-1
956034000,Clear,0,0,70.11,70.36,61.95,0.75,1015.5,5.99,261,0,0,9.997,-1
956120400,Clear,0,0,66.87,66.9,59.63,0.78,1013.9,9.72,305,0,0,9.997,-1
956206800,Clear,0,0,69.26,69.56,62.18,0.78,1016.9,0.25,180,0.06,0,9.814,-1
956293200,Clear,0,0,71.01,71.54,64.33,0.79,1017.2,1.55,177,0,0,9.658,-1
956379600,Clear,0,0,70.77,71.52,65.82,0.84,1012.3,6.03,237,0.23,0,9.997,-1
956466000,Clear,0,0,65.17,65.17,57.97,0.78,1011.9,9.17,286,0,0,9.997,-1
956552400,Clear,0,0,66.22,66.71,62.79,0.89,1013,0.81,187,0,0,9.997,-1
956638800,Humid,0,0,77.64,79.39,74.91,0.91,1013,6.74,189,0.21,0,9.997,-1
956725200,Clear,0,0,74.02,75.16,69.48,0.86,1014.2,7.87,292,0,0,9.491,-1
956811600,Partly Cloudy,0,0,69.58,69.58,59.69,0.71,1016.8,9.98,307,0.49,0,9.997,-1
956898000,Clear,0,0,69.42,69.42,56.26,0.63,1017.4,6.03,299,0.19,0,9.997,-1
956984400,Clear,0,0,67.72,68.03,61.97,0.82,1016.7,6.08,273,0,0,9.997,-1
957070800,Clear,0,0,72.15,73,66.93,0.84,1017.3,7.07,268,0,0,9.814,-1
957157200,Partly Cloudy,0,0,72.58,72.58,56.94,0.58,1019.8,9.79,60,0.33,0,9.997,-1
957243600,Partly Cloudy,0,0,72.93,72.93,59.06,0.62,1018.9,8.5,67,0.33,0,9.997,-1
957330000,Overcast,0,0,75.51,76,64.57,0.69,1018.2,12.43,92,0.98,0,9.997,-1
957416400,Clear,0,0,73.46,73.57,61.02,0.65,1018.9,10.49,88,0.25,0,9.997,-1
957502800,Clear,0,0,73.29,73.62,63.02,0.7,1019.9,8.45,88,0.3,0,9.997,-1
957589200,Clear,0.0013,0.11,72.73,73.06,62.94,0.71,1020.1,6.93,84,0.23,0,9.959,-1
957675600,Partly Cloudy,0,0,74.43,74.9,64.35,0.71,1019.2,10.75,99,0.33,0,9.997,-1
957762000,Overcast,0,0,75.31,76.02,66.47,0.74,1018,9.77,98,0.99,0,9.997,-1
957848400,Overcast,0,0,76.01,77.01,68.92,0.79,1016.6,9.78,114,0.92,0,9.997,-1
957934800,Clear,0,0,74.97,75.92,68.35,0.8,1016.1,5.6,155,0.17,0,9.997,-1
958021200,Clear,0,0,75.82,77.05,70.67,0.84,1016.7,3.71,185,0.09,0,9.997,-1
958107600,Clear,0,0,75.97,77.12,70.05,0.82,1016.7,0.6,270,0.05,0,9.997,-1
958194000,Clear,0,0,75.3,76.28,68.66,0.8,1015.9,1.3,180,0.03,0,9.997,-1
958280400,Clear,0,0,75.8,76.78,68.68,0.79,1016.1,0,-1,0.2,0,9.658,-1
958366800,Clear,0,0,75.96,77.09,69.86,0.81,1016.9,4.77,195,0.15,0,9.997,-1
958453200,Clear,0,0,73.83,75.03,69.88,0.87,1015.7,5.59,88,0.18,0,9.658,-1
958539600,Clear,0,0,77.55,78.62,69.81,0.77,1017.6,6.56,50,0.18,0,9.997,-1
958626000,Partly Cloudy,0,0,77.85,78.56,66.72,0.69,1021.1,15.17,77,0.39,0,9.997,-1
958712400,Partly Cloudy,0,0,75.95,76.43,64.55,0.68,1021.6,10.59,84,0.4,0,9.997,-1
958798800,Partly Cloudy,0,0,74.06,74.29,62.13,0.66,1019.8,4.77,105,0.36,0,9.997,-1
958885200,Clear,0,0,73.91,74.36,64.09,0.71,1018.3,5.31,123,0.22,0,9.997,-1
958971600,Clear,0,0,74.28,75.12,67.38,0.79,1016.8,6.09,124,0,0,9.997,-1
959058000,Clear,0,0,75.53,76.62,69.52,0.82,1015.7,5.49,225,0.24,0,9.997,-1
959144400,Clear,0,0,75.13,76.52,71.61,0.89,1015.2,4.98,255,0,0,9.814,-1
959230800,Humid,0,0,76.67,78.18,72.93,0.88,1014.8,3,264,0,0,9.687,-1
959317200,Humid,0,0,78.16,79.78,74.09,0.87,1016,3.36,179,0.09,0,9.997,-1
959403600,Humid,0,0,80,84.76,74.69,0.84,1017.8,0,-1,0,0,9.828,-1
959490000,Humid,0,0,78.55,81.48,72.95,0.83,1016.7,4.78,143,0.07,0,9.997,-1
959576400,Clear,0,0,77.14,78.46,71.62,0.83,1013.7,4.69,223,0,0,9.997,-1
959662800,Humid,0,0,78,79.46,72.85,0.84,1012.2,6.96,266,0.21,0,9.632,-1
959749200,Rain and Humid,0.1354,1,73.96,75.59,72.88,0.96,1015.4,8.57,66,0.97,0,9.472,-1
959835600,Drizzle and Humid,0.0004,1,78.94,82.14,72.56,0.81,1018.3,11.54,79,0.66,0,9.997,-1
959922000,Humid and Partly Cloudy,0,0,79.39,83.2,73.55,0.82,1020,6.49,95,0.41,0,9.997,-1
960008400,Humid,0,0,77.3,78.86,73.39,0.88,1019.1,1.18,308,0.12,0,9.997,-1
960094800,Humid,0,0,78.45,81.4,73.8,0.86,1018.1,2.04,288,0.24,0,9.632,-1
960181200,Humid,0,0,76.46,78.02,73.24,0.9,1017,1.94,346,0.3,0,9.997,-1
960267600,Humid,0,0,79.09,82.98,74.95,0.87,1017.4,3.96,179,0.2,0,9.997,-1
960354000,Humid,0,0,77.27,78.82,73.39,0.88,1017.4,0.35,189,0.08,0,9.997,-1
960440400,Partly Cloudy,0,0,74.13,75.61,71.94,0.93,1018.1,3.65,45,0.52,0,9.997,-1
960526800,Mostly Cloudy,0.0043,0.36,73.48,74.98,71.87,0.95,1018.2,3.88,7,0.65,0,8.183,-1
960613200,Clear,0,0,78.4,79.38,69.09,0.73,1018.6,10.25,87,0.12,0,9.997,-1
960699600,Clear,0.0021,0.11,75.31,76.56,70.65,0.85,1018.2,7.73,116,0.24,0,9.997,-1
960786000,Humid,0,0,76.03,77.61,73.2,0.91,1019.9,2.53,84,0.23,0,9.997,-1
960872400,Humid and Partly Cloudy,0,0,79.39,83.14,73.34,0.82,1020.2,6.81,87,0.39,0,9.997,-1
960958800,Humid and Partly Cloudy,0,0,80.67,86.16,74.91,0.83,1020,9.54,106,0.56,0,9.997,-1
961045200,Humid and Mostly Cloudy,0,0,79.14,82.63,73.11,0.82,1019.6,5.39,96,0.78,0,9.997,-1
961131600,Humid,0,0,80.67,85.41,73.33,0.78,1016.3,10.71,112,0.3,0,9.997,-1
961218000,Humid,0,0,81.18,86.88,74.5,0.8,1018.7,11.51,115,0.31,0,9.997,-1
961304400,Humid and Partly Cloudy,0,0,80.98,86.28,74.01,0.79,1021.4,11.6,101,0.35,0,9.997,-1
961390800,Light Rain and Humid,0.0197,1,78.51,81.44,73.25,0.84,1021.6,8.49,114,0.55,0,9.66,-1
961477200,Humid,0,0,78.44,79.82,72.36,0.82,1021.7,2.73,85,0.24,0,9.997,-1
961563600,Humid,0,0,76.83,78.29,72.56,0.87,1019.7,3.72,325,0.06,0,9.997,-1
961650000,Humid,0,0,78.65,81.64,72.82,0.82,1018.2,0.39,131,0.16,0,9.997,-1
961736400,Humid,0,0,79.53,83.19,72.62,0.79,1018.4,1.29,138,0.04,0,9.997,-1
961822800,Clear,0,0,78.86,81.82,71.63,0.79,1018.4,3.83,166,0.17,0,9.997,-1
961909200,Partly Cloudy,0.1081,0.27,75.02,76.4,71.48,0.89,1019.1,2.42,20,0.44,0,9.997,-1
961995600,Humid and Partly Cloudy,0,0,77.32,78.88,73.47,0.88,1018.4,1.84,63,0.35,0,9.997,-1
962082000,Drizzle and Humid,0.0087,1,76.25,77.87,73.56,0.91,1018.2,3.69,56,0.77,0,9.66,-1
962168400,Humid and Partly Cloudy,0,0,79.55,83.85,74.64,0.85,1019.4,4.49,94,0.42,0,9.997,-1
962254800,Humid,0,0,78.72,81.92,73.56,0.84,1019.7,0.33,90,0.2,0,9.997,-1
962341200,Humid,0,0,79.76,83.97,73.79,0.82,1017.5,2.91,195,0.26,0,9.997,-1
962427600,Humid,0,0,79.41,83.11,73.1,0.81,1016.8,0.31,205,0.17,0,9.997,-1
962514000,Humid and Partly Cloudy,0,0,75.73,77.4,73.79,0.94,1015.8,3.71,236,0.4,0,9.997,-1
962600400,Humid and Partly Cloudy,0,0,75.48,77.22,74.14,0.96,1016.7,3.48,344,0.4,0,8.889,-1
962686800,Humid,0,0,77.79,79.35,73.49,0.87,1018,5.08,97,0.24,0,9.997,-1
962773200,Drizzle and Humid,0.0004,1,78.73,81.95,73.7,0.85,1017.3,5.22,1,0.4,0,6.514,-1
962859600,Humid and Partly Cloudy,0.0085,0.27,79.72,83.59,72.86,0.8,1015.3,0.62,173,0.4,0,9.997,-1
962946000,Humid,0,0,79.53,83.48,73.58,0.82,1014.2,3.28,214,0.25,0,9.997,-1
963032400,Humid and Mostly Cloudy,0,0,79.64,83.96,74.47,0.84,1016.4,0.39,0,0.72,0,9.997,-1
963118800,Humid,0,0,77.39,78.77,72.15,0.84,1018.2,1.42,0,0.23,0,9.997,-1
963205200,Humid and Mostly Cloudy,0,0,77.6,79.47,75.66,0.94,1017.8,0,-1,0.62,0,8.482,-1
963291600,Humid and Partly Cloudy,0,0,79.34,83.45,74.78,0.86,1017.1,0.74,293,0.36,0,9.658,-1
963378000,Humid,0,0,80.02,85.11,75.29,0.86,1016.7,3.67,187,0,0,9.997,-1
963464400,Humid,0,0,78.54,81.68,74.5,0.87,1017.5,0.87,282,0,0,9.997,-1
963550800,Humid,0,0,79.89,84.51,74.59,0.84,1016.4,3.45,216,0,0,9.997,-1
963637200,Humid and Partly Cloudy,0,0,78.83,82.22,74.07,0.85,1014.1,4.44,214,0.4,0,9.997,-1
963723600,Humid,0,0,80.12,84.83,74.3,0.82,1013.4,5.08,221,0.24,0,9.997,-1
963810000,Humid,0,0,78.44,79.98,73.56,0.85,1017.1,5.46,206,0.23,0,9.997,-1
963896400,Humid,0,0,77.11,78.74,73.87,0.9,1018.1,3.89,221,0,0,9.997,-1
963982800,Humid,0,0,78.44,79.97,73.48,0.85,1017.4,1.76,221,0.12,0,9.997,-1
964069200,Drizzle and Humid,0.0004,1,79.38,83.61,75.02,0.87,1016.9,4.24,197,0.62,0,9.997,-1
964155600,Humid and Partly Cloudy,0,0,77.97,79.49,73.3,0.86,1016.1,0.46,-1,0.5,0,9.997,-1
964242000,Humid and Mostly Cloudy,0,0,79.46,83.34,73.56,0.82,1016.6,6.74,108,0.86,0,9.997,-1
964328400,Drizzle and Humid,0.0004,1,80.28,84.91,73.75,0.81,1018.6,0.23,90,0.63,0,9.997,-1
964414800,Humid and Partly Cloudy,0,0,78.94,82.24,73.12,0.82,1017.5,3.37,4,0.41,0,9.706,-1
964501200,Humid and Partly Cloudy,0,0,76.61,78.18,73.34,0.9,1015.4,2.69,17,0.32,0,9.997,-1
964587600,Humid,0,0,81.52,87.96,75.28,0.81,1015.9,5.64,94,0.28,0,9.997,-1
964674000,Humid,0,0,76.05,77.5,72.28,0.88,1017.1,2.99,51,0.13,0,9.997,-1
964760400,Humid and Partly Cloudy,0,0,78.03,79.81,75.17,0.91,1015.8,1.59,37,0.41,0,9.997,-1
964846800,Drizzle and Humid,0.0004,1,80.25,84.71,73.39,0.8,1015.2,5.06,131,0.5,0,9.997,-1
964933200,Drizzle and Humid,0.0004,1,78.36,79.71,72.09,0.81,1016.1,5.67,188,0.62,0,9.685,-1
965019600,Humid,0,0,82.65,89.83,75.1,0.78,1017.7,9.91,120,0.18,0,9.997,-1
965106000,Humid,0,0,80.91,85.89,73.48,0.78,1018.4,5.75,113,0.08,0,9.997,-1
965192400,Drizzle and Humid,0.0004,1,77.36,78.96,73.78,0.89,1018.3,0,-1,0.32,0,9.997,-1
965278800,Humid,0.0043,0.36,75.48,77.15,73.65,0.94,1017.8,4.47,35,0.14,0,9.997,-1
965365200,Humid and Partly Cloudy,0,0,79.45,83.65,74.68,0.85,1018.8,4.53,88,0.32,0,9.997,-1
965451600,Humid,0,0,81.41,87.4,74.68,0.8,1018.8,4.27,112,0.14,0,9.997,-1
965538000,Humid and Partly Cloudy,0,0,79.35,83.22,73.87,0.83,1017.7,4.98,125,0.4,0,9.997,-1
965624400,Humid and Partly Cloudy,0,0,82.72,89.92,75.05,0.78,1019.6,12.15,126,0.43,0,9.997,-1
965710800,Humid,0,0,83.15,90.44,74.8,0.76,1019.6,10.81,90,0.24,0,9.997,-1
965797200,Drizzle and Humid,0.0004,1,80.74,85.96,74.23,0.81,1017.7,4.73,54,0.33,0,9.997,-1
965883600,Humid,0,0,80.14,85.02,74.64,0.83,1016.5,1.14,-1,0.18,0,9.997,-1
965970000,Humid,0,0,78.97,82.39,73.52,0.83,1015.9,1.86,270,0.17,0,9.997,-1
966056400,Humid and Partly Cloudy,0,0,80.01,83.97,72.47,0.78,1016.4,4.86,231,0.54,0,9.997,-1
966142800,Mostly Cloudy,0,0,76.59,77.82,70.82,0.82,1016.2,5.3,243,0.7,0,9.997,-1
966229200,Humid,0,0,79.73,84.37,75.08,0.86,1017.4,4.64,265,0.15,0,9.175,-1
966315600,Humid and Mostly Cloudy,0,0,78.19,79.78,73.89,0.87,1020.6,0,-1,0.86,0,9.997,-1
966402000,Humid,0,0,77.67,79.33,74.27,0.89,1019.2,2.49,325,0.19,0,8.981,-1
966488400,Clear,0,0,79.59,82.95,71.39,0.76,1017.3,5.53,51,0.12,0,9.743,-1
966574800,Humid,0,0,80.1,84.55,73.64,0.81,1017,2.69,86,0.16,0,9.997,-1
966661200,Humid,0,0,78.75,82.01,73.78,0.85,1017.9,0.25,0,0.13,0,9.687,-1
966747600,Humid,0,0,77.93,79.72,75.19,0.91,1018.1,3.06,324,0.23,0,9.997,-1
966834000,Humid and Partly Cloudy,0,0,80.6,85.9,74.64,0.82,1017.4,2.55,140,0.32,0,9.997,-1
966920400,Humid,0,0,81.25,87.38,75.13,0.82,1018.8,5.35,98,0.21,0,9.997,-1
967006800,Humid,0,0,82.74,90.32,75.54,0.79,1019.2,9.34,79,0.28,0,9.997,-1
967093200,Humid,0,0,82.52,90.92,76.78,0.83,1019.8,7.27,79,0.09,0,9.997,-1
967179600,Humid and Partly Cloudy,0,0,82.52,89.49,74.92,0.78,1017.9,9.93,99,0.36,0,9.66,-1
967266000,Drizzle,0.0125,1,75.14,76.42,70.83,0.86,1016.1,15.17,117,0.97,0,9.096,-1
967352400,Possible Light Rain and Humid,0.0456,0.46,75.47,77.03,72.92,0.92,1016,8.13,145,0.61,0,9.997,-1
967438800,Possible Drizzle and Humid,0.0055,0.46,77.9,79.37,72.89,0.85,1014.7,3.36,104,0.77,0,9.997,-1
967525200,Humid,0,0,76.44,78.23,74.77,0.95,1013.4,6.55,227,0.06,0,9.997,-1
967611600,Humid,0,0,78.36,79.99,74.23,0.87,1011.3,3.62,208,0.13,0,9.997,-1
967698000,Humid and Partly Cloudy,0,0,79.19,82.94,73.96,0.84,1012.9,7.04,194,0.42,0,9.997,-1
967784400,Humid,0,0,76.02,77.82,74.67,0.96,1016.6,0,-1,0.11,0,9.997,-1
967870800,Humid,0,0,80.73,86.41,75.19,0.83,1016.2,1.56,115,0.11,0,9.997,-1
967957200,Humid and Partly Cloudy,0,0,81.6,88.06,75.21,0.81,1013.8,1.78,112,0.41,0,9.997,-1
968043600,Humid,0,0,82.11,88.67,74.75,0.78,1013.1,3.04,117,0.29,0,9.997,-1
968130000,Humid and Partly Cloudy,0,0,81.07,87,75.06,0.82,1012.8,0.85,90,0.32,0,9.997,-1
968216400,Humid and Mostly Cloudy,0,0,81.56,88.34,75.76,0.83,1012.5,5.7,129,0.61,0,9.997,-1
968302800,Possible Drizzle and Humid,0.0055,0.46,77.74,79.67,76.15,0.95,1015.7,3.66,112,0.41,0,9.997,-1
968389200,Humid and Partly Cloudy,0,0,78.5,81.58,74.32,0.87,1014.9,2.49,345,0.48,0,9.997,-1
968475600,Humid,0,0,77.61,79.47,75.57,0.93,1013.4,0.9,328,0.27,0,9.997,-1
968562000,Humid and Partly Cloudy,0,0,79.01,82.88,75.29,0.88,1013.8,1.96,359,0.46,0,9.997,-1
968648400,Drizzle and Humid,0.0004,1,80.07,85.1,75.16,0.85,1015,4.08,74,0.74,0,9.706,-1
968734800,Drizzle and Humid,0.0004,1,78.97,82.39,73.48,0.83,1014.5,7.85,57,0.76,0,9.997,-1
968821200,Humid and Mostly Cloudy,0,0,80.01,84.48,73.89,0.82,1014,1.56,3,0.66,0,9.997,-1
968907600,Humid and Partly Cloudy,0,0,79.04,82.77,74.59,0.86,1014.6,3.01,308,0.5,0,9.997,-1
968994000,Humid and Overcast,0,0,78.4,79.84,72.78,0.83,1013.5,1.35,270,0.93,0,9.685,-1
969080400,Humid and Partly Cloudy,0,0,76.28,77.97,73.99,0.93,1011.9,0,-1,0.45,0,9.997,-1
969166800,Humid and Mostly Cloudy,0.0218,0.37,82.52,89.64,75.13,0.78,1012.7,12.79,111,0.84,0,9.685,-1
969253200,Humid,0,0,73.51,75.05,72.18,0.96,1014.2,2.34,118,0.21,0,9.997,-1
969339600,Humid,0,0,77.79,79.31,73.29,0.86,1016.3,4.48,98,0.23,0,9.997,-1
969426000,Drizzle and Humid,0.0004,1,78.31,81.32,75.75,0.92,1016.5,5.61,85,0.77,0,9.997,-1
969512400,Humid and Partly Cloudy,0,0,80.62,86.56,75.81,0.85,1015.3,4.75,98,0.4,0,9.685,-1
969598800,Humid and Mostly Cloudy,0.0117,0.37,81.53,90.21,77.94,0.89,1015.9,9.3,98,0.61,0,9.81,-1
969685200,Humid and Partly Cloudy,0,0,82.79,91.9,77.34,0.84,1016.5,10.08,110,0.57,0,9.997,-1
969771600,Humid and Partly Cloudy,0,0,79.99,84.42,73.85,0.82,1015.2,6.58,97,0.37,0,9.997,-1
969858000,Humid,0,0,79.99,84.53,74.16,0.82,1013.5,6.81,103,0.28,0,9.997,-1
969944400,Humid,0,0,80.73,86.05,74.48,0.81,1013.8,0,-1,0.11,0,9.997,-1
970030800,Humid,0,0,79.94,84.92,75.4,0.86,1014.9,1.98,177,0.11,0,9.997,-1
970117200,Humid,0,0,78.61,81.72,73.79,0.85,1012.8,4.76,294,0.19,0,9.997,-1
970203600,Drizzle,0.0004,1,80.41,83.99,70.8,0.73,1011.2,10.82,47,0.69,0,9.997,-1
970290000,Light Rain and Humid,0.0239,1,78.07,79.62,73.55,0.86,1010.3,6.83,50,0.89,0,8.888,-1
970376400,Humid and Partly Cloudy,0,0,77.02,78.71,74.25,0.91,1010.2,3.65,344,0.47,0,9.997,-1
970462800,Humid and Partly Cloudy,0,0,78.88,82.24,73.68,0.84,1012.3,5.53,358,0.42,0,9.997,-1
970549200,Light Rain and Humid,0.0492,1,75.21,77.01,74.44,0.97,1013.7,5.67,88,1,0,9.095,-1
970635600,Rain and Humid,0.1863,1,73.81,75.52,73.39,0.99,1015.6,7.71,177,1,0,5.311,-1
970722000,Humid,0,0,78.11,80.88,76.85,0.96,1015.8,0.46,90,0.23,0,9.997,-1
970808400,Humid,0,0,79.46,83.94,75.52,0.88,1016.3,0.27,180,0.13,0,9.997,-1
970894800,Drizzle and Humid,0.0046,1,75.4,77.08,73.69,0.94,1016.9,1.68,265,0.8,0,9.997,-1
970981200,Rain and Humid,0.1103,1,78.95,82.82,75.61,0.9,1015.5,4.13,3,0.4,0,9.997,-1
971067600,Humid and Partly Cloudy,0,0,78.73,81.88,73.32,0.84,1014.1,7.55,351,0.56,0,9.956,-1
971154000,Overcast,0,0,72.99,72.99,59.7,0.63,1017.4,13.61,33,0.96,0,9.997,-1
971240400,Overcast,0,0,74.72,74.89,61.67,0.64,1019.4,10.7,59,0.98,0,9.997,-1
971326800,Drizzle,0.0118,1,76.06,76.83,66.99,0.74,1019,12.18,55,0.98,0,9.997,-1
971413200,Partly Cloudy,0,0,74.63,75.06,63.97,0.69,1018.6,9.58,35,0.34,0,9.997,-1
971499600,Mostly Cloudy,0,0,76.02,76.19,61.69,0.61,1018.5,8.7,60,0.75,0,9.997,-1
971586000,Mostly Cloudy,0,0,72.16,72.34,61.6,0.69,1017.3,5.08,356,0.61,0,9.997,-1
971672400,Clear,0,0,70,70.45,63.47,0.8,1016.7,6.59,342,0.1,0,9.997,-1
971758800,Clear,0,0,70.05,70.23,61.42,0.74,1016.8,5.46,354,0.23,0,9.997,-1
971845200,Clear,0,0,70.15,70.62,63.63,0.8,1016.8,4.02,301,0,0,9.687,-1
971931600,Clear,0,0,72.68,73.54,67.1,0.83,1017.1,3.64,352,0.1,0,9.478,-1
972018000,Clear,0,0,73.79,74.63,67.23,0.8,1018.1,4.21,346,0.08,0,9.434,-1
972104400,Clear,0,0,74.84,75.8,68.41,0.8,1018,3.36,27,0.08,0,9.997,-1
972190800,Clear,0,0,76.94,77.83,68.24,0.75,1018.8,11.85,64,0.25,0,9.997,-1
972277200,Clear,0,0,75.1,75.41,62.96,0.66,1020.8,12.76,64,0.25,0,9.26,-1
972363600,Partly Cloudy,0,0,76.66,77.13,64.46,0.66,1020,15.96,58,0.45,0,9.997,-1
972450000,Drizzle,0.0004,1,72.2,72.73,64.53,0.77,1017.6,9.69,20,0.41,0,9.997,-1
972536400,Clear,0,0,71.8,72.29,64.16,0.77,1015,6.14,8,0.2,0,9.997,-1
972622800,Clear,0,0,69.85,70.47,64.66,0.84,1015.4,7.05,337,0,0,9.997,-1
972709200,Clear,0,0,69.7,70.25,64.09,0.82,1018.3,5.57,352,0,0,9.997,-1
972795600,Clear,0,0,68.4,68.83,62.97,0.83,1019.5,1.72,354,0.03,0,9.997,-1
972882000,Clear,0,0,70.6,71.31,65.51,0.84,1019.1,4,341,0,0,5.266,-1
972968400,Clear,0,0,70.72,71.4,65.31,0.83,1019.4,0.93,326,0,0,5.466,-1
973054800,Clear,0,0,68.33,68.45,60.54,0.76,1019.3,6.16,24,0.1,0,9.997,-1
973141200,Clear,0,0,68.52,68.52,59.63,0.73,1018.3,5.2,346,0.16,0,9.997,-1
973227600,Clear,0,0,66.37,66.37,58.5,0.76,1019.2,3.91,337,0.26,0,9.997,-1
973314000,Clear,0,0,68.39,69.02,64.37,0.87,1017.2,7.59,342,0.2,0,8.796,-1
973400400,Partly Cloudy,0,0,68.85,68.99,60.83,0.76,1014.1,1.35,339,0.57,0,9.658,-1
973486800,Clear,0,0,66.34,67.08,64.53,0.94,1013.1,0.13,-1,0.2,0,-1,-1
973573200,Clear,0,0,70.61,71.33,65.58,0.84,1015.7,6.64,110,0.14,0,9.997,-1
973659600,Partly Cloudy,0,0,74.64,75.77,69.68,0.85,1016.8,8.03,114,0.53,0,9.488,-1
973746000,Partly Cloudy,0,0,75.31,76.03,66.57,0.74,1014.4,12,130,0.5,0,9.997,-1
973832400,Partly Cloudy,0,0,72.11,73.25,68.96,0.9,1013.3,2.28,207,0.37,0,9.45,-1
973918800,Clear,0,0,75.32,76.69,71.53,0.88,1013.2,5.82,303,0.2,0,-1,-1
974005200,Mostly Cloudy,0,0,68.79,69.05,61.76,0.78,1013.7,3.93,359,0.83,0,9.997,-1
974091600,Clear,0,0,69.38,69.38,59.56,0.71,1015.2,5.95,85,0.13,0,9.997,-1
974178000,Clear,0,0,70.67,70.83,61.35,0.72,1016.3,5.87,137,0.12,0,9.997,-1
974264400,Overcast,0,0,74.77,75.99,70.32,0.86,1015.3,7.5,243,0.99,0,9.997,-1
974350800,Clear,0,0,64.22,64.22,58.01,0.8,1017.3,6.29,0,0.12,0,9.997,-1
974437200,Clear,0,0,69.04,69.89,66.08,0.9,1017.4,0.26,161,0.04,0,9.66,-1
974523600,Clear,0,0,72.01,73.06,68.31,0.88,1018.6,5.5,331,0.11,0,9.997,-1
974610000,Clear,0,0,71.42,72.44,67.94,0.89,1017.2,1.94,115,0.2,0,9.828,-1
974696400,Clear,0.0032,0.27,70.34,71.74,70.09,0.99,1017,1.69,219,0.14,0,6.003,-1
974782800,Overcast,0,0,63.59,63.6,58.66,0.84,1022.1,12.38,342,0.99,0,9.997,-1
974869200,Clear,0,0,54.36,54.36,39.08,0.56,1026.2,10.24,341,0,0,9.997,-1
974955600,Mostly Cloudy,0,0,66.34,66.34,52.77,0.62,1025,6.9,51,0.78,0,9.997,-1
975042000,Partly Cloudy,0,0,69.91,69.91,55.58,0.6,1021.7,10.83,108,0.51,0,9.997,-1
975128400,Overcast,0,0,75.17,76.44,70.77,0.86,1016.7,13.58,121,1,0,9.997,-1
975214800,Mostly Cloudy,0,0,71.27,72.79,71.25,1,1016.1,1.81,204,0.61,0,4.141,-1
975301200,Overcast,0,0,69.82,70.76,66.97,0.91,1017.1,10.07,330,0.96,0,8.111,-1
975387600,Clear,0,0,61.71,61.71,51.01,0.68,1019.7,7.12,351,0.11,0,9.997,-1
975474000,Mostly Cloudy,0,0,66.76,66.95,60.86,0.81,1020.5,4.86,16,0.63,0,9.997,-1
975560400,Drizzle,0.0004,1,71.71,72.47,66.14,0.83,1018.8,4.41,33,0.53,0,9.997,-1
975646800,Partly Cloudy,0,0,64.82,64.98,60.11,0.85,1019.6,6.61,352,0.56,0,9.997,-1
975733200,Partly Cloudy,0,0,68.14,68.31,60.91,0.78,1018.9,5.99,359,0.38,0,9.997,-1
975819600,Partly Cloudy,0,0,64.99,65.43,62.05,0.9,1018.7,5.15,349,0.4,0,9.997,-1
975906000,Mostly Cloudy,0,0,60.74,60.74,55.68,0.83,1020.3,12.05,342,0.66,0,9.4,-1
975992400,Partly Cloudy,0,0,63.65,63.65,54.96,0.73,1020.7,6.42,0,0.41,0,9.997,-1
976078800,Drizzle,0.0004,1,62.61,62.61,54.64,0.75,1020,8.81,351,0.66,0,9.997,-1
976165200,Drizzle,0.0004,1,67.56,68.29,64.78,0.91,1017,4.11,320,1,0,9.997,-1
976251600,Drizzle,0.0004,1,68.25,68.94,64.79,0.89,1018.5,3.36,341,0.92,0,9.997,-1
976338000,Mostly Cloudy,0,0,73.55,74.5,68,0.83,1018.5,5.38,53,0.67,0,9.997,-1
976424400,Drizzle,0.0077,1,73.4,74.75,70.82,0.92,1018.2,10.72,105,0.91,0,9.36,-1
976510800,Drizzle,0.0004,1,71.68,73.02,70.18,0.95,1018.1,5.47,95,0.99,0,9.531,-1
976597200,Mostly Cloudy,0,0,73.19,74.55,70.89,0.93,1018.7,4.94,131,0.65,0,9.997,-1
976683600,Clear,0,0,72.5,74.07,71.98,0.98,1022.8,4.27,100,0.21,0,9.997,-1
976770000,Drizzle,0.0004,1,75.31,76.7,71.7,0.89,1024.7,11.45,113,0.9,0,9.997,-1
976856400,Mostly Cloudy,0.0054,0.11,75.23,76.64,71.82,0.89,1024.8,8.39,91,0.79,0,9.706,-1
976942800,Mostly Cloudy,0,0,74.62,75.65,68.83,0.82,1021.4,8.78,102,0.69,0,9.997,-1
977029200,Mostly Cloudy,0,0,73.63,75.1,71.74,0.94,1019.8,1.51,310,0.81,0,9.632,-1
977115600,Clear,0,0,61.16,61.16,52.24,0.72,1020.6,7.42,324,0,0,9.997,-1
977202000,Mostly Cloudy,0,0,67.11,67.49,62.26,0.84,1018.1,4.09,292,0.71,0,9.706,-1
977288400,Clear,0,0,51.7,51.7,47.69,0.86,1019.5,1.97,238,0.12,0,9.997,-1
977374800,Clear,0,0,45.78,42.6,39.63,0.79,1022.5,6.06,317,0.11,0,9.997,-1
977461200,Overcast,0,0,62.45,62.45,55.51,0.78,1020.8,3.32,81,0.96,0,9.997,-1
977547600,Drizzle,0.0004,1,63.71,63.71,55.35,0.74,1020.8,8.53,352,1,0,9.997,-1
977634000,Drizzle,0.0004,1,70.7,70.98,62.32,0.75,1020.4,16.2,61,1,0,9.997,-1
977720400,Drizzle,0.0118,1,68.99,69.33,62.45,0.8,1019,10.56,37,1,0,9.997,-1
977806800,Drizzle,0.0004,1,68.56,68.56,53.46,0.59,1023.1,16.73,65,0.94,0,9.997,-1
977893200,Mostly Cloudy,0,0,68.34,68.34,56.93,0.67,1022.4,12.04,82,0.81,0,9.997,-1
977979600,Clear,0,0,68.12,68.26,60.69,0.77,1016.7,4.49,152,0.27,0,9.997,-1
978066000,Partly Cloudy,0,0,66.36,66.52,60.49,0.81,1009.2,12.54,286,0.51,0,9.997,-1
978152400,Clear,0,0,53.53,53.53,48.97,0.84,1015.9,8.89,309,0.25,0,9.997,-1
978238800,Clear,0,0,45.45,39.84,34.52,0.65,1022.9,11.57,327,0.1,0,9.997,-1
978325200,Clear,0,0,42.38,40.19,31.39,0.65,1025.7,3.86,349,0,0,9.997,-1
978411600,Clear,0,0,52.15,52.15,39.84,0.63,1025.9,5.19,357,0.15,0,9.997,-1
978498000,Partly Cloudy,0,0,54.1,54.1,48.37,0.81,1026.6,9.56,348,0.5,0,9.997,-1
978584400,Drizzle,0.0004,1,56.52,56.52,47.46,0.72,1022.2,6.92,319,1,0,9.997,-1
978670800,Clear,0,0,41.85,41.85,29.58,0.62,1022.1,1.99,345,0,0,9.997,-1
978757200,Clear,0,0,48.93,47.06,44.18,0.84,1017.7,4.85,258,0,0,9.384,-1
978843600,Clear,0,0,54.14,54.14,48.92,0.82,1016.9,0.72,300,0,0,9.66,-1
978930000,Clear,0,0,54.42,54.42,50.92,0.88,1017.6,1.34,245,0.02,0,9.814,-1
979016400,Partly Cloudy,0,0,61.54,61.54,57.81,0.88,1016.1,4.54,245,0.37,0,9.997,-1
979102800,Clear,0,0,45.37,40.16,33.4,0.63,1023.2,10.36,330,0,0,9.997,-1
979189200,Overcast,0,0,61.72,61.72,51.05,0.68,1024.3,4.34,24,1,0,9.997,-1
979275600,Clear,0,0,57.33,57.33,53.72,0.88,1020.9,0.51,215,0.12,0,9.997,-1
979362000,Clear,0,0,59.11,59.11,55.46,0.88,1017.3,9.41,307,0,0,9.547,-1
979448400,Partly Cloudy,0,0,59.78,59.78,55.66,0.86,1018.5,7.31,335,0.52,0,9.457,-1
979534800,Overcast,0,0,64.86,65.33,62.22,0.91,1019.6,4.97,349,0.88,0,9.997,-1
979621200,Partly Cloudy,0,0,63.68,64.24,62.39,0.96,1019.2,0.92,100,0.32,0,9.517,-1
979707600,Clear,0,0,66.13,66.72,63.42,0.91,1019.4,1.69,60,0.21,0,9.66,-1
979794000,Mostly Cloudy,0,0,65.34,66.12,64.34,0.97,1018.5,0.25,90,0.74,0,9.569,-1
979880400,Clear,0,0,70.81,71.99,68.87,0.94,1017.8,7.47,146,0,0,9.997,-1
979966800,Overcast,0,0,74.16,75.64,71.94,0.93,1017.2,8.78,163,0.92,0,9.997,-1
980053200,Mostly Cloudy,0,0,54.01,54.01,46.26,0.75,1023.3,12.94,318,0.73,0,9.997,-1
980139600,Overcast,0,0,56.62,56.62,51.85,0.84,1023.6,9.95,342,1,0,9.997,-1
980226000,Clear,0,0,47.85,42.49,39.88,0.74,1020,12.79,299,0,0,9.997,-1
980312400,Clear,0,0,50.8,50.8,39.22,0.64,1021.3,10.75,314,0,0,9.997,-1
980398800,Clear,0,0,54.29,54.29,44.77,0.7,1022.6,7.95,325,0.19,0,9.828,-1
980485200,Clear,0,0,50.17,50.17,42.51,0.75,1024.5,7.84,330,0,0,9.997,-1
980571600,Partly Cloudy,0,0,57.44,57.44,49.09,0.74,1024.4,4.24,23,0.4,0,9.997,-1
980658000,Clear,0,0,59.56,59.56,52.23,0.77,1025.2,1.61,107,0.24,0,9.997,-1
980744400,Clear,0,0,66.12,66.12,56.52,0.71,1024.2,9.43,111,0.21,0,9.997,-1
980830800,Partly Cloudy,0,0,69.55,69.87,62.38,0.78,1019.5,11.59,147,0.46,0,9.997,-1
980917200,Clear,0,0,67.2,68.14,66.09,0.96,1018,3.64,148,0,0,9.192,-1
981003600,Clear,0,0,68.28,69.16,66.1,0.93,1019.4,4.44,174,0,0,9.268,-1
981090000,Mostly Cloudy,0,0,71.1,72.22,68.57,0.92,1020.5,4.61,121,0.8,0,9.687,-1
981176400,Mostly Cloudy,0,0,68.31,69.15,65.81,0.92,1019,6.27,344,0.7,0,8.112,-1
981262800,Partly Cloudy,0,0,71.96,72.92,67.74,0.87,1020.1,5.83,97,0.53,0,9.828,-1
981349200,Clear,0,0,66.22,67.04,64.95,0.96,1018.6,4.05,340,0.02,0,5.984,-1
981435600,Clear,0,0,57.92,57.92,48.41,0.71,1021.2,3.28,354,0.28,0,9.997,-1
981522000,Clear,0,0,60.99,60.99,54.21,0.78,1022.2,2.97,36,0.08,0,9.997,-1
981608400,Partly Cloudy,0,0,70.63,71.04,63.26,0.78,1023.6,10.44,73,0.54,0,9.997,-1
981694800,Mostly Cloudy,0,0,71.47,71.91,63.73,0.77,1023.6,13.15,83,0.6,0,9.997,-1
981781200,Overcast,0,0,73.55,74.6,68.71,0.85,1021.3,10.2,92,0.88,0,9.997,-1
981867600,Partly Cloudy,0,0,73.49,74.72,70.03,0.89,1021.5,6.8,117,0.34,0,9.997,-1
981954000,Partly Cloudy,0,0,73.49,74.18,65.99,0.77,1023.4,11.14,101,0.33,0,9.997,-1
982040400,Partly Cloudy,0,0,73.28,74.04,66.56,0.8,1025.2,11.45,102,0.38,0,9.997,-1
982126800,Clear,0,0,73.49,74.33,67.13,0.81,1024,10.56,101,0.25,0,9.997,-1
982213200,Clear,0,0,71.93,72.59,65.5,0.8,1021,7.72,105,0.09,0,9.997,-1
982299600,Clear,0,0,72.11,72.75,65.34,0.79,1021,7.17,126,0.13,0,9.997,-1
982386000,Clear,0,0,70.28,71.38,68.19,0.93,1020.2,0,-1,0.03,0,9.414,-1
982472400,Clear,0,0,69.91,70.51,64.58,0.83,1020.3,7.04,285,0,0,9.66,-1
982558800,Mostly Cloudy,0,0,71.41,71.41,57.92,0.62,1023.4,18.49,72,0.83,0,9.997,-1
982645200,Drizzle,0.0004,1,71.82,71.82,59.07,0.64,1024.8,14.61,103,0.95,0,9.997,-1
982731600,Clear,0,0,70.03,70.2,61.28,0.74,1023.3,8.09,95,0.17,0,9.997,-1
982818000,Clear,0,0,67.61,67.61,58.84,0.74,1020.8,3.26,90,0,0,9.997,-1
982904400,Clear,0,0,69.51,70.04,63.93,0.82,1018.8,2.59,249,0.09,0,9.997,-1
982990800,Clear,0,0,73.49,73.89,63.61,0.71,1021.6,10.82,100,0.18,0,9.997,-1
983077200,Mostly Cloudy,0,0,74.45,75.09,65.74,0.74,1023.5,14.9,119,0.6,0,9.997,-1
983163600,Clear,0,0,73.75,74.91,69.58,0.87,1022.5,10.18,107,0.28,0,9.997,-1
983250000,Clear,0,0,69.77,70.59,66.1,0.88,1020.8,2.11,294,0.25,0,9.45,-1
983336400,Mostly Cloudy,0.0013,0.11,72.38,73.3,67.54,0.85,1019.1,2.52,244,0.83,0,9.801,-1
983422800,Clear,0,0,69.7,70.15,63.4,0.8,1015.8,6.02,292,0.1,0,9.482,-1
983509200,Clear,0,0,69.51,70.14,64.73,0.85,1014.4,4.52,263,0.18,0,9.792,-1
983595600,Clear,0,0,71.55,72.74,69.17,0.92,1013.9,4.76,186,0.03,0,6.963,-1
983682000,Partly Cloudy,0,0,75.65,76.84,70.36,0.84,1013.5,8.53,172,0.53,0,9.814,-1
983768400,Light Rain,0.0238,1,67.02,68.05,66.57,0.98,1013.6,5.82,150,1,0,9.997,-1
983854800,Clear,0,0,57.49,57.49,48.7,0.72,1017.4,8.94,289,0,0,9.997,-1
983941200,Clear,0,0,53.52,53.52,42.18,0.65,1017.2,12.49,313,0.11,0,9.997,-1
984027600,Clear,0,0,55.06,55.06,44.95,0.69,1019.5,6.93,311,0,0,9.26,-1
984114000,Clear,0,0,58.44,58.44,49.82,0.73,1018.5,3.63,231,0,0,9.997,-1
984200400,Mostly Cloudy,0,0,67.75,68.03,61.7,0.81,1014,6.69,185,0.82,0,9.997,-1
984286800,Partly Cloudy,0,0,68.83,69.47,64.56,0.86,1015.2,6.48,81,0.55,0,9.997,-1
984373200,Clear,0,0,70.46,71.25,66.1,0.86,1019.3,2.49,111,0.08,0,9.814,-1
984459600,Humid and Partly Cloudy,0,0,75.61,77.08,72.32,0.9,1017.3,9.87,157,0.38,0,9.441,-1
984546000,Mostly Cloudy,0,0,74.84,75.78,68.17,0.8,1016.5,5.7,205,0.6,0,9.828,-1
984632400,Humid,0,0,74.84,76.41,72.75,0.93,1013.9,7.84,142,0.29,0,9.641,-1
984718800,Humid and Partly Cloudy,0,0,76.71,78.18,72.59,0.87,1014.3,8.1,168,0.47,0,9.658,-1
984805200,Humid,0,0,75.31,76.91,73.16,0.93,1015.7,3.41,188,0.1,0,9.632,-1
984891600,Humid and Mostly Cloudy,0,0,74.75,76.29,72.51,0.93,1016.1,3.96,17,0.75,0,9.569,-1
984978000,Partly Cloudy,0,0,73.49,74.57,68.96,0.86,1014.4,11.3,76,0.5,0,9.997,-1
985064400,Rain,0.1067,1,71.02,72.45,70.55,0.98,1011.4,0.67,134,0.57,0,9.422,-1
985150800,Clear,0,0,63.38,63.38,55.88,0.77,1014.3,8.17,288,0.03,0,9.997,-1
985237200,Mostly Cloudy,0,0,62.08,62.08,52.69,0.71,1015.6,10.67,292,0.67,0,9.997,-1
985323600,Clear,0,0,59.77,59.77,51.55,0.74,1016,10.51,328,0,0,9.997,-1
985410000,Clear,0,0,64.32,64.32,57.29,0.78,1017.2,2.05,262,0,0,9.66,-1
985496400,Partly Cloudy,0,0,65.83,65.95,60.08,0.82,1018.5,4.09,294,0.57,0,9.45,-1
985582800,Clear,0,0,67.41,67.79,62.38,0.84,1017,4.94,242,0.17,0,9.814,-1
985669200,Partly Cloudy,0,0,70.08,70.69,64.68,0.83,1017.4,5.17,338,0.53,0,9.587,-1
985755600,Clear,0,0,70.44,70.69,61.98,0.75,1019.1,6.68,60,0.12,0,9.997,-1
985842000,Mostly Cloudy,0,0,74.61,75.52,67.96,0.8,1015.6,16.49,112,0.72,0,9.997,-1
985928400,Rain,0.1674,1,64.56,65.15,62.94,0.95,1014.3,16.41,2,1,0,4.309,-1
986014800,Humid and Partly Cloudy,0.0043,0.36,76.74,78.51,74.74,0.94,1013.2,9.94,175,0.55,0,9.66,-1
986101200,Drizzle and Humid,0.0004,1,75.21,76.74,72.56,0.91,1011.9,5.83,208,0.9,0,9.009,-1
986187600,Clear,0,0,65.11,65.11,47.62,0.53,1017.6,7.62,330,0,0,9.997,-1
986274000,Clear,0,0,69.56,69.56,58.99,0.69,1021.3,9.05,88,0,0,9.66,-1
986360400,Clear,0,0,70.03,70.37,62.62,0.77,1020.7,4.45,105,0.11,0,9.997,-1
986446800,Clear,0,0,70.08,70.63,64.22,0.82,1020.3,3.75,294,0,0,9.997,-1
986533200,Clear,0,0,71.69,71.93,62.09,0.72,1021.6,4.36,95,0.16,0,9.997,-1
986619600,Drizzle,0.0004,1,72.94,73.68,66.34,0.8,1022.3,12.78,108,0.6,0,9.997,-1
986706000,Clear,0,0,73.51,73.99,64.34,0.73,1022.5,9.04,117,0.18,0,9.997,-1
986792400,Clear,0,0,72.35,72.56,61.88,0.7,1021.2,6.85,107,0.21,0,9.997,-1
986878800,Clear,0,0,70.12,70.43,62.4,0.77,1017.9,0,-1,0.25,0,9.997,-1
986965200,Clear,0,0,72.64,72.86,61.95,0.69,1017.3,4.82,107,0.25,0,9.997,-1
987051600,Clear,0,0,76.75,78.06,71.44,0.84,1019.3,9.24,111,0.25,0,9.997,-1
987138000,Humid and Mostly Cloudy,0,0,78.17,79.62,72.87,0.84,1020.8,9.99,106,0.62,0,9.997,-1
987224400,Clear,0,0,75.51,76.69,70.25,0.84,1019.9,2.62,216,0.27,0,9.66,-1
987310800,Clear,0,0,76.75,78.05,71.36,0.83,1016.3,6.2,243,0.13,0,9.997,-1
987397200,Clear,0,0,73.11,74.08,68.07,0.84,1015.2,8.96,299,0.08,0,9.997,-1
987483600,Clear,0,0,73.04,73.77,66.23,0.79,1015.6,9.42,291,0.16,0,9.997,-1
987570000,Clear,0,0,70.26,70.26,56.4,0.61,1016.3,9.56,317,0.04,0,9.997,-1
987656400,Clear,0,0,59.41,59.41,48.92,0.68,1023,9.13,347,0,0,9.997,-1
987742800,Mostly Cloudy,0,0,71.25,71.25,52.8,0.52,1025.4,16.16,88,0.77,0,9.997,-1
987829200,Clear,0,0,71.77,71.77,55.51,0.57,1026.7,11.2,84,0.21,0,9.997,-1
987915600,Drizzle,0.0004,1,73.38,73.87,64.39,0.73,1025.7,13.23,81,0.73,0,9.997,-1
988002000,Drizzle,0.0004,1,74.73,75.49,66.77,0.76,1023.6,13.34,88,0.86,0,9.997,-1
988088400,Clear,0,0,73.91,74.49,65.16,0.74,1020.7,11.24,100,0.09,0,9.997,-1
988174800,Clear,0,0,72.51,73.5,68.08,0.86,1018.6,5.48,91,0.29,0,9.997,-1
988261200,Clear,0,0,71.16,72.11,67.44,0.88,1016.1,0,-1,0.04,0,9.792,-1
988347600,Overcast,0,0,72.71,73.1,63.44,0.73,1018.8,12.68,43,1,0,9.997,-1
988434000,Partly Cloudy,0,0,72.45,72.57,61.14,0.68,1020.4,12.21,84,0.33,0,9.997,-1
988520400,Partly Cloudy,0,0,73.48,73.86,63.44,0.71,1020.6,13.08,91,0.54,0,9.997,-1
988606800,Drizzle,0.0004,1,71.33,71.87,64.41,0.79,1020.6,15.59,90,0.83,0,9.997,-1
988693200,Light Rain,0.0187,1,71.33,72.11,66.19,0.84,1016.4,16.99,75,0.96,0,9.235,-1
988779600,Drizzle,0.0004,1,71.9,72.65,66.17,0.82,1014.6,12.91,74,0.52,0,9.997,-1
988866000,Partly Cloudy,0,0,73.04,73.72,65.83,0.78,1016.6,9.18,61,0.55,0,9.997,-1
988952400,Drizzle,0.0025,1,70.79,71.83,67.9,0.91,1017.2,10.85,76,0.89,0,9.997,-1
989038800,Drizzle,0.0004,1,73.09,73.8,66.05,0.79,1015,10.34,56,0.36,0,9.513,-1
989125200,Light Rain,0.0202,1,72.32,72.76,63.86,0.75,1014.4,9.67,44,0.74,0,9.814,-1
989211600,Clear,0,0,72.18,72.18,58.33,0.62,1016.7,6.78,18,0.04,0,9.997,-1
989298000,Overcast,0,0,73.28,73.36,60.76,0.65,1019,17.1,61,1,0,9.997,-1
989384400,Partly Cloudy,0,0,71.76,71.76,59.49,0.65,1018.8,13.61,57,0.43,0,9.997,-1
989470800,Partly Cloudy,0,0,72.96,73.03,60.62,0.65,1019.8,10.8,73,0.52,0,9.997,-1
989557200,Partly Cloudy,0,0,73.49,73.49,58.2,0.59,1019.2,12.16,80,0.58,0,9.997,-1
989643600,Clear,0,0,70.36,70.36,58.08,0.65,1019.1,6.26,89,0.11,0,9.997,-1
989730000,Clear,0,0,70.29,70.5,61.69,0.74,1018.9,2.14,88,0.31,0,9.997,-1
989816400,Partly Cloudy,0,0,72.02,72.29,62.31,0.72,1018.3,5.26,103,0.36,0,9.997,-1
989902800,Overcast,0,0,75.64,76.51,67.84,0.77,1018.9,5.48,101,0.92,0,9.814,-1
989989200,Overcast,0,0,72.95,73.08,61.22,0.67,1016.1,2.58,205,0.99,0,9.828,-1
990075600,Clear,0,0,71.57,71.58,60.1,0.67,1014.1,5.61,265,0,0,9.997,-1
990162000,Clear,0,0,72.95,73.32,63.26,0.72,1016.4,3.61,241,0,0,9.45,-1
990248400,Clear,0,0,73.46,74.17,66.18,0.78,1017.2,1.87,126,0,0,9.828,-1
990334800,Clear,0,0,77.06,78.4,71.68,0.83,1014.3,5.55,171,0.25,0,9.997,-1
990421200,Humid,0,0,78.4,79.75,72.07,0.81,1014.2,8.52,132,0.13,0,9.997,-1
990507600,Humid and Partly Cloudy,0,0,79.91,84.72,75.03,0.85,1014.7,11.08,122,0.43,0,9.997,-1
990594000,Humid and Mostly Cloudy,0,0,80.11,85.35,75.38,0.86,1013.2,8.51,174,0.7,0,9.997,-1
990680400,Humid,0,0,74.51,76.25,73.8,0.98,1013,4.66,184,0.2,0,9.063,-1
990766800,Humid and Partly Cloudy,0,0,74.87,76.45,72.86,0.93,1015.5,0,-1,0.52,0,9.534,-1
990853200,Humid and Overcast,0,0,74.77,76.25,72.14,0.92,1016.8,1.18,-1,0.97,0,9.997,-1
990939600,Humid and Partly Cloudy,0,0,74.42,75.94,72.27,0.93,1015.6,2.23,201,0.51,0,9.997,-1
991026000,Mostly Cloudy,0,0,73.27,74.77,71.78,0.95,1015.5,2.41,148,0.61,0,9.997,-1
991112400,Humid and Mostly Cloudy,0,0,77.96,79.77,75.37,0.92,1016.8,4.46,107,0.71,0,9.997,-1
991198800,Humid and Partly Cloudy,0,0,78.35,81.45,76.04,0.93,1017.5,3.13,171,0.53,0,9.997,-1
991285200,Humid and Mostly Cloudy,0,0,78.77,82.05,73.83,0.85,1018.1,1.08,274,0.66,0,9.997,-1
991371600,Humid,0,0,78.13,79.62,73.17,0.85,1016.7,0.15,270,0.12,0,9.801,-1
991458000,Humid and Mostly Cloudy,0,0,74.96,76.64,73.51,0.95,1015.5,2.43,83,0.64,0,9.997,-1
991544400,Humid and Partly Cloudy,0,0,74.35,75.94,72.72,0.95,1014.7,0.26,0,0.4,0,9.997,-1
991630800,Humid,0,0,77.41,79.07,74.12,0.9,1017,1.56,90,0.17,0,9.997,-1
991717200,Humid and Partly Cloudy,0,0,79.39,83.2,73.56,0.82,1018.7,5.71,96,0.56,0,9.997,-1
991803600,Humid and Partly Cloudy,0,0,79.23,83.18,74.6,0.86,1019.4,4.08,117,0.5,0,9.997,-1
991890000,Humid and Mostly Cloudy,0,0,80.24,85.26,74.75,0.83,1018.3,6.79,128,0.6,0,9.997,-1
991976400,Humid,0,0,80.2,85.4,75.24,0.85,1017.5,0.52,117,0.25,0,9.997,-1
992062800,Humid and Partly Cloudy,0,0,79.68,84.16,74.79,0.85,1016.7,0.27,163,0.36,0,9.997,-1
992149200,Humid and Partly Cloudy,0,0,78.71,82.14,74.96,0.88,1016.4,0,-1,0.37,0,9.828,-1
992235600,Humid,0,0,79.09,83.14,75.65,0.89,1016.7,1.48,176,0.31,0,9.997,-1
992322000,Humid,0,0,78.97,82.3,73.07,0.82,1015.8,1.43,180,0.29,0,9.997,-1
992408400,Humid,0,0,80.2,84.92,74.11,0.82,1016.1,2.08,187,0,0,9.828,-1
992494800,Humid,0,0,79.28,83.04,73.72,0.83,1016.8,2.53,337,0.11,0,9.997,-1
992581200,Humid,0,0,82.37,89.15,74.8,0.78,1018,7.46,123,0.14,0,9.997,-1
992667600,Humid,0,0,81.45,86.64,73.19,0.76,1018.3,8.44,102,0.29,0,9.997,-1
992754000,Clear,0,0,76.76,78.08,71.53,0.84,1018.1,3.36,308,0.18,0,9.997,-1
992840400,Clear,0,0,76.19,77.23,69.28,0.79,1018.3,0.97,0,0.12,0,8.798,-1
992926800,Drizzle and Humid,0.0118,1,80.37,84.84,73.18,0.79,1019.3,5.94,78,0.61,0,9.997,-1
993013200,Humid,0,0,81.76,86.91,72.8,0.74,1020.2,8.8,87,0.25,0,9.997,-1
993099600,Humid and Mostly Cloudy,0,0,81.2,86.18,73.1,0.76,1020.6,6.22,88,0.63,0,9.997,-1
993186000,Humid,0,0,76.31,77.83,72.89,0.89,1018.6,0.74,277,0.24,0,9.828,-1
993272400,Clear,0.0043,0.36,74.71,76.16,71.93,0.91,1018.3,0,-1,0.16,0,9.814,-1
993358800,Partly Cloudy,0,0,73.4,74.79,71.09,0.93,1018.9,0.94,270,0.44,0,9.997,-1
993445200,Clear,0,0,74.23,75.71,71.97,0.93,1018.9,1.31,139,0.26,0,9.997,-1
993531600,Humid,0,0,77.43,79.01,73.55,0.88,1020.7,4.79,93,0.1,0,9.997,-1
993618000,Possible Drizzle and Humid,0.0055,0.46,79.83,84.23,74.13,0.83,1022.6,11.51,100,0.71,0,9.223,-1
993704400,Humid and Partly Cloudy,0,0,80.66,85.51,73.58,0.79,1021.6,8.15,88,0.52,0,9.997,-1
993790800,Humid and Mostly Cloudy,0,0,75.6,77.33,74.11,0.95,1019.2,4.15,47,0.73,0,9.997,-1
993877200,Possible Drizzle and Humid,0.0055,0.46,79.15,83.14,75.13,0.88,1018.5,3.36,98,0.2,0,9.997,-1
993963600,Humid and Mostly Cloudy,0.0044,0.37,80.27,85.31,74.73,0.83,1018.6,5.15,104,0.72,0,9.997,-1
994050000,Drizzle and Humid,0.0046,1,80.91,86.51,74.72,0.82,1018,7.95,103,0.7,0,9.997,-1
994136400,Humid,0,0,81.95,87.64,73.55,0.76,1020.6,8.09,90,0.1,0,9.997,-1
994222800,Humid and Mostly Cloudy,0,0,82.58,91.31,77.13,0.84,1021.4,7.02,89,0.73,0,9.997,-1
994309200,Clear,0,0,74.48,75.62,69.64,0.85,1020.6,0,-1,0.13,0,5.2,-1
994395600,Humid,0,0,81.67,87.49,74.06,0.78,1018.9,5.26,122,0.18,0,9.997,-1
994482000,Humid,0,0,82.33,89.84,75.87,0.81,1019.3,5.26,110,0.22,0,9.997,-1
994568400,Drizzle and Humid,0.0004,1,79.21,82.87,73.57,0.83,1018.6,1.7,112,0.4,0,9.997,-1
994654800,Partly Cloudy,0,0,76.83,78.16,71.61,0.84,1016.7,2.41,289,0.57,0,9.997,-1
994741200,Humid and Partly Cloudy,0,0,74.27,75.78,72.18,0.93,1015.4,4.23,225,0.56,0,9.997,-1
994827600,Humid and Partly Cloudy,0,0,76.07,77.75,73.9,0.93,1014.8,5.31,212,0.4,0,9.997,-1
994914000,Humid,0,0,75.4,76.91,72.56,0.91,1016.1,5.12,212,0,0,9.997,-1
995000400,Humid,0,0,79.59,83.85,74.39,0.84,1017.3,6.24,219,0.03,0,9.997,-1
995086800,Humid,0,0,79.83,84.38,74.53,0.84,1014.4,7.96,239,0.11,0,9.997,-1
995173200,Humid and Mostly Cloudy,0,0,73.96,75.6,72.94,0.97,1011.6,6.27,224,0.81,0,9.997,-1
995259600,Humid and Partly Cloudy,0,0,75.93,77.68,74.32,0.95,1013.1,2.3,276,0.45,0,9.491,-1
995346000,Humid,0,0,81.32,86.86,74,0.79,1017,3.98,207,0.17,0,9.632,-1
995432400,Humid,0,0,78.59,81.74,74.21,0.86,1018.5,0,-1,0.25,0,9.997,-1
995518800,Humid,0,0,77.94,79.57,74.07,0.88,1019,1.07,356,0.14,0,9.997,-1
995605200,Humid,0,0,81.25,86.64,73.8,0.78,1017.5,0.25,144,0.13,0,9.997,-1
995691600,Light Rain and Humid,0.0204,1,76.24,77.95,74.16,0.93,1016.1,4.6,318,0.96,0,8.989,-1
995778000,Drizzle,0.0004,1,74.85,76.29,71.88,0.9,1014,7.75,198,0.81,0,9.997,-1
995864400,Mostly Cloudy,0.0021,0.11,75.06,76.42,71.42,0.88,1013.6,2.4,200,0.83,0,9.997,-1
995950800,Light Rain,0.0329,1,71.79,72.96,69.15,0.91,1019.1,8.9,295,0.99,0,9.824,-1
996037200,Humid,0,0,81.6,88.45,75.82,0.83,1017.9,7.91,109,0.28,0,9.62,-1
996123600,Rain,0.2008,1,75.54,76.9,71.54,0.87,1018.9,7.73,94,0.9,0,7.918,-1
996210000,Humid,0,0,80.13,85.03,74.72,0.84,1019.9,5.01,121,0.25,0,9.997,-1
996296400,Humid,0,0,81.25,86.63,73.78,0.78,1021.2,6,94,0.15,0,9.997,-1
996382800,Humid,0,0,80.84,86.48,74.92,0.82,1020.7,5.54,88,0.11,0,9.997,-1
996469200,Humid,0,0,82.1,88.46,74.46,0.78,1019.4,1.18,167,0.2,0,9.997,-1
996555600,Humid,0,0,82.33,89.68,75.64,0.8,1018.8,6.93,110,0.07,0,9.997,-1
996642000,Clear,0,0,82.29,86.16,69.95,0.66,1019.4,5.75,102,0.22,0,9.997,-1
996728400,Drizzle and Humid,0.0004,1,76.75,78.21,72.56,0.87,1018.9,11.82,110,0.88,0,9.997,-1
996814800,Drizzle and Humid,0.0032,1,80.42,86.16,75.73,0.86,1017.7,10.42,118,0.61,0,9.655,-1
996901200,Humid and Mostly Cloudy,0,0,77.62,79.35,74.73,0.91,1015.5,0.69,80,0.73,0,9.997,-1
996987600,Drizzle and Humid,0.0032,1,76.91,78.6,74.23,0.91,1016.9,3.52,153,0.76,0,9.997,-1
997074000,Light Rain and Humid,0.0209,1,75.82,77.51,73.86,0.94,1021.3,0.44,-1,0.42,0,9.997,-1
997160400,Humid,0,0,81.2,88.75,77.09,0.87,1021.9,6.93,79,0.27,0,9.997,-1
997246800,Humid,0,0,80.75,86.19,74.65,0.82,1020.7,4.14,53,0.1,0,9.997,-1
997333200,Humid,0,0,82.29,89.35,75.29,0.79,1019.9,5.47,94,0.17,0,9.997,-1
997419600,Humid,0,0,82.11,89.42,75.84,0.81,1019,4.38,125,0.13,0,9.997,-1
997506000,Humid,0,0,81.57,88.07,75.3,0.81,1019,0.26,320,0.21,0,9.997,-1
997592400,Humid and Partly Cloudy,0,0,82.54,90.33,76.01,0.81,1020.4,4.4,105,0.44,0,9.997,-1
997678800,Humid,0,0,82.52,90.13,75.78,0.8,1020.4,5.43,86,0.2,0,9.997,-1
997765200,Humid and Partly Cloudy,0,0,82.04,90.25,77.12,0.85,1016.9,5.36,101,0.5,0,9.997,-1
997851600,Humid,0,0,81.89,88.08,74.42,0.78,1014.7,0,-1,0.22,0,9.997,-1
997938000,Humid and Mostly Cloudy,0,0,82.7,91.51,77.08,0.83,1016.2,1.3,180,0.64,0,9.259,-1
998024400,Humid,0,0,82.52,90.56,76.34,0.82,1020.3,3.09,140,0.18,0,9.997,-1
998110800,Humid and Partly Cloudy,0,0,82.79,90.99,76.26,0.81,1019.1,5.15,107,0.36,0,9.997,-1
998197200,Humid,0,0,83.67,92.68,76.41,0.79,1016.9,8.15,103,0.25,0,9.997,-1
998283600,Humid and Partly Cloudy,0,0,83.73,93.43,77.1,0.81,1017.4,5.35,100,0.51,0,9.997,-1
998370000,Drizzle and Humid,0.0118,1,79.74,84.32,74.88,0.85,1017.3,6.35,155,0.41,0,9.66,-1
998456400,Partly Cloudy,0,0,77.89,79.21,71.85,0.82,1017.2,3.98,27,0.58,0,9.997,-1
998542800,Humid,0,0,77.12,78.7,73.47,0.89,1016.9,0.4,0,0.16,0,9.997,-1
998629200,Humid,0,0,80.41,84.75,72.82,0.78,1017.1,0.33,-1,0.28,0,9.997,-1
998715600,Humid and Partly Cloudy,0,0,79.86,83.73,72.53,0.78,1016.7,0.99,-1,0.45,0,9.997,-1
998802000,Humid,0,0,81.41,87.31,74.54,0.8,1015.9,0.37,191,0.25,0,9.997,-1
998888400,Humid and Partly Cloudy,0,0,80.58,84.93,72.56,0.77,1016,3.21,19,0.45,0,9.321,-1
998974800,Humid and Partly Cloudy,0,0,81.52,86.9,73.48,0.77,1016.4,0.15,0,0.45,0,9.997,-1
999061200,Humid,0,0,82.67,90.61,76.05,0.8,1017.4,3.73,74,0.2,0,9.997,-1
999147600,Humid,0,0,82.69,90.89,76.35,0.81,1017,4.31,96,0.22,0,9.997,-1
999234000,Humid and Partly Cloudy,0,0,82.88,91.71,76.92,0.82,1017.1,4.36,129,0.52,0,9.997,-1
999320400,Humid and Partly Cloudy,0,0,82.98,90.81,75.62,0.79,1017.7,7.43,110,0.43,0,9.997,-1
999406800,Humid and Partly Cloudy,0,0,82.26,88.73,74.47,0.77,1016.2,4.47,88,0.36,0,9.997,-1
999493200,Humid and Partly Cloudy,0,0,82.65,90.22,75.62,0.79,1015.2,6.05,89,0.35,0,9.997,-1
999579600,Humid and Partly Cloudy,0,0,82.43,89.39,75,0.78,1015.2,3.54,112,0.36,0,9.997,-1
999666000,Light Rain and Humid,0.0745,1,81.75,88.61,75.64,0.82,1016.3,4.6,99,0.42,0,9.997,-1
999752400,Humid,0,0,81.67,88.47,75.64,0.82,1017.6,0.69,134,0.3,0,9.997,-1
999838800,Humid and Partly Cloudy,0,0,78.55,81.82,75.31,0.9,1016.2,1.94,294,0.51,0,9.997,-1
999925200,Humid,0,0,78.4,81.35,74.25,0.87,1014.6,2.93,148,0.3,0,9.997,-1
1000011600,Humid and Partly Cloudy,0.0032,0.27,76.72,78.48,74.67,0.93,1014.6,1.57,129,0.56,0,9.997,-1
1000098000,Light Rain and Humid,0.0716,1,74.81,76.54,73.82,0.97,1016.2,4.78,172,0.65,0,9.997,-1
1000184400,Humid and Mostly Cloudy,0,0,77.04,78.78,74.55,0.92,1016.5,0.26,180,0.64,0,9.997,-1
1000270800,Light Rain and Humid,0.0731,1,76.32,77.99,73.97,0.92,1014.8,2.3,99,0.43,0,9.687,-1
1000357200,Light Rain and Humid,0.0709,1,74.75,76.33,72.86,0.94,1013.1,7.58,131,1,0,6.491,-1
1000443600,Humid and Mostly Cloudy,0,0,75.34,76.84,72.42,0.91,1008.2,4.56,165,0.67,0,9.997,-1
1000530000,Humid,0,0,77.04,78.72,74.18,0.91,1006.6,10.04,218,0.28,0,9.997,-1
1000616400,Mostly Cloudy,0,0,74.42,75.43,68.71,0.82,1013.2,8.38,335,0.79,0,9.997,-1
1000702800,Humid,0,0,75.58,77.05,72.29,0.9,1016.6,3.83,18,0.22,0,9.45,-1
1000789200,Humid and Partly Cloudy,0,0,78.99,82.18,72.36,0.8,1016.8,5.97,89,0.56,0,9.997,-1
1000875600,Humid and Overcast,0,0,79.3,82.72,72.33,0.79,1016.3,2.34,87,0.88,0,9.66,-1
1000962000,Clear,0,0,78.29,79.48,70.81,0.78,1016.8,2.13,80,0.27,0,9.997,-1
1001048400,Clear,0,0,79.08,81.94,70.54,0.75,1016.1,0.39,111,0.11,0,9.632,-1
1001134800,Humid,0,0,80.41,84.51,72.22,0.76,1015.4,3.82,90,0.25,0,9.997,-1
1001221200,Humid,0,0,80.66,85.16,72.79,0.77,1014.9,4.21,96,0.25,0,9.997,-1
1001307600,Humid and Partly Cloudy,0,0,79.82,84.45,74.81,0.85,1014.7,2.35,84,0.37,0,9.997,-1
1001394000,Humid and Partly Cloudy,0,0,79.49,83.88,75.11,0.87,1014.4,2.23,187,0.33,0,9.997,-1
1001480400,Humid and Partly Cloudy,0,0,78.47,81.45,73.86,0.86,1016,0,-1,0.37,0,9.997,-1
1001566800,Humid,0,0,76.6,78.17,73.33,0.9,1015.5,3.22,55,0.29,0,9.997,-1
1001653200,Humid and Mostly Cloudy,0.0032,0.27,75.06,76.7,73.33,0.94,1012.4,1.55,333,0.72,0,9.997,-1
1001739600,Rain,0.2545,1,72.74,74.23,71.58,0.96,1009.6,6.87,53,1,0,5.588,-1
1001826000,Partly Cloudy,0,0,71.63,72.92,69.87,0.94,1008.6,7.17,317,0.55,0,9.997,-1
1001912400,Mostly Cloudy,0,0,74.1,74.92,67.16,0.79,1012.5,6.93,349,0.7,0,9.997,-1
1001998800,Clear,0,0,71.63,72.07,63.75,0.76,1015.9,8.47,352,0.06,0,9.997,-1
1002085200,Clear,0,0,74.73,75.22,64.55,0.71,1019.6,6.15,48,0.2,0,9.997,-1
1002171600,Drizzle,0.0118,1,78.86,81.78,71.45,0.78,1019.2,10.93,85,0.35,0,9.997,-1
1002258000,Humid and Partly Cloudy,0,0,80.13,84.52,73.43,0.8,1019,7.84,54,0.57,0,9.997,-1
1002344400,Humid,0,0,79.26,83.54,75.62,0.89,1017,3.87,124,0.14,0,9.997,-1
1002430800,Humid,0,0,80.1,85.71,75.84,0.87,1016.1,4.15,186,0.22,0,9.997,-1
1002517200,Humid,0,0,80.75,86.68,75.62,0.84,1017.3,6.63,60,0.31,0,9.828,-1
1002603600,Drizzle and Humid,0.0077,1,79.95,84.28,73.66,0.81,1019.4,19.41,58,0.92,0,9.997,-1
1002690000,Partly Cloudy,0,0,78.94,79.91,69.09,0.72,1019.9,19.81,71,0.57,0,9.997,-1
1002776400,Drizzle,0.0004,1,77.9,78.78,68.25,0.72,1018.8,16.26,82,0.8,0,9.997,-1
1002862800,Light Rain,0.0513,1,78.32,79.26,68.78,0.73,1016.1,11.9,100,0.76,0,9.997,-1
1002949200,Clear,0,0,76.33,77,66.22,0.71,1016.3,7,111,0.1,0,9.997,-1
1003035600,Humid and Mostly Cloudy,0,0,79.65,83.57,73.14,0.81,1015.8,9.13,126,0.64,0,9.997,-1
1003122000,Humid and Partly Cloudy,0,0,76.83,78.55,74.39,0.92,1015.5,0.66,21,0.45,0,9.66,-1
1003208400,Partly Cloudy,0,0,79.1,82.26,71.82,0.78,1016.9,6.05,91,0.5,0,9.997,-1
1003294800,Light Rain and Humid,0.0676,1,76.96,78.44,72.73,0.87,1016,4.76,359,0.45,0,8.744,-1
1003381200,Drizzle and Humid,0.0004,1,76.96,78.43,72.67,0.87,1015,9.87,358,0.91,0,9.627,-1
1003467600,Drizzle and Humid,0.0089,1,78.5,81.52,73.95,0.86,1013.5,10.54,67,0.63,0,9.997,-1
1003554000,Humid and Partly Cloudy,0,0,77.7,79.42,74.69,0.9,1013.6,4.34,53,0.54,0,9.997,-1
1003640400,Humid and Partly Cloudy,0,0,78.65,82,74.99,0.89,1015.9,8.13,70,0.55,0,9.997,-1
1003726800,Rain and Humid,0.3603,1,74.03,75.69,73.15,0.97,1015.4,9.6,64,1,0,4.738,-1
1003813200,Humid and Partly Cloudy,0,0,73.97,75.73,73.75,0.99,1012.8,0,-1,0.35,0,9.997,-1
1003899600,Humid,0,0,77.82,79.47,74.25,0.89,1013.4,1.28,221,0,0,9.814,-1
1003986000,Humid and Partly Cloudy,0,0,76.17,78.01,74.98,0.96,1016.6,3.37,185,0.57,0,9.997,-1
1004072400,Humid and Partly Cloudy,0,0,76.27,78,74.31,0.94,1018.1,0.99,90,0.58,0,9.318,-1
1004158800,Partly Cloudy,0,0,70.65,70.91,62.07,0.74,1019.1,11.94,345,0.44,0,9.997,-1
1004245200,Clear,0,0,60.94,60.94,43.45,0.53,1021.2,11.56,340,0.3,0,9.997,-1
1004331600,Overcast,0,0,72.71,72.71,55.09,0.54,1024.1,14.18,56,1,0,9.997,-1
1004418000,Overcast,0,0,74.62,74.62,59.33,0.59,1023.3,14.46,60,1,0,9.997,-1
1004504400,Mostly Cloudy,0,0,74.84,75.17,63.13,0.67,1021.3,17.07,63,0.71,0,9.997,-1
1004590800,Mostly Cloudy,0,0,76.86,77.73,68,0.74,1018.5,15.07,74,0.73,0,9.997,-1
1004677200,Light Rain,0.0352,1,75.46,76.76,71.02,0.86,1017,15.25,89,1,0,9.309,-1
1004763600,Humid and Overcast,0,0,78.73,81.69,72.2,0.8,1016.2,15.66,81,0.88,0,9.997,-1
1004850000,Overcast,0,0,78.09,79.05,68.93,0.74,1014.1,19.56,75,0.93,0,9.997,-1
1004936400,Light Rain,0.0381,1,71.26,72.07,66.42,0.85,1007.1,18.29,65,1,0,9.251,-1
1005022800,Partly Cloudy,0,0,68.6,69.24,64.51,0.87,1012.5,8.4,309,0.39,0,9.997,-1
1005109200,Overcast,0,0,67.24,67.24,59.18,0.75,1022.1,6.08,352,0.88,0,9.997,-1
1005195600,Mostly Cloudy,0,0,65.69,65.69,57.91,0.76,1024,3.95,4,0.63,0,9.997,-1
1005282000,Clear,0,0,65.25,65.45,60.43,0.84,1023.6,2.46,346,0.08,0,9.997,-1
1005368400,Partly Cloudy,0,0,67.19,67.26,59.98,0.78,1023.1,4.63,342,0.43,0,9.997,-1
1005454800,Clear,0,0,65.83,66.24,62.13,0.88,1020.7,1,338,0.18,0,9.45,-1
1005541200,Mostly Cloudy,0,0,67.94,68.3,62.33,0.82,1020.4,3.97,353,0.75,0,9.921,-1
1005627600,Partly Cloudy,0.0085,0.27,69.1,69.55,63.27,0.82,1020.9,7.11,352,0.49,0,9.871,-1
1005714000,Clear,0,0,67.99,68.86,65.85,0.93,1017.3,3.71,328,0.22,0,9.687,-1
1005800400,Clear,0,0,66.57,67.3,64.54,0.93,1013.2,5.47,259,0.12,0,9.997,-1
1005886800,Overcast,0,0,69.14,69.71,64.18,0.84,1013.7,7.02,275,1,0,9.632,-1
1005973200,Partly Cloudy,0,0,68.18,68.87,64.75,0.89,1016.8,7.3,325,0.38,0,9.997,-1
1006059600,Partly Cloudy,0,0,73.94,74.36,63.85,0.71,1019.4,9.03,48,0.41,0,9.997,-1
1006146000,Partly Cloudy,0,0,72.79,73.37,65.05,0.77,1019.9,10.64,81,0.47,0,9.997,-1
1006232400,Partly Cloudy,0,0,69.24,70,65.52,0.88,1017.9,3.4,336,0.41,0,9.997,-1
1006318800,Clear,0,0,68.35,69.02,64.65,0.88,1015.4,1.7,312,0.12,0,9.619,-1
1006405200,Clear,0,0,65.29,65.58,61.13,0.86,1017,0.37,0,0,0,9.632,-1
1006491600,Clear,0,0,68.7,69.25,63.92,0.85,1017.6,3.56,90,0.03,0,9.45,-1
1006578000,Mostly Cloudy,0.0013,0.11,71.5,72.47,67.7,0.88,1016.7,3.96,107,0.75,0,9.997,-1
1006664400,Partly Cloudy,0,0,73.18,73.76,65.09,0.76,1018.5,7.72,96,0.42,0,9.997,-1
1006750800,Partly Cloudy,0,0,73.29,74.13,67.12,0.81,1018.4,7.34,102,0.45,0,9.997,-1
1006837200,Clear,0,0,72.78,72.98,61.76,0.68,1018.2,8.75,90,0.28,0,9.997,-1
1006923600,Clear,0,0,70.97,71.35,63.11,0.76,1020.1,8.28,104,0.18,0,9.997,-1
1007010000,Partly Cloudy,0,0,74.08,74.47,63.64,0.7,1020.5,10.8,106,0.47,0,9.997,-1
1007096400,Clear,0,0,71.21,71.61,63.3,0.76,1018.7,6.16,117,0.26,0,9.997,-1
1007182800,Mostly Cloudy,0,0,68.32,68.67,62.33,0.81,1018.4,4.76,346,0.68,0,9.997,-1
1007269200,Overcast,0,0,71.26,72.35,68.37,0.91,1018.2,4.02,341,0.94,0,9.997,-1
1007355600,Light Rain,0.0197,1,71.18,72.17,67.7,0.89,1018.8,4.42,346,0.88,0,9.997,-1
1007442000,Partly Cloudy,0,0,73.64,74.27,65.54,0.76,1020.4,7.95,50,0.43,0,9.997,-1
1007528400,Clear,0.0013,0.11,73.71,74.23,64.61,0.73,1021.5,15.28,70,0.25,0,9.997,-1
1007614800,Drizzle,0.0099,1,73.85,74.88,68.7,0.84,1020.5,15.13,59,0.92,0,9.828,-1
1007701200,Mostly Cloudy,0,0,74.92,76.25,71.1,0.88,1017.3,9.05,100,0.7,0,9.884,-1
1007787600,Drizzle,0.0004,1,75.16,76.56,71.75,0.89,1016.4,6.79,104,0.47,0,9.772,-1
1007874000,Clear,0,0,73.35,74.63,70.39,0.9,1015.4,5.11,111,0.17,0,9.997,-1
1007960400,Clear,0,0,72.73,73.96,69.78,0.9,1016.6,5.51,96,0.1,0,9.814,-1
1008046800,Partly Cloudy,0,0,72.42,73.36,67.62,0.85,1018.4,3.69,106,0.33,0,9.997,-1
1008133200,Clear,0,0,73.83,74.89,68.91,0.85,1021.2,7.96,100,0.14,0,9.997,-1
1008219600,Partly Cloudy,0,0,73.46,74.22,66.54,0.79,1020.4,5.65,79,0.4,0,9.997,-1
1008306000,Clear,0,0,75.51,76.85,71.37,0.87,1016.8,11.02,116,0.25,0,9.997,-1
1008392400,Clear,0,0,73.25,74.41,69.5,0.88,1018.5,6.3,114,0.09,0,9.828,-1
1008478800,Partly Cloudy,0,0,74.18,74.87,66.12,0.76,1020.7,10.1,83,0.39,0,9.997,-1
1008565200,Drizzle,0.0004,1,75.24,76.1,67.69,0.77,1019.3,11.54,116,0.62,0,9.997,-1
1008651600,Clear,0,0,68.18,68.83,64.51,0.88,1014.2,3.89,275,0,0,9.997,-1
1008738000,Partly Cloudy,0,0,68.18,68.42,61.43,0.79,1013.9,1.85,0,0.49,0,9.687,-1
1008824400,Clear,0,0,66.08,66.13,59.63,0.8,1017.5,9.2,304,0,0,9.997,-1
1008910800,Clear,0,0,60.87,60.87,47.89,0.62,1021.9,7.1,346,0,0,9.997,-1
1008997200,Partly Cloudy,0,0,69.53,69.53,52.45,0.55,1023.5,10.65,57,0.4,0,9.997,-1
1009083600,Overcast,0,0,70.97,70.97,56.36,0.6,1021.8,11.78,90,0.88,0,9.997,-1
1009170000,Partly Cloudy,0,0,70.27,70.85,64.52,0.82,1017.2,7.18,123,0.51,0,9.997,-1
1009256400,Clear,0,0,68.7,69.4,65.02,0.88,1014.6,5.05,316,0.23,0,9.997,-1
1009342800,Overcast,0,0,66.19,66.4,60.78,0.83,1011.4,10.08,331,1,0,9.997,-1
1009429200,Partly Cloudy,0,0,53.45,53.45,38.76,0.57,1019.5,7,343,0.38,0,9.997,-1
1009515600,Mostly Cloudy,0,0,60.74,60.74,51.89,0.73,1018.3,0.34,224,0.76,0,9.997,-1
1009602000,Clear,0,0,64.6,64.8,60.31,0.86,1016.3,6.47,146,0.08,0,9.997,-1
1009688400,Clear,0,0,65.1,65.81,63.83,0.96,1017.1,2.98,281,0.27,0,9.491,-1
1009774800,Clear,0,0,65.95,66.43,62.59,0.89,1017,0.3,-1,0.24,0,9.632,-1
1009861200,Partly Cloudy,0,0,64.01,64.46,61.8,0.93,1015.1,10.58,323,0.44,0,9.03,-1
1009947600,Partly Cloudy,0,0,65.94,65.94,57.85,0.75,1017.3,6.87,85,0.39,0,9.814,-1
1010034000,Mostly Cloudy,0,0,66.6,67.38,64.8,0.94,1013,6.51,210,0.81,0,9.997,-1
1010120400,Mostly Cloudy,0,0,48.72,43.84,42.47,0.79,1022.3,11.89,337,0.81,0,9.997,-1
1010206800,Clear,0,0,45.41,42.06,35.48,0.68,1026.4,6.24,347,0.06,0,9.997,-1
1010293200,Overcast,0,0,68.55,68.55,57.34,0.67,1019.4,9.24,153,0.88,0,9.997,-1
1010379600,Overcast,0,0,64.69,65.31,63.14,0.95,1015.5,6.06,232,1,0,9.427,-1
1010466000,Mostly Cloudy,0,0,51.46,51.46,43.32,0.74,1022.4,10.3,344,0.65,0,9.997,-1
1010552400,Clear,0,0,45.9,42.44,36.69,0.7,1024.8,6.64,337,0,0,9.997,-1
1010638800,Clear,0,0,50.6,50.6,35.37,0.56,1025.1,5.31,343,0,0,9.997,-1
1010725200,Clear,0,0,58.3,58.3,54.92,0.89,1022,0.36,50,0.14,0,9.658,-1
1010811600,Clear,0,0,60.72,60.72,57.73,0.9,1020.1,3.51,304,0.07,0,9.66,-1
1010898000,Partly Cloudy,0,0,62.08,62.08,58.13,0.87,1016.2,5.1,175,0.39,0,9.997,-1
1010984400,Clear,0,0,65.79,66.36,63.17,0.91,1018,3.98,104,0.28,0,9.828,-1
1011070800,Partly Cloudy,0,0,72.3,73.72,70.95,0.96,1016.6,8.33,166,0.37,0,9.363,-1
1011157200,Partly Cloudy,0,0,66.09,66.69,63.47,0.91,1020.5,6.93,5,0.49,0,9.491,-1
1011243600,Clear,0,0,69.3,70.23,66.68,0.91,1021,6.77,98,0.11,0,9.997,-1
1011330000,Clear,0,0,69.65,70.73,67.79,0.94,1020.5,2.04,163,0.31,0,9.632,-1
1011416400,Partly Cloudy,0,0,68.88,69.59,65.12,0.88,1019.8,3.6,30,0.39,0,8.406,-1
1011502800,Clear,0,0,67.99,69.09,67.33,0.98,1018.2,4.76,186,0,0,9.997,-1
1011589200,Clear,0,0,70.11,71.39,69.28,0.97,1019.9,4.36,126,0,0,9.136,-1
1011675600,Clear,0,0,71.04,72.42,70.23,0.97,1022.5,0.07,90,0.14,0,9.66,-1
1011762000,Clear,0,0,73.41,74.39,68.24,0.84,1024,11.45,101,0.14,0,9.997,-1
1011848400,Clear,0,0,73.43,74.28,67.26,0.81,1022.2,11.29,123,0.18,0,9.997,-1
1011934800,Clear,0,0,66.8,67.72,65.79,0.97,1017.9,2.4,147,0,0,9.997,-1
1012021200,Clear,0,0,68.32,68.95,64.36,0.87,1020.3,3.06,226,0.09,0,9.997,-1
1012107600,Clear,0,0,69.4,70.58,68.4,0.97,1021.7,1.65,133,0,0,9.617,-1
1012194000,Clear,0,0,68.85,69.79,66.64,0.93,1022,3.95,84,0.11,0,9.243,-1
1012280400,Clear,0,0,68.73,69.58,65.98,0.91,1020.8,3.47,88,0.13,0,9.997,-1
1012366800,Possible Drizzle,0.0115,0.58,73.92,75.11,69.82,0.87,1021.3,8.94,89,0.48,0,9.655,-1
1012453200,Partly Cloudy,0,0,74.94,76.01,69.29,0.83,1021.8,9.6,106,0.32,0,9.997,-1
1012539600,Mostly Cloudy,0,0,72.98,74.1,69.09,0.88,1020.6,5.76,88,0.65,0,9.824,-1
1012626000,Mostly Cloudy,0,0,71.07,72.3,69.24,0.94,1021.1,3.09,134,0.69,0,9.997,-1
1012712400,Mostly Cloudy,0,0,72.92,74.25,70.53,0.92,1020.8,2.46,307,0.65,0,9.547,-1
1012798800,Clear,0,0,70.98,71.81,66.54,0.86,1019.8,5.94,287,0.09,0,9.687,-1
1012885200,Clear,0,0,62.28,62.28,50.6,0.66,1021.2,6.4,339,0,0,9.997,-1
1012971600,Partly Cloudy,0,0,68.19,68.19,57.76,0.69,1022.7,12.22,95,0.44,0,9.997,-1
1013058000,Clear,0,0,72.42,72.8,63.34,0.73,1019.4,9.62,144,0.26,0,9.997,-1
1013144400,Mostly Cloudy,0,0,68.98,69.7,65.15,0.88,1018,11.91,322,0.87,0,9.997,-1
1013230800,Clear,0,0,69.11,69.32,61.43,0.77,1020.5,10.12,92,0.3,0,9.997,-1
1013317200,Light Rain,0.0821,0.91,71.47,72.72,69.53,0.94,1021.2,3.96,103,1,0,8.631,-1
1013403600,Drizzle,0.0057,0.73,70.29,71.54,69.15,0.96,1021,7.93,334,0.87,0,9.997,-1
1013490000,Clear,0,0,66.75,66.99,61.14,0.82,1021,5.56,347,0.18,0,9.997,-1
1013576400,Clear,0,0,70.98,71.93,67.4,0.88,1018.7,3.89,179,0.15,0,9.997,-1
1013662800,Overcast,0,0,70.25,70.85,64.64,0.82,1019,5.08,6,0.95,0,9.997,-1
1013749200,Mostly Cloudy,0,0,64.47,64.58,59.68,0.84,1021.3,7.42,0,0.65,0,9.997,-1
1013835600,Partly Cloudy,0,0,70.52,71.55,67.8,0.91,1018.7,1.63,106,0.44,0,9.997,-1
1013922000,Clear,0,0,63.61,63.87,60.37,0.89,1016.7,4.54,322,0.18,0,9.491,-1
1014008400,Clear,0,0,57.39,57.39,47.19,0.69,1019.4,4.6,345,0,0,9.997,-1
1014094800,Mostly Cloudy,0,0,65.12,65.12,50.62,0.59,1023.8,12.84,62,0.61,0,9.997,-1
1014181200,Overcast,0,0,70.47,70.47,56.37,0.61,1022.1,14.79,117,0.93,0,9.997,-1
1014267600,Partly Cloudy,0,0,71.82,72.24,63.63,0.75,1019.2,7.06,145,0.49,0,9.997,-1
1014354000,Clear,0,0,70.57,71.45,66.77,0.88,1016.1,4.73,162,0.29,0,9.997,-1
1014440400,Partly Cloudy,0,0,68.29,69.06,65.35,0.9,1011.4,7.83,83,0.53,0,9.997,-1
1014526800,Mostly Cloudy,0,0,57.66,57.66,54.63,0.9,1015.5,15.26,299,0.85,0,9.997,-1
1014613200,Clear,0,0,58.72,58.72,53.35,0.82,1021.8,5.74,344,0.07,0,9.824,-1
1014699600,Clear,0,0,64.51,64.51,57.12,0.77,1019.7,2.4,90,0.24,0,9.997,-1
1014786000,Partly Cloudy,0,0,67.25,67.56,61.82,0.83,1017,6.05,267,0.43,0,9.491,-1
1014872400,Clear,0,0,51.61,51.61,38.66,0.61,1021.6,10.52,333,0,0,9.997,-1
1014958800,Overcast,0,0,63.08,63.08,55.64,0.77,1022.7,9.77,81,0.94,0,9.997,-1
1015045200,Overcast,0,0,71.66,72.08,63.55,0.76,1020.3,17.43,111,1,0,9.997,-1
1015131600,Clear,0,0,73.92,75.12,69.97,0.88,1017.7,13.4,161,0.12,0,9.997,-1
1015218000,Humid,0,0,75,76.47,72.2,0.91,1017.7,8.83,170,0.21,0,9.997,-1
1015304400,Overcast,0,0,53.89,53.89,40.93,0.61,1025.4,9.42,342,1,0,9.997,-1
1015390800,Overcast,0,0,68.1,68.1,55.78,0.65,1026.1,14.82,60,1,0,9.997,-1
1015477200,Mostly Cloudy,0,0,70.18,70.67,63.81,0.8,1022,13.56,70,0.85,0,9.997,-1
1015563600,Mostly Cloudy,0,0,68.91,69.65,65.28,0.88,1020.8,4.97,94,0.82,0,9.997,-1
1015650000,Clear,0,0,70.9,71.6,65.53,0.83,1021.6,7.08,57,0.1,0,9.997,-1
1015736400,Clear,0,0,70.5,71.32,66.28,0.86,1023.3,3.13,300,0.14,0,9.687,-1
1015822800,Mostly Cloudy,0,0,70.66,71.43,65.98,0.85,1021.7,5.95,31,0.87,0,9.997,-1
1015909200,Partly Cloudy,0,0,73.34,73.88,64.81,0.75,1019.2,11.1,92,0.33,0,9.997,-1
1015995600,Clear,0,0,71.2,72.19,67.74,0.89,1016.3,4.85,203,0.14,0,9.997,-1
1016082000,Clear,0,0,71.11,71.97,66.72,0.86,1016.5,6.58,287,0.11,0,9.66,-1
1016168400,Clear,0,0,73.46,74.49,68.55,0.85,1018.5,1.78,133,0,0,9.997,-1
1016254800,Clear,0,0,74.99,75.85,67.64,0.78,1020.5,5.66,118,0.27,0,9.997,-1
1016341200,Clear,0,0,72.72,72.87,61.43,0.68,1020.1,9.82,99,0,0,9.997,-1
1016427600,Clear,0,0,74.7,75.57,67.61,0.79,1020.9,7.29,86,0.27,0,9.997,-1
1016514000,Clear,0,0,73.1,73.43,62.97,0.71,1019.7,8.3,103,0,0,9.997,-1
1016600400,Clear,0,0,75.13,75.85,66.48,0.75,1018.7,12.43,104,0.27,0,9.997,-1
1016686800,Clear,0,0,72.33,73.05,66.02,0.81,1017.9,4.1,138,0.01,0,9.997,-1
1016773200,Clear,0,0,73.53,74.07,64.83,0.74,1015.6,7.03,282,0,0,9.997,-1
1016859600,Clear,0,0,67.92,68.35,62.81,0.84,1018.5,7.26,29,0.22,0,9.997,-1
1016946000,Partly Cloudy,0,0,73.02,73.04,60.21,0.64,1019.4,8.65,94,0.46,0,9.997,-1
1017032400,Partly Cloudy,0,0,75.2,76,67.19,0.76,1018.5,9.73,99,0.32,0,9.997,-1
1017118800,Clear,0,0,76.37,77.57,70.53,0.82,1018.7,8.64,92,0.18,0,9.997,-1
1017205200,Clear,0,0,71.67,72.62,67.58,0.87,1017.4,3.77,344,0.17,0,9.687,-1
1017291600,Clear,0,0,74.04,75.05,68.58,0.83,1015.3,8.67,308,0.3,0,9.997,-1
1017378000,Clear,0,0,73.87,74.52,65.81,0.76,1015.6,4.17,98,0.07,0,9.997,-1
1017464400,Clear,0,0,75.25,76.2,68.39,0.79,1017.7,7.89,124,0.1,0,9.997,-1
1017550800,Clear,0,0,74.79,75.46,66.05,0.74,1017.2,9.49,116,0.13,0,9.997,-1
1017637200,Clear,0,0,74.35,75.34,68.45,0.82,1015.5,4.06,152,0.18,0,9.997,-1
1017723600,Mostly Cloudy,0,0,73.89,74.92,68.67,0.84,1015.4,4.13,203,0.78,0,9.997,-1
1017810000,Clear,0,0,73.9,74.86,68.21,0.82,1017.7,3.94,114,0.21,0,9.997,-1
1017896400,Clear,0,0,69.86,70.73,66.53,0.89,1018.5,5.01,289,0.21,0,9.997,-1
1017982800,Clear,0,0,74.83,75.58,66.71,0.76,1018.6,2.86,213,0.03,0,9.997,-1
1018069200,Mostly Cloudy,0,0,72.04,72.38,62.98,0.73,1016.6,6.68,354,0.6,0,9.997,-1
1018155600,Clear,0,0,70.83,70.83,53.17,0.54,1019.6,8.94,40,0.14,0,9.997,-1
1018242000,Mostly Cloudy,0,0,73.21,73.37,61.55,0.67,1021.7,19.22,94,0.67,0,9.997,-1
1018328400,Clear,0,0,74.03,74.11,60.8,0.63,1023.3,16.84,111,0.22,0,9.997,-1
1018414800,Possible Drizzle,0.0119,0.56,73.22,73.93,66.17,0.79,1023.1,9.74,118,0.96,0,9.685,-1
1018501200,Clear,0,0,73.19,73.45,62.39,0.69,1022.5,8.15,112,0.09,0,9.997,-1
1018587600,Clear,0,0,72.77,73.14,63.34,0.72,1020.7,7.34,109,0.1,0,9.997,-1
1018674000,Partly Cloudy,0,0,73.44,73.73,62.67,0.69,1019.6,11,108,0.43,0,9.997,-1
1018760400,Mostly Cloudy,0,0,75.39,76.09,66.36,0.74,1018.6,9.64,112,0.63,0,9.997,-1
1018846800,Clear,0,0,72.75,73.6,67.06,0.82,1018.6,7.92,90,0.12,0,9.997,-1
1018933200,Clear,0,0,75.9,76.89,68.77,0.79,1019.6,8.71,100,0.09,0,9.997,-1
1019019600,Clear,0,0,76.04,76.93,68.05,0.76,1021.3,11.65,89,0.19,0,9.997,-1
1019106000,Clear,0,0,76.51,77.31,67.32,0.73,1020.7,10.7,90,0.3,0,9.997,-1
1019192400,Clear,0,0,75.19,75.88,66.31,0.74,1019.6,6.64,83,0.08,0,9.997,-1
1019278800,Clear,0,0,74.45,74.95,64.58,0.71,1018.6,8.28,85,0.05,0,9.997,-1
1019365200,Clear,0,0,74.51,75.13,65.59,0.74,1016.4,7.46,103,0,0,9.997,-1
1019451600,Clear,0,0,74.41,75.23,67.16,0.78,1017.1,4.1,113,0.17,0,9.997,-1
1019538000,Clear,0,0,75.74,76.78,69.24,0.8,1017.1,4.88,183,0,0,9.997,-1
1019624400,Clear,0,0,77.79,79.04,71.19,0.8,1017.1,3.35,177,0.02,0,9.997,-1
1019710800,Clear,0,0,78.3,79.27,69.01,0.73,1018.8,13.66,92,0.28,0,9.997,-1
1019797200,Clear,0,0,75.05,75.68,65.73,0.73,1020,7.71,115,0,0,9.997,-1
1019883600,Clear,0,0,76.37,76.82,64.27,0.66,1021.1,7.9,99,0,0,9.997,-1
1019970000,Partly Cloudy,0,0,76.79,77.4,65.81,0.69,1021.4,12.49,96,0.39,0,9.997,-1
1020056400,Clear,0,0,73.81,74.56,66.51,0.78,1018.6,4.01,112,0.31,0,9.45,-1
1020142800,Clear,0,0,75.92,76.87,68.47,0.78,1016.1,7.83,223,0.28,0,9.997,-1
1020229200,Clear,0,0,76.94,77.86,68.44,0.75,1017,4.66,212,0,0,9.997,-1
1020315600,Clear,0,0,78,79.17,70.58,0.78,1016.7,4.42,192,0,0,9.997,-1
1020402000,Clear,0,0,76.98,78.27,71.29,0.83,1017,4.15,128,0,0,9.997,-1
1020488400,Clear,0,0,77.77,79.03,71.34,0.81,1018.4,6.5,92,0,0,9.997,-1
1020574800,Clear,0,0,79.46,82.69,71.16,0.76,1020.6,8.56,102,0.17,0,9.997,-1
1020661200,Clear,0,0,79.56,82.64,70.43,0.74,1021.9,9.48,80,0.26,0,9.997,-1
1020747600,Clear,0,0,79.41,82.18,69.42,0.72,1021.5,9.44,89,0.13,0,9.997,-1
1020834000,Clear,0,0,79.08,82.03,70.92,0.76,1019.4,8.73,92,0.12,0,9.997,-1
1020920400,Clear,0,0,77.09,77.7,65.82,0.68,1019.1,9.78,88,0.13,0,9.66,-1
1021006800,Clear,0,0,77.21,77.78,65.44,0.67,1020.1,9.54,96,0.06,0,9.997,-1
1021093200,Partly Cloudy,0,0,78.97,79.74,67.3,0.68,1021.6,14,95,0.33,0,9.997,-1
1021179600,Drizzle,0.0037,0.73,79.06,81.66,69.23,0.72,1022.7,15.66,92,0.42,0,9.997,-1
1021266000,Clear,0,0,78.88,79.75,68.23,0.7,1020.7,11.3,109,0.29,0,9.997,-1
1021352400,Clear,0,0,77.49,78.67,70.6,0.79,1015.5,5.81,190,0.09,0,9.997,-1
1021438800,Mostly Cloudy,0,0,76.95,78.23,71.28,0.83,1015.5,4.53,223,0.69,0,9.997,-1
1021525200,Drizzle and Humid,0.0108,0.94,77.63,79.13,73.09,0.86,1019.5,9.38,86,0.74,0,9.997,-1
1021611600,Clear,0,0,79.29,82.59,71.86,0.78,1019.3,7.15,104,0.19,0,9.997,-1
1021698000,Clear,0,0,79.76,83.15,71.18,0.75,1015.2,6.64,114,0.1,0,9.997,-1
1021784400,Humid and Partly Cloudy,0,0,78.6,81.58,73.01,0.83,1013.3,4.97,197,0.34,0,9.632,-1
1021870800,Light Rain,0.0329,1,71.86,73.03,69.15,0.91,1013.5,6.41,306,1,0,8.05,-1
1021957200,Overcast,0,0,73.94,75.07,69.39,0.86,1015.2,7.25,9,0.95,0,9.997,-1
1022043600,Clear,0,0,73.35,74.37,68.5,0.85,1015.4,9.43,357,0.27,0,9.997,-1
1022130000,Clear,0,0,75.85,76.35,64.75,0.69,1016,9.13,46,0.25,0,9.997,-1
1022216400,Partly Cloudy,0,0,76.3,76.89,65.47,0.69,1017.2,14.74,64,0.44,0,9.997,-1
1022302800,Partly Cloudy,0,0,75.05,75.18,61.25,0.62,1017.4,13.56,76,0.35,0,9.997,-1
1022389200,Overcast,0,0,77.06,77.62,65.34,0.67,1016.1,11.52,92,0.89,0,9.997,-1
1022475600,Partly Cloudy,0,0,77.96,79.27,71.78,0.81,1014.1,9.49,81,0.35,0,9.997,-1
1022562000,Partly Cloudy,0,0,77.61,78.71,70.05,0.78,1012.1,14.99,82,0.48,0,9.997,-1
1022648400,Clear,0,0,74.88,75.5,65.68,0.73,1011.7,5.54,47,0.02,0,9.997,-1
1022734800,Humid and Partly Cloudy,0,0,78.76,81.98,73.58,0.84,1010.2,4.95,154,0.35,0,9.687,-1
1022821200,Humid and Partly Cloudy,0,0,79.25,82.89,73.35,0.82,1009.4,8.51,116,0.46,0,9.997,-1
1022907600,Humid,0,0,75.17,76.62,72.05,0.9,1010.5,7.08,119,0.04,0,9.997,-1
1022994000,Humid,0,0,78.51,79.97,72.95,0.83,1012,4.63,49,0.17,0,9.687,-1
1023080400,Partly Cloudy,0,0,78.86,81.72,71.14,0.77,1013.3,1.96,104,0.37,0,9.997,-1
1023166800,Humid and Partly Cloudy,0,0,79.44,83.04,72.63,0.8,1015,4.51,104,0.44,0,9.997,-1
1023253200,Humid,0,0,80.73,84.95,72.01,0.75,1015.4,9.91,94,0.16,0,9.997,-1
1023339600,Humid,0,0,79.63,83.22,72.15,0.78,1014,6.93,93,0.18,0,9.997,-1
1023426000,Partly Cloudy,0,0,78.83,81.77,71.68,0.79,1013.7,3.21,129,0.51,0,9.491,-1
1023512400,Humid and Partly Cloudy,0,0,75.91,77.51,73.31,0.92,1015.4,3.54,42,0.53,0,8.852,-1
1023598800,Humid and Mostly Cloudy,0,0,77.34,78.9,73.42,0.88,1016,6.6,46,0.66,0,9.528,-1
1023685200,Clear,0,0,79.79,83.31,71.58,0.76,1013.3,9.88,73,0.26,0,9.997,-1
1023771600,Drizzle and Humid,0.0073,0.75,78.07,79.42,72.01,0.82,1013.2,8.62,103,0.51,0,9.743,-1
1023858000,Humid and Mostly Cloudy,0,0,76.35,78,73.8,0.92,1012.4,3.13,155,0.73,0,9.997,-1
1023944400,Humid and Partly Cloudy,0,0,77.85,79.47,74.01,0.88,1013.9,4.62,183,0.39,0,9.997,-1
1024030800,Humid and Overcast,0,0,78.23,79.93,74.74,0.89,1012.4,10.73,227,0.88,0,9.997,-1
1024117200,Drizzle,0.0123,1,74.23,75.65,71.62,0.92,1014.3,6.55,294,0.64,0,9.997,-1
1024203600,Partly Cloudy,0,0,73.86,75.26,71.38,0.92,1014.6,6.14,239,0.36,0,9.658,-1
1024290000,Humid and Partly Cloudy,0,0,79.29,83.29,74.58,0.86,1015.9,4.06,185,0.47,0,9.563,-1
1024376400,Humid,0,0,79.03,82.58,73.81,0.84,1015.1,5.74,98,0.29,0,9.45,-1
1024462800,Drizzle,0.0103,1,75.76,77.17,71.94,0.88,1018.1,6.55,94,0.75,0,9.997,-1
1024549200,Humid and Mostly Cloudy,0,0,78.58,79.99,72.58,0.82,1019.4,4.13,94,0.73,0,9.997,-1
1024635600,Rain,0.1688,1,72.51,73.74,69.73,0.91,1019.4,8.21,202,0.99,0,3.555,-1
1024722000,Possible Light Rain and Humid,0.038,0.52,79.38,83.5,74.65,0.86,1016.9,6.04,126,0.9,0,9.478,-1
1024808400,Light Rain and Humid,0.0341,0.84,78.56,81.8,74.98,0.89,1019.1,7.99,134,0.85,0,9.272,-1
1024894800,Clear,0,0,76.4,77.61,70.63,0.82,1019.6,3.32,95,0.28,0,9.997,-1
1024981200,Possible Drizzle,0.0026,0.42,75.23,76.64,71.84,0.89,1019.7,6.15,98,0.8,0,9.997,-1
1025067600,Humid and Partly Cloudy,0,0,77.29,78.96,74.2,0.9,1020.3,3.44,91,0.35,0,9.997,-1
1025154000,Humid and Partly Cloudy,0,0,77.92,79.56,74.19,0.88,1019.8,3.6,95,0.35,0,9.997,-1
1025240400,Humid,0,0,78.6,81.7,73.83,0.85,1018.7,0.49,0,0.09,0,9.828,-1
1025326800,Humid and Partly Cloudy,0,0,80.16,84.78,73.95,0.81,1020,2.78,103,0.51,0,9.997,-1
1025413200,Humid and Partly Cloudy,0,0,81.55,87.09,73.71,0.77,1020.1,7.5,112,0.5,0,9.997,-1
1025499600,Humid and Partly Cloudy,0,0,78.95,82.33,73.43,0.83,1019.7,6.36,78,0.54,0,9.997,-1
1025586000,Humid,0.0044,0.37,73.69,75.38,73.22,0.98,1019,1.05,180,0.28,0,8.145,-1
1025672400,Humid,0,0,77.49,78.95,72.77,0.85,1017.7,2.03,146,0.2,0,9.997,-1
1025758800,Humid,0,0,79.2,82.99,74.15,0.85,1017,0.29,241,0.23,0,8.89,-1
1025845200,Humid,0,0,78.49,81.57,74.43,0.87,1016.8,0.43,0,0.28,0,3.745,-1
1025931600,Clear,0,0,77.96,79.28,71.81,0.81,1016.7,3.78,224,0.02,0,9.997,-1
1026018000,Humid,0,0,79.36,82.83,72.35,0.79,1016.8,4.99,81,0.29,0,9.997,-1
1026104400,Rain and Humid,0.1015,1,77.66,79.04,72.19,0.83,1018.4,10.28,125,0.79,0,7.002,-1
1026190800,Humid and Partly Cloudy,0,0,79.36,83.23,73.82,0.83,1019.5,8.14,94,0.43,0,9.997,-1
1026277200,Possible Drizzle and Humid,0.0044,0.61,76.1,77.6,72.63,0.89,1019.1,5.02,100,0.5,0,9.66,-1
1026363600,Humid,0,0,76.12,77.64,72.76,0.89,1018.1,0.2,90,0.1,0,9.66,-1
1026450000,Humid,0,0,77.02,78.7,74.23,0.91,1016.4,0.63,180,0.07,0,9.997,-1
1026536400,Humid,0,0,74.05,75.55,72.11,0.94,1015.4,2.82,120,0.15,0,9.997,-1
1026622800,Humid and Partly Cloudy,0,0,80.89,86.63,75.01,0.82,1017.9,5.74,197,0.33,0,9.997,-1
1026709200,Humid and Partly Cloudy,0,0,82.34,90.18,76.29,0.82,1019,4.08,188,0.49,0,9.997,-1
1026795600,Humid,0,0,82.37,89.09,74.71,0.78,1019.5,5.08,115,0.11,0,9.997,-1
1026882000,Humid,0,0,81.9,88.14,74.49,0.78,1019.5,0.79,156,0.21,0,9.997,-1
1026968400,Humid,0,0,79.76,84.43,75.1,0.86,1017,2.41,180,0.09,0,9.687,-1
1027054800,Humid,0,0,81.22,87.29,75.09,0.82,1017.1,5.64,180,0.24,0,9.997,-1
1027141200,Humid,0,0,82.14,87.94,73.52,0.75,1018.1,2.93,158,0.03,0,9.997,-1
1027227600,Humid,0,0,82.68,88.69,73.39,0.74,1019.1,5.99,128,0.15,0,9.997,-1
1027314000,Partly Cloudy,0,0,82.95,88.06,71.8,0.69,1018.1,9.67,136,0.59,0,9.997,-1
1027400400,Humid,0,0,82.56,88.7,73.7,0.75,1019.5,9.24,111,0.19,0,9.997,-1
1027486800,Humid,0,0,82.52,89.27,74.61,0.77,1020.1,8.85,82,0.29,0,9.997,-1
1027573200,Drizzle and Humid,0.0101,1,82.83,91,76.18,0.8,1019.9,7.63,104,0.59,0,9.997,-1
1027659600,Humid,0,0,80.71,87.7,76.91,0.88,1020.6,1.75,47,0.24,0,9.997,-1
1027746000,Humid and Partly Cloudy,0,0,81.72,88.06,74.88,0.8,1021,6.01,80,0.35,0,9.997,-1
1027832400,Humid,0,0,83.25,91.33,75.7,0.78,1020.3,7.8,114,0.24,0,9.997,-1
1027918800,Humid and Partly Cloudy,0,0,82.77,89.77,74.73,0.77,1020.1,8.54,101,0.36,0,9.997,-1
1028005200,Humid and Partly Cloudy,0,0,83.58,92.4,76.28,0.79,1020.1,7.94,76,0.55,0,9.997,-1
1028091600,Humid and Partly Cloudy,0,0,82.98,90.99,75.84,0.79,1020,4.4,104,0.42,0,9.997,-1
1028178000,Humid,0,0,80.04,85.9,76.19,0.88,1016.2,5.1,235,0.09,0,9.997,-1
1028264400,Partly Cloudy,0,0,80.55,84.14,70.65,0.72,1013.8,5.78,247,0.34,0,9.997,-1
1028350800,Humid,0,0,81.08,86.68,74.45,0.8,1014.8,3.1,182,0.29,0,9.997,-1
1028437200,Humid,0,0,80.75,85.87,73.99,0.8,1018,2.88,110,0.03,0,9.997,-1
1028523600,Humid,0,0,81.53,87.48,74.45,0.79,1018.4,5.23,14,0.17,0,9.997,-1
1028610000,Humid,0,0,81.38,87.1,74.24,0.79,1014.8,1.55,130,0,0,9.997,-1
1028696400,Humid and Partly Cloudy,0,0,78.18,79.78,73.96,0.87,1012.5,3.56,251,0.33,0,9.997,-1
1028782800,Clear,0,0,75.03,76.27,70.53,0.86,1013.7,5.57,326,0.1,0,9.312,-1
1028869200,Possible Drizzle and Humid,0.0027,0.53,80.03,84.11,72.76,0.79,1016,7.98,72,0.63,0,9.1,-1
1028955600,Clear,0,0,81.45,85.76,71.45,0.72,1016.2,10.49,73,0.12,0,9.997,-1
1029042000,Humid and Partly Cloudy,0,0,79.96,84.22,73.44,0.81,1016.6,6.14,102,0.39,0,9.997,-1
1029128400,Humid,0,0,76.88,78.55,74.13,0.91,1018,0.76,218,0.14,0,9.687,-1
1029214800,Humid,0,0,82.26,89.33,75.33,0.8,1019.3,4.7,107,0.19,0,9.997,-1
1029301200,Possible Drizzle and Humid,0.0155,0.64,81.8,87.78,74.17,0.78,1019.1,6.16,97,0.63,0,9.399,-1
1029387600,Humid and Partly Cloudy,0,0,81.55,88.42,75.91,0.83,1019.4,5.87,76,0.52,0,9.997,-1
1029474000,Humid,0,0,82.39,88.86,74.33,0.77,1020.7,10.75,93,0.22,0,9.997,-1
1029560400,Humid and Partly Cloudy,0,0,81.15,87.2,75.16,0.82,1021.4,4.85,94,0.48,0,9.997,-1
1029646800,Humid and Partly Cloudy,0,0,81.26,87.3,74.97,0.81,1019.8,7.22,109,0.46,0,9.888,-1
1029733200,Humid,0,0,80.95,85.81,73.16,0.77,1017.3,7.08,82,0.09,0,9.997,-1
1029819600,Humid and Partly Cloudy,0,0,81.37,86.17,72.51,0.75,1016.8,4.11,109,0.43,0,9.687,-1
1029906000,Humid and Partly Cloudy,0,0,79.15,82.79,73.72,0.83,1018.1,7.97,116,0.34,0,9.997,-1
1029992400,Humid and Partly Cloudy,0,0,80.28,84.54,72.83,0.78,1020.6,8.57,95,0.34,0,9.658,-1
1030078800,Humid,0,0,81.06,86.59,74.34,0.8,1019.1,4.57,70,0.09,0,9.997,-1
1030165200,Humid,0,0,81.65,87.17,73.57,0.77,1016.4,5.85,95,0.2,0,9.997,-1
1030251600,Clear,0,0,79.86,83.21,70.87,0.74,1015.8,3.15,105,0.27,0,9.66,-1
1030338000,Humid,0,0,80.15,84.33,72.83,0.78,1015.6,4.3,202,0.29,0,9.997,-1
1030424400,Humid,0,0,79.57,83.85,74.55,0.85,1015.5,2.17,139,0.06,0,9.824,-1
1030510800,Humid,0,0,78.94,82.54,74.54,0.86,1016.2,0.66,160,0.2,0,9.828,-1
1030597200,Humid and Partly Cloudy,0,0,78.52,81.63,74.44,0.87,1014.5,1.28,103,0.45,0,9.997,-1
1030683600,Humid,0,0,81.18,86.92,74.55,0.8,1013.2,7.66,113,0.31,0,9.997,-1
1030770000,Humid and Partly Cloudy,0,0,81.6,87.62,74.49,0.79,1016.2,6.3,95,0.4,0,9.997,-1
