1514782800 ,Clear ,0.0 ,0.0 ,57.23833333333333 ,0.86 ,1020.2666666666667 ,0.4533333333333333 ,287.9166666666667
1514869200 ,Clear ,0.0 ,0.0 ,62.035000000000004 ,0.8725 ,1020.025 ,0.9025 ,319.5833333333333
1514955600 ,Clear ,0.0 ,0.0 ,60.55 ,0.8716666666666667 ,1018.9 ,7.5975 ,322.5833333333333
1515042000 ,Light  Rain ,0.017225 ,0.7150000000000001 ,68.03999999999999 ,0.8674999999999999 ,1015.5416666666666 ,10.506666666666666 ,35.08333333333333
1515128400 ,Clear ,0.0 ,0.0 ,49.91583333333334 ,0.5516666666666666 ,1017.3583333333333 ,7.618333333333333 ,295.1666666666667
1515214800 ,Clear ,0.0 ,0.0 ,48.156666666666666 ,0.7091666666666666 ,1023.1 ,7.366666666666667 ,328.0833333333333
1515301200 ,Clear ,0.0 ,0.0 ,49.95097222222222 ,0.7816666666666667 ,1026.7277777777779 ,6.273888888888889 ,360.34027777777777
1515387600 ,Clear ,0.0 ,0.0 ,52.316944444444445 ,0.8022916666666667 ,1027.0784722222222 ,5.830902777777777 ,364.69444444444446
1515474000 ,Mostly  Cloudy ,0.0014354166666666667 ,0.05958333333333334 ,65.63 ,0.7529861111111111 ,1023.3118055555556 ,7.9707638888888885 ,34.04166666666667
1515560400 ,Mostly  Cloudy ,0.0019125000000000006 ,0.19583333333333336 ,71.09666666666666 ,0.8820833333333333 ,1018.6430555555556 ,1.7372222222222227 ,136.48611111111111
1515646800 ,Clear ,-0.0012760416666666664 ,-0.0432638888888889 ,70.60673611111112 ,0.9302430555555556 ,1016.7952546296297 ,-0.0006481481481477314 ,25.01967592592593
1515733200 ,Humid  and  Partly  Cloudy ,3.614007241618348e-20 ,-1.1564823173178713e-18 ,73.96722222222222 ,0.9434722222222223 ,1014.8166666666666 ,4.372222222222222 ,82.98611111111111
1515819600 ,Humid ,3.0116727013486236e-20 ,-9.637352644315595e-19 ,76.2581712962963 ,0.9080555555555556 ,1014.4453703703704 ,3.3760185185185185 ,98.6099537037037
1515906000 ,Mostly  Cloudy ,3.011672701348623e-20 ,-9.637352644315593e-19 ,73.4488425925926 ,0.9162847222222222 ,1014.5035879629629 ,1.6415162037037043 ,211.05092592592592
1515992400 ,Overcast ,-0.0002392361111111111 ,-0.009930555555555559 ,56.611666666666665 ,0.8078356481481482 ,1023.5313657407407 ,7.538206018518519 ,368.8263888888889
1516078800 ,Clear ,-0.0002989293981481482 ,-0.02211226851851852 ,55.10625 ,0.8843971836419753 ,1024.6813753858025 ,6.676684992283951 ,370.77488425925924
1516165200 ,Overcast ,-3.321759259259261e-05 ,-0.0021875000000000015 ,65.08124421296297 ,0.7287172067901234 ,1024.8353587962963 ,8.338174189814815 ,69.14708719135803
1516251600 ,Mostly  Cloudy ,-0.00013955439814814814 ,-0.005792824074074076 ,62.786203703703706 ,0.7276147762345679 ,1024.24190779321 ,5.633768325617284 ,403.39988425925924
1516338000 ,Partly  Cloudy ,-0.00013955439814814814 ,-0.005792824074074076 ,53.300291280864194 ,0.7738994984567902 ,1024.8145158179013 ,7.905118634259259 ,359.8478973765432
1516424400 ,Clear ,-0.00013955439814814814 ,-0.005792824074074076 ,48.31273533950617 ,0.8057137345679013 ,1026.4346643518518 ,5.893827160493827 ,369.9778163580247
1516510800 ,Mostly  Cloudy ,-0.00011961805555555555 ,-0.004965277777777779 ,61.6975 ,0.7605844907407407 ,1023.6240162037037 ,3.365769675925926 ,42.66319444444444
1516597200 ,Clear ,-0.00011464361496913579 ,-0.0039501350308642 ,69.37378472222223 ,0.7867043627829219 ,1022.3365153999486 ,5.875063094778806 ,71.75081983024691
1516683600 ,Clear ,0.00010633680555555552 ,0.003605324074074075 ,71.8994386574074 ,0.821646412037037 ,1020.3753954475309 ,6.987554012345679 ,98.66502700617283
1516770000 ,Mostly  Cloudy ,0.00011519820601851848 ,0.003905767746913581 ,73.55319203317902 ,0.8650716145833333 ,1018.2581830311215 ,7.581254501028806 ,80.5606272505144
1516856400 ,Humid  and  Overcast ,2.3259066358024692e-05 ,0.0009654706790123462 ,74.70828478652264 ,0.9560167502572017 ,1017.9142473636831 ,-0.6058531057098765 ,-52.9746495627572
1516942800 ,Overcast ,2.3259066358024695e-05 ,0.0009654706790123462 ,75.10787744341565 ,0.8340477109053497 ,1021.027555941358 ,5.341028806584362 ,-47.66296939300412
1517029200 ,Overcast ,1.993634259259259e-05 ,0.0008275462962962964 ,71.69874999999999 ,0.6899025848765432 ,1026.3959972993828 ,12.284038387345678 ,51.22280092592593
1517115600 ,Mostly  Cloudy ,2.118316775977366e-05 ,0.0008119132587448562 ,71.57895543981482 ,0.68688447761274 ,1026.7529554746443 ,13.24276713472008 ,73.81739888760288
1517202000 ,Partly  Cloudy ,2.7681327160493857e-06 ,0.00018229166666666665 ,73.66515094521606 ,0.7489726401748972 ,1022.9080488040123 ,10.70172622492284 ,98.65788162294238
1517288400 ,Clear ,2.0296826774691393e-06 ,0.0001572546939300411 ,75.60733816390176 ,0.7886872066293725 ,1017.7761498387132 ,8.604751184199245 ,147.83324826924726
1517374800 ,Overcast ,9.691277649176954e-06 ,0.00040227944958847736 ,67.54858043445644 ,0.8352751119898834 ,1017.479811144333 ,8.431176818094135 ,345.2945213370199
1517461200 ,Partly  Cloudy ,9.691277649176954e-06 ,0.00040227944958847736 ,53.42111437971536 ,0.7587725319358711 ,1023.1787020961933 ,8.412269992069616 ,375.1852146562071
1517547600 ,Partly  Cloudy ,9.968171296296297e-06 ,0.0004137731481481482 ,64.86354166666668 ,0.7274512924382716 ,1022.4063319830246 ,4.3670191936728395 ,75.52806712962963
1517634000 ,Clear ,9.864269199031208e-06 ,0.00041507590127743484 ,66.44435788001542 ,0.792702801376922 ,1021.509918801753 ,1.2429584647249725 ,97.47851729948988
1517720400 ,Clear ,1.1088220834405007e-05 ,0.0003816463852451991 ,68.8166683143647 ,0.7309339562212434 ,1021.9673659392237 ,2.885498151251536 ,37.45072478620113
1517806800 ,Mostly  Cloudy ,-8.79986295974794e-06 ,-0.00029835725844478745 ,70.16736451032558 ,0.8165532517923739 ,1021.5880419598141 ,7.89078508569816 ,75.42996719562686
1517893200 ,Partly  Cloudy ,-1.0238316749185524e-05 ,-0.0003458993752143348 ,71.14463047468885 ,0.899028373338013 ,1018.5448463052716 ,-0.19480667791030826 ,151.24817497347607
1517979600 ,Partly  Cloudy ,-1.9382555298353914e-06 ,-8.045588991769553e-05 ,71.45659843901821 ,0.7825404858164009 ,1022.5155718070381 ,4.450396660977866 ,74.50699635363083
1518066000 ,Partly  Cloudy ,-1.6613618827160496e-06 ,-6.89621913580247e-05 ,74.58940972222223 ,0.8704247845936214 ,1024.7322780028294 ,7.40383013438786 ,94.74532214506172
1518152400 ,Clear ,-1.7911501981702967e-06 ,-7.481760339863398e-05 ,73.96679251462834 ,0.8991892242315357 ,1023.8596689348376 ,3.4753210396658374 ,66.06156147632852
1518238800 ,Partly  Cloudy ,-1.8931461677847798e-06 ,-7.203181039594767e-05 ,75.28576664509924 ,0.8718366279945089 ,1023.8215483400484 ,5.97094273245529 ,71.06387751910258
1518325200 ,Mostly  Cloudy ,-2.3580585160536744e-07 ,-1.5364840088448788e-05 ,75.3140419621025 ,0.8538683533635812 ,1022.4448253383326 ,6.366335487918072 ,109.0656073183171
1518411600 ,Partly  Cloudy ,-1.1593470248556864e-07 ,-1.1402997024319841e-05 ,76.08843646507222 ,0.8469954265681113 ,1021.1817583095444 ,8.610968134885445 ,112.49742333682967
1518498000 ,Humid  and  Partly  Cloudy ,-8.076064707647464e-07 ,-3.352328746570645e-05 ,76.43077246804478 ,0.8675360838615791 ,1022.6925311843972 ,7.671367856644763 ,130.80918822181678
1518584400 ,Partly  Cloudy ,-8.306809413580249e-07 ,-3.448109567901235e-05 ,75.6822048611111 ,0.871045725630144 ,1027.0578056680813 ,6.08191506719393 ,86.87266107253086
1518670800 ,Partly  Cloudy ,-8.198652484035043e-07 ,-3.3993144675628246e-05 ,75.0190896284106 ,0.8578153556603179 ,1028.8638564237472 ,5.629290825087432 ,87.0963077949253
1518757200 ,Clear ,-8.135227691180607e-07 ,-3.482180785667677e-05 ,71.87638899912614 ,0.7487208162383421 ,1027.1356834827532 ,2.689284986873798 ,67.29326388814468
1518843600 ,Clear ,-1.062130095882035e-06 ,-3.6526112962724836e-05 ,66.94375469738601 ,0.8072528598674737 ,1024.3924464218742 ,0.8207590911071403 ,90.12896211788203
1518930000 ,Clear ,7.233326508856784e-07 ,2.453295128172154e-05 ,68.91402008222538 ,0.8425266395835913 ,1023.1145854224145 ,0.141215188944539 ,202.5115180654884
1519016400 ,Clear ,9.108323764553919e-07 ,3.066830547131012e-05 ,71.36025279352822 ,0.8333692474473766 ,1023.2453650683229 ,0.8095339130125827 ,136.45333834512806
1519102800 ,Clear ,1.6344416670238917e-07 ,6.78447484425012e-06 ,73.78683076399295 ,0.7361624893679195 ,1023.5432628091064 ,6.467421344039415 ,77.6191275663046
1519189200 ,Overcast ,0.00184180421218248 ,0.2816723728533629 ,75.6636421258732 ,0.8385671321146837 ,1024.3301392701253 ,10.709066175643219 ,96.08591926104532
1519275600 ,Partly  Cloudy ,1.4873397657373608e-07 ,6.303855548307865e-06 ,76.127992342888 ,0.84415877626587 ,1027.514042000513 ,11.276223733212316 ,101.22845686920434
1519362000 ,Partly  Cloudy ,1.7847945787905694e-07 ,6.144676291831553e-06 ,75.52807230472007 ,0.77830261069803 ,1027.4934740600693 ,9.906465263609281 ,91.84170202093
1519448400 ,Mostly  Cloudy ,-1.2913807459687487e-07 ,-3.8078520130034456e-06 ,74.73380772108818 ,0.7817381555766918 ,1027.0527529717606 ,6.968600701187044 ,85.54598639450637
1519534800 ,Possible  Drizzle ,0.001399848194603924 ,0.4783282219490881 ,73.62329120107863 ,0.8527717920921039 ,1024.125772488613 ,7.541744347831236 ,72.92444360914533
1519621200 ,Clear ,-2.7240694450400966e-08 ,-1.1307458073854064e-06 ,72.90386153933451 ,0.8573062517720134 ,1021.276122865149 ,5.385429775993431 ,141.06347873894924
1519707600 ,Clear ,-0.00015349957475363604 ,-0.02347335733950122 ,74.28611572078903 ,0.8285480525241175 ,1021.0752267321598 ,4.347411854692567 ,125.11320265929994
1519794000 ,Clear ,-2.828490314386959e-08 ,-1.184923016668155e-06 ,71.37658653603779 ,0.8714154155115187 ,1021.3515681712942 ,-0.5206846084381918 ,164.76799119195337
1519880400 ,Mostly  Cloudy ,-2.9746576313157976e-08 ,-1.0241127153051448e-06 ,73.62865461588 ,0.8036162315503284 ,1019.3344209899884 ,4.217255789398454 ,52.359716329845
1519966800 ,Clear ,2.1523012432816648e-08 ,6.346420021655336e-07 ,70.80936537981864 ,0.7680436407372181 ,1017.4245411713732 ,0.3785665498021594 ,114.07566893424894
1520053200 ,Partly  Cloudy ,-0.00011664146112640786 ,-0.03986031495458941 ,71.58102220480433 ,0.8377944744223685 ,1017.3371679759167 ,0.6423517917319899 ,286.6337699108831
1520139600 ,Clear ,1.4825148456675705e-08 ,4.644366518784858e-07 ,68.58597467661633 ,0.5557499361157093 ,1017.1413054445387 ,1.1145446727184738 ,362.20551698339943
1520226000 ,Overcast ,1.2804186320055479e-05 ,0.0019564833194596985 ,60.49745349482845 ,0.5798131193863674 ,1017.5913801222878 ,5.068546166160212 ,-4.79862667662978
1520312400 ,Clear ,1.4912165847797998e-08 ,4.689514193187028e-07 ,61.17324759355772 ,0.695407505804084 ,1017.5683516690266 ,5.647554204754442 ,362.39680761231574
1520398800 ,Partly  Cloudy ,1.5033971945238554e-08 ,4.55550560872059e-07 ,59.468908586904206 ,0.7552241044675165 ,1017.0864472674687 ,-0.9006074950652783 ,-3.069169482508537
1520485200 ,Clear ,1.0761506216407712e-08 ,3.173210010828358e-07 ,66.35551602324266 ,0.736521820368609 ,1015.7289372523533 ,2.4417832749010797 ,190.03783446712447
1520571600 ,Partly  Cloudy ,9.732676851119797e-06 ,0.0033220631207170476 ,64.61204462116052 ,0.5898759175615131 ,1015.6278850186413 ,5.9406345047402604 ,314.3246593857383
1520658000 ,Clear ,-0.00012637537340656573 ,-0.04318241677836078 ,55.918479693925775 ,0.5916060621845463 ,1018.9141741702304 ,8.085505230931856 ,324.5419841098615
1520744400 ,Clear ,1.2791631229469671e-05 ,0.0019561131116251017 ,58.72282368993425 ,0.7109543289563235 ,1020.1270644389867 ,1.4035490121089527 ,50.24056644505834
1520830800 ,Partly  Cloudy ,1.3857404075653642e-05 ,0.0021191143089618 ,68.86067418170681 ,0.8529881300881805 ,1014.7123168100918 ,6.663631675559434 ,40.22428025431288
1520917200 ,Humid ,-2.505661990873477e-09 ,-7.592509347873327e-08 ,75.64018190218263 ,0.912462649255414 ,1011.3855921220886 ,5.03843458251088 ,237.3448615804181
1521003600 ,Clear ,-2.358428346043508e-09 ,-7.073305461992331e-08 ,59.431313107669645 ,0.7642263937016074 ,1015.1141839668555 ,10.095604900222924 ,340.03134971631687
1521090000 ,Clear ,-8.125180404213257e-07 ,-0.00027688288303095 ,61.959935724509826 ,0.6789468856021987 ,1017.1809383196648 ,1.7873672977363249 ,343.7574476397657
1521176400 ,Overcast ,1.0529819481052465e-05 ,0.003598490441892203 ,58.45939946844606 ,0.5054693735502793 ,1019.7237475570325 ,7.241961403887025 ,335.3226705794221
1521262800 ,Partly  Cloudy ,-1.0674309052838155e-06 ,-0.00016305371560662108 ,60.316537468778684 ,0.7555236846526312 ,1019.9476733679694 ,1.7212910887889337 ,314.8477887181557
1521349200 ,Clear ,-1.1562453091324797e-06 ,-0.00017663714871801256 ,66.25338326113096 ,0.7436875345583097 ,1019.5322356703774 ,2.3446175335013937 ,192.18247923405113
1521435600 ,Clear ,-1.2528309954367914e-09 ,-3.796254673936663e-08 ,70.65009095109133 ,0.7820646579610403 ,1016.559462727711 ,2.317550624588773 ,198.50576412354238
1521522000 ,Clear ,-1.265100465839294e-09 ,-3.839521664426269e-08 ,73.95083001730073 ,0.8594176792571908 ,1012.9987467406471 ,4.290286431446103 ,257.11522344555084
1521608400 ,Mostly  Cloudy ,6.661650882157285e-08 ,2.3041235747936846e-05 ,72.9313217799931 ,0.9098964739775667 ,1010.4336923662364 ,3.8472045272987936 ,207.01967230078554
1521694800 ,Clear ,-1.7549699135087445e-06 ,-0.0005997484069820339 ,77.10343342192566 ,0.8257551044082868 ,1009.6627087404946 ,8.604673099352162 ,218.27955490342964
1521781200 ,Clear ,1.779051508806359e-07 ,2.717561926777018e-05 ,58.54724375520355 ,0.6440793858912282 ,1020.1253877720051 ,6.456451485201844 ,295.19203521364074
1521867600 ,Clear ,2.0013178044141098e-07 ,3.057220696603365e-05 ,57.565610252107824 ,0.513739013890024 ,1023.7371232278049 ,7.446711905242627 ,319.26348060511947
1521954000 ,Clear ,2.088051659061657e-10 ,6.327091123228149e-09 ,58.72665150815145 ,0.5813225570064933 ,1024.1900895453816 ,1.7254082292352046 ,-24.91762735392373
1522040400 ,Clear ,2.1085007763990195e-10 ,6.399202774044222e-09 ,65.42152833044987 ,0.7084303867904682 ,1021.2835422098922 ,1.9332855947589829 ,128.64746275907487
1522126800 ,Clear ,-5.428379856507786e-09 ,-1.916370110709878e-06 ,67.28994804442966 ,0.7890930194629759 ,1021.7042585919174 ,0.8263162196678405 ,239.62604725106155
1522213200 ,Overcast ,0.0010502924949855848 ,0.1634332914011637 ,71.67442776301239 ,0.7840408159319523 ,1025.2228818765843 ,9.789221150107972 ,45.2867408494284
1522299600 ,Partly  Cloudy ,-2.9650858480089956e-08 ,-4.529269877961058e-06 ,72.23545937413274 ,0.639320102351462 ,1023.2457687046658 ,7.7322580857996925 ,44.134660797726546
1522386000 ,Clear ,-3.335529674024836e-08 ,-5.095367827671584e-06 ,74.90739829131537 ,0.6727101643516626 ,1019.3771461286992 ,9.153881349126229 ,70.45608656581342
1522472400 ,Partly  Cloudy ,-3.480086097767954e-11 ,-1.0545151873622867e-09 ,74.63222474864142 ,0.8014462404989178 ,1019.3016517424364 ,5.732431961794132 ,142.98627122565395
1522558800 ,Clear ,-3.787134203964958e-11 ,-1.1484007571411757e-09 ,72.93117040917001 ,0.8368077747251631 ,1019.3773349989302 ,0.6494781781499954 ,176.6047029850419
1522645200 ,Clear ,4.32064485805881e-10 ,1.590823753669702e-07 ,74.8988020996717 ,0.7650858886691208 ,1018.3672753004281 ,4.923392292740924 ,67.689820944043
1522731600 ,Clear ,-0.0001750487491642641 ,-0.02723888190019395 ,73.2209287061646 ,0.7676598640113413 ,1016.9128530205693 ,2.1251298083153385 ,95.11887652509527
1522818000 ,Clear ,4.941809746681659e-09 ,7.54878312993317e-07 ,74.14242343764455 ,0.8034466496080896 ,1016.3090385492224 ,3.7746236523667176 ,105.81088986704557
1522904400 ,Clear ,5.559216123374727e-09 ,8.492279712786296e-07 ,73.8254336181141 ,0.8328816392747229 ,1016.1371423118835 ,2.907686441812295 ,106.0906522390311
1522990800 ,Clear ,3.245776143716731e-09 ,4.954708595114969e-07 ,72.00465088151311 ,0.7807271028686785 ,1016.1048620367291 ,1.6342810942409949 ,306.304024537297
1523077200 ,Mostly  Cloudy ,3.2460320171393147e-09 ,4.954786833089516e-07 ,73.7064054098024 ,0.7777803083498248 ,1016.9652217653545 ,3.6936939095446726 ,20.75248855734798
1523163600 ,Clear ,3.206870698151434e-09 ,4.821261186320387e-07 ,72.88160276892725 ,0.7945904655211616 ,1014.4493934068963 ,1.4092010666620955 ,124.07872872743123
1523250000 ,Clear ,1.4590638639760644e-05 ,0.0022704022079994084 ,73.57392555171951 ,0.8702093009093099 ,1011.2122619302179 ,2.3682229403642276 ,269.1263074290102
1523336400 ,Clear ,2.831058593078453e-09 ,4.324764571630788e-07 ,73.00963432409618 ,0.8672270687762476 ,1013.9709131361635 ,0.36743178669327925 ,194.56863965051434
1523422800 ,Clear ,2.7796080616872852e-09 ,4.2461398563929906e-07 ,76.37271680905705 ,0.8214408196373615 ,1018.1019044892752 ,0.7105098875728145 ,230.29532611951555
1523509200 ,Clear ,2.9723947266588633e-09 ,4.540937449532315e-07 ,74.00028203710714 ,0.8366203643378651 ,1016.6962611788713 ,2.874960333203756 ,125.8608784279934
1523595600 ,Clear ,-3.9268817066240927e-11 ,-1.4369578336891542e-08 ,69.60969960495443 ,0.7609770223751847 ,1019.3847413617594 ,5.411842905364708 ,12.719701602170023
1523682000 ,Clear ,-3.600537381720378e-11 ,-1.3256864613827516e-08 ,74.15259982502735 ,0.6729095092775733 ,1020.136060391631 ,9.41555064227159 ,92.94251492132975
1523768400 ,Clear ,-1.2156553194623583e-06 ,-0.00018917326368801188 ,74.58240625979467 ,0.7316079396618942 ,1018.8891546813542 ,3.615632152796412 ,79.77188336286484
1523854800 ,Humid  and  Mostly  Cloudy ,-4.718430988463813e-10 ,-7.207940952718046e-08 ,79.11172761265063 ,0.8471288218706254 ,1018.4381811439727 ,8.128761368884453 ,114.57189339158094
1523941200 ,Mostly  Cloudy ,-5.068758128010087e-10 ,-7.743082102746384e-08 ,73.10828137329145 ,0.9265384111214181 ,1017.2804469598778 ,5.040068307884864 ,203.80899396846257
1524027600 ,Clear ,-5.229413682153068e-10 ,-7.988746763695745e-08 ,61.096817604287274 ,0.7194401157297093 ,1020.7559172357448 ,9.01969743741562 ,318.6785312760894
1524114000 ,Clear ,-2.7196940623821217e-10 ,-4.084885736278215e-08 ,64.52853280696667 ,0.8232437275599327 ,1019.6652105538374 ,0.22829055640220544 ,-8.809703988425284
1524200400 ,Clear ,-2.722413598422986e-10 ,-4.0941583506370066e-08 ,72.09079112196059 ,0.7005826869847337 ,1019.8192673013482 ,2.5596482449932987 ,99.33839490164473
1524286800 ,Partly  Cloudy ,1.0102936814753613e-07 ,1.5722392318443468e-05 ,72.69414058572998 ,0.7823578177860403 ,1018.9481761105379 ,2.620474785782897 ,222.8526141981835
1524373200 ,Clear ,-2.359215494231995e-10 ,-3.603970476359023e-08 ,75.59919713965866 ,0.7618977442686461 ,1020.285757238653 ,3.2085473511088938 ,84.53594669579047
1524459600 ,Partly  Cloudy ,-2.330021565936472e-10 ,-3.55937538052331e-08 ,78.20115099293858 ,0.8202802784977467 ,1019.8405684206609 ,9.283438439525526 ,54.349521647717
1524546000 ,Humid ,-2.3029520885608656e-10 ,-3.51797782524839e-08 ,77.59822891332892 ,0.8479714563128622 ,1017.2685521029049 ,5.773321748574703 ,119.65292804773813
1524632400 ,Humid ,4.532823437303536e-11 ,6.808142893797401e-09 ,77.55024453217221 ,0.9127927120733446 ,1015.5057982410272 ,1.9686182405996324 ,221.9682839980709
1524718800 ,Humid  and  Partly  Cloudy ,4.912825003779515e-11 ,7.383215313579416e-09 ,76.93424338360374 ,0.8807471914607232 ,1013.9267766988202 ,4.893389953267011 ,325.1199660904043
1524805200 ,Partly  Cloudy ,-8.39267254224374e-09 ,-1.3062279431822405e-06 ,69.7447975949563 ,0.8089325972272811 ,1013.9993676313877 ,2.526654408201211 ,296.41044781569275
1524891600 ,Clear ,4.6101599169537206e-11 ,6.97472541834767e-09 ,75.7535428821289 ,0.8106376033537306 ,1013.0212358707114 ,0.657648361090711 ,237.5201701075588
1524978000 ,Clear ,0.007475000045858316 ,0.3683333402708962 ,72.92588006102224 ,0.9466057255013055 ,1011.5416682722107 ,-0.31442589627734147 ,220.5357055282316
1525064400 ,Clear ,4.563273747743202e-11 ,6.903064876146585e-09 ,71.83862356765638 ,0.8034647940167126 ,1015.7643362986904 ,0.8447504946352271 ,284.42708832822984
1525150800 ,Clear ,2.266411717370397e-11 ,3.404071449594006e-09 ,75.52595559941945 ,0.635563022703339 ,1018.9445657871802 ,1.6276424536331495 ,92.81747533236877
1525237200 ,Partly  Cloudy ,2.2347449185575993e-11 ,3.3561487467509295e-09 ,75.12228902846682 ,0.6382334827543907 ,1020.8094842490308 ,5.673911477577535 ,62.554835158007656
1525323600 ,Partly  Cloudy ,7.26170179312714e-10 ,1.1287939516998755e-07 ,76.36155455555725 ,0.7817693256040591 ,1021.6340118138404 ,7.762257275006041 ,74.28092694775557
1525410000 ,Overcast ,-7.683599900980133e-12 ,-1.1624542311675312e-09 ,75.52774285297852 ,0.7865603994410449 ,1022.6797940215481 ,8.547058606484882 ,40.91330498207353
1525496400 ,Overcast ,-0.0003125000076430526 ,0.18361110995485064 ,76.23235332316297 ,0.8222323790831157 ,1021.4097219546316 ,10.190737649379557 ,39.077382411961395
1525582800 ,Light  Rain ,0.06124999999239454 ,0.9333333321828226 ,72.6102294053906 ,0.9160892009972146 ,1015.2226106168848 ,6.217541584227462 ,-26.40451472137164
1525669200 ,Humid  and  Partly  Cloudy ,-3.7773522735632765e-12 ,-5.673452448580937e-10 ,78.12067406676343 ,0.8624061628827768 ,1013.9925723688034 ,4.967059591061142 ,154.86375411127187
1525755600 ,Humid ,-4.065743208924043e-12 ,-6.106304566926784e-10 ,74.82686911990643 ,0.9298841381187539 ,1013.7782101943827 ,0.9971254716542048 ,281.62428696840794
1525842000 ,Partly  Cloudy ,0.0015166666039490293 ,0.249166656929099 ,76.85776365931557 ,0.8745894845479482 ,1013.3844995639819 ,1.332263321868496 ,79.14711265259562
1525928400 ,Mostly  Cloudy ,-1.5631553668647713e-12 ,-2.340802112329084e-10 ,75.82224796786379 ,0.744190228394866 ,1016.222351046673 ,3.9426965442452593 ,48.34441448306913
1526014800 ,Clear ,2.6041665100132077e-05 ,-0.015300926160522286 ,74.94019709534842 ,0.7087175634246935 ,1017.5198570522493 ,4.4123899573373695 ,65.83074136391181
1526101200 ,Clear ,-0.005104166668236335 ,-0.07777777801285328 ,77.04037408849612 ,0.7333961615985186 ,1018.7937829970615 ,3.3026562961000443 ,95.12089945835623
1526187600 ,Partly  Cloudy ,-1.8886762090617832e-12 ,-2.8367262358552914e-10 ,77.29617036671505 ,0.7270364147747217 ,1019.5462861844017 ,3.5260297955305706 ,81.09854372230261
1526274000 ,Humid ,0.00032499999813535635 ,0.05416666638660115 ,76.10815411228647 ,0.894746583505057 ,1017.07248303227 ,6.467690972147816 ,90.03516598420794
1526360400 ,Light  Rain ,0.0353305555660085 ,1.1018055571784835 ,72.91703939011407 ,0.9509017525753419 ,1015.8525834060031 ,2.181289446355251 ,74.30881455790073
1526446800 ,Possible  Drizzle ,0.0078011574136352185 ,0.515219908373622 ,73.17308564691123 ,0.9410101699693774 ,1014.128811066279 ,1.7246941316867914 ,174.31810728518633
1526533200 ,Clear ,0.0041156539414132776 ,0.2889949855341589 ,71.46992321962085 ,0.9872995587168917 ,1015.7540188991477 ,1.2630530139291154 ,93.77758004511611
1526619600 ,Humid  and  Partly  Cloudy ,0.0032431713025246503 ,0.07753472318851981 ,77.46990847019185 ,0.920243008869073 ,1015.3228584037466 ,1.7671974856988926 ,143.33673353724575
1526706000 ,Humid  and  Partly  Cloudy ,0.002817824080329012 ,0.0710532417110881 ,73.93859211367362 ,0.9316063211043893 ,1016.1268164714684 ,5.041916360746349 ,91.42192984858355
1526792400 ,Possible  Light  Rain  and  Humid ,0.01492407408032701 ,0.4565393528218986 ,75.47842680154267 ,0.9176304737101948 ,1016.332966734146 ,1.8284445960282452 ,122.09387799342477
1526878800 ,Light  Rain ,0.01644861111633758 ,0.9975694452559084 ,73.00351969505704 ,0.9562842096210042 ,1018.2762917030014 ,5.554811389844293 ,90.90440727895036
1526965200 ,Light  Rain  and  Humid ,0.043876060962368686 ,0.9381182493229802 ,73.18801584032393 ,0.9679418415048346 ,1018.2032727313119 ,7.954527666066664 ,106.4036328850099
1527051600 ,Humid  and  Partly  Cloudy ,0.0014987919561487576 ,0.09468541025612859 ,78.05257620495222 ,0.8441266985714683 ,1017.3627034267048 ,10.456578714459368 ,128.34967606308342
1527138000 ,Humid ,7.053674781570758e-05 ,0.018896765708846793 ,76.93165147117338 ,0.8456949155352604 ,1018.1842752869293 ,9.091122130907737 ,103.05084209532988
1527224400 ,Humid ,1.5738980756706267e-13 ,2.3639393394170316e-11 ,77.89615246944041 ,0.8710802987687731 ,1018.3044761512998 ,5.621164183705786 ,92.90845468980811
1527310800 ,Humid  and  Partly  Cloudy ,-0.0010088541665091103 ,-0.032123842568928154 ,78.00616624545131 ,0.8939116193849561 ,1016.9872969627435 ,6.051453497432295 ,104.43579234440467
1527397200 ,Humid  and  Partly  Cloudy ,-0.00015412808617882743 ,-0.049599729901717564 ,79.1330627495166 ,0.8322166400486778 ,1013.798682666573 ,10.092161852836345 ,129.4295253941889
1527483600 ,Possible  Drizzle  and  Humid ,0.003887323172938552 ,0.61364695844617 ,77.62366402661267 ,0.8886763597491942 ,1008.3994545447813 ,18.26257872232222 ,129.2660611858317
1527570000 ,Humid  and  Mostly  Cloudy ,-0.00024979865935812617 ,-0.015780901709354755 ,78.88957063250795 ,0.8159788835714219 ,1010.6395494288826 ,15.395570214256772 ,154.77505398948608
1527656400 ,Humid  and  Mostly  Cloudy ,-0.0001515939469435492 ,-0.01078025647286084 ,78.06127857969852 ,0.8696797724553911 ,1012.9827142262707 ,5.503989114074139 ,161.53121131925607
1527742800 ,Humid  and  Partly  Cloudy ,-0.00014571588463868938 ,-0.009205525999093559 ,80.12590349650961 ,0.889230990519265 ,1014.8143641542399 ,8.057318943007635 ,126.62641026971622
1527829200 ,Humid  and  Partly  Cloudy ,7.192819014275264e-05 ,0.0019098597121829344 ,80.0052987318015 ,0.8911865893637947 ,1015.626882586683 ,6.090391771822463 ,120.85684693629196
1527915600 ,Humid  and  Partly  Cloudy ,2.5688014363137987e-05 ,0.008266621650286262 ,77.33282287508057 ,0.9229638933252204 ,1016.9502195555712 ,-0.0953603088060575 ,19.261745767635183
1528002000 ,Clear ,-0.00030895892269971553 ,-0.04631505057451384 ,77.39384134157928 ,0.7676725744606124 ,1016.8960068620181 ,0.15332492633628148 ,175.04717993230122
1528088400 ,Humid ,3.580122999167434e-05 ,0.0061372711051132164 ,77.99251579108801 ,0.8820640308087601 ,1015.9509989550096 ,2.8622423020084025 ,216.25476386533
1528174800 ,Humid ,2.7617503957126264e-05 ,0.005720550668738723 ,79.9357067954888 ,0.8559222900684292 ,1017.055735221894 ,6.134874060356955 ,269.85841742118254
1528261200 ,Humid ,2.7127665431721274e-05 ,0.005589323129258117 ,79.75282138575453 ,0.8542930218964397 ,1014.9530977278965 ,7.644596574612498 ,260.85048417531084
1528347600 ,Humid ,8.990659199934443e-06 ,0.0046630409866517415 ,79.6545384494802 ,0.8649633886593957 ,1014.2353878585263 ,7.299340505544595 ,250.49794778642953
1528434000 ,Clear ,1.2844007181568995e-05 ,0.004133310825143131 ,77.30974477087362 ,0.8406486133292768 ,1014.8834431111188 ,3.232319845596971 ,150.6308728838176
1528520400 ,Humid  and  Partly  Cloudy ,4.0731251936806785e-05 ,0.008681783510543141 ,77.14215989866538 ,0.9510895565679942 ,1019.3296275022483 ,2.290762742668443 ,134.39875337009542
1528606800 ,Humid ,-0.0003526736104691618 ,-0.055508273343816424 ,78.24147179365654 ,0.8914110153252215 ,1020.9371294468523 ,1.9032086585004717 ,31.29386290676163
1528693200 ,Humid ,2.1498532116056187e-05 ,0.0013498018454774375 ,77.48226986359093 ,0.9633469047640757 ,1019.2796428586861 ,-1.0790168310504438 ,349.88510770455514
1528779600 ,Humid ,1.2673648789079519e-05 ,0.0009092903343617866 ,76.79680056916965 ,0.9026624579763832 ,1017.0766602723106 ,0.3363573643058597 ,342.6230601605513
1528866000 ,Humid  and  Mostly  Cloudy ,1.3654407572539685e-05 ,0.0008443173451416609 ,75.35019828664706 ,0.9216748868931482 ,1017.2419454762609 ,2.6289947605050226 ,55.310510509930424
1528952400 ,Humid  and  Partly  Cloudy ,-6.315128177032263e-06 ,-0.00011501079588952719 ,79.54495791223377 ,0.8377606821638603 ,1018.4687551800603 ,2.31221907401043 ,138.00085233052667
1529038800 ,Humid ,-4.464604926531312e-06 ,-0.0010679245279738563 ,78.73039683309398 ,0.8347162636196718 ,1018.6919663377749 ,3.195576450977882 ,96.16419781217391
1529125200 ,Humid ,-2.983435832639528e-06 ,-0.0005114392587594347 ,75.81229035074267 ,0.93399466409927 ,1018.8207500870825 ,-0.03268685850070019 ,195.39543634455583
1529211600 ,Humid ,-3.416444771474103e-05 ,-0.00524961219120059 ,75.1822238449148 ,0.9171666733126989 ,1018.2005406360963 ,0.9199985989618761 ,48.59616594473971
1529298000 ,Humid  and  Partly  Cloudy ,-1.166668778941465 ,-1.166818215055727 ,81.07053323847171 ,0.8295562570039361 ,1018.6205566212816 ,5.158940439282357 ,61.89615663990812
1529384400 ,Humid  and  Partly  Cloudy ,-2.275734595436063e-06 ,-0.00014071955752359422 ,81.26496695222549 ,0.8263875188511419 ,1019.4096757539565 ,5.150167539915829 ,74.78158158167827
1529470800 ,Humid ,-8.012511659346208e-07 ,-7.250217556462972e-05 ,79.94581756277871 ,0.810579329149511 ,1017.5999145914697 ,3.9282461421166976 ,42.1225182284351
1529557200 ,Humid ,7.441008210706812e-07 ,0.0001779874213289808 ,79.44160052781767 ,0.8058806227300548 ,1014.3846722770375 ,3.9590705915036866 ,87.80596703130435
1529643600 ,Humid ,6.826784650082462e-07 ,0.00014644593400519847 ,81.07990944533175 ,0.7755974745842594 ,1014.1059963210149 ,3.2730150832522087 ,196.43719440621456
1529730000 ,Humid  and  Partly  Cloudy ,3.281096121845091e-06 ,0.0005412936783752956 ,80.8507483208174 ,0.874499807149807 ,1015.0243471085972 ,2.9011246284636605 ,319.17046693953256
1529816400 ,Humid ,0.09722283230393437 ,0.09733867725041916 ,80.03505587135433 ,0.8384673418422038 ,1015.9643457764984 ,0.6953794751036206 ,218.3954677149352
1529902800 ,Humid ,6.237033619109027e-07 ,0.00011555262556887164 ,78.66468639520818 ,0.8712314033549368 ,1016.4402525154421 ,-0.28972278328250206 ,285.571682303121
1529989200 ,Humid ,5.00829742786939e-07 ,0.00010986784373895664 ,80.20461551099541 ,0.8183820858300727 ,1017.7827326123161 ,4.957937333200759 ,133.3766042492246
1530075600 ,Humid ,3.720504105357261e-07 ,8.89937106644891e-05 ,81.4924669305755 ,0.8187736446983607 ,1019.7840028051854 ,0.9578686290851763 ,153.40298351565218
1530162000 ,Humid ,3.771689402075957e-07 ,9.162216794147148e-05 ,78.19260785411599 ,0.8321305737105102 ,1020.4572258015206 ,2.7375399214394665 ,339.35038123440967
1530248400 ,Humid  and  Partly  Cloudy ,3.208484798138271e-08 ,9.71595953245082e-06 ,78.37473923114763 ,0.8564252502779318 ,1019.1550749271113 ,0.5537147761074374 ,355.90594092684387
1530334800 ,Humid ,-0.008098782230008157 ,-0.0076289809484035975 ,76.81862238371235 ,0.9124054826662421 ,1017.6882883913335 ,3.62797887953318 ,274.0982361066548
1530421200 ,Clear ,0.10532424896183644 ,0.10533677830671477 ,78.99581968647287 ,0.8706399734569442 ,1017.4752947199812 ,0.508013484925314 ,148.4939690643255
1530507600 ,Humid  and  Partly  Cloudy ,1.9988401788138357e-07 ,1.2200361612792199e-05 ,79.11625866099895 ,0.8455384832228101 ,1017.5539870124308 ,1.6685143619667424 ,124.5344580393515
1530594000 ,Humid ,7.750254151763846e-08 ,7.781359053258061e-06 ,81.64136091813677 ,0.7990857593318501 ,1017.6499012679717 ,3.483485213499907 ,181.15425854209477
1530680400 ,Humid  and  Partly  Cloudy ,-6.243494589479495e-08 ,-1.5051323217163834e-05 ,82.44485487905348 ,0.7875635373548163 ,1016.7285087272189 ,2.8042715096785016 ,352.02055293749487
1530766800 ,Humid ,-5.347474662535811e-09 ,-1.6193265887400055e-06 ,77.40087679480874 ,0.848929124953678 ,1016.1741541788148 ,4.737714203982094 ,-24.317656821140645
1530853200 ,Humid ,0.0013497970383346937 ,0.0012714968247339341 ,75.9802296027146 ,0.8862657528889597 ,1018.4019519347777 ,0.4803368534111368 ,49.983627315557534
1530939600 ,Humid ,-0.01755404149363941 ,-0.017556129717785793 ,82.16236338558785 ,0.8232266710905093 ,1021.1207842133365 ,3.3686644191791144 ,-20.082328177387584
1531026000 ,Clear ,-3.33140029798451e-08 ,-2.033393602132033e-06 ,80.0189568898335 ,0.7107435861295316 ,1019.0076688312615 ,4.143580939672209 ,-4.422409673225257
1531112400 ,Humid  and  Partly  Cloudy ,-2.5891713531280468e-08 ,-1.8345928556818291e-06 ,79.85177810922482 ,0.7888432786312394 ,1019.9919817125716 ,4.032631780350463 ,348.99073947877736
1531198800 ,Humid ,-1.4230256246798578e-08 ,6.813066685326425e-08 ,81.61565361248175 ,0.7789701304626588 ,1021.4770977576343 ,6.136732922335581 ,35.751881612494024
1531285200 ,Humid  and  Partly  Cloudy ,8.912457774105468e-10 ,2.6988776479000093e-07 ,82.62652053419853 ,0.7685118125077204 ,1019.9376409701975 ,-0.40461903399701565 ,4.052942803523437
1531371600 ,Humid ,-0.0001124825666345209 ,-0.00010580063419836704 ,76.37211784472294 ,0.9161097445554236 ,1016.7634612380505 ,1.6656108257174795 ,352.4489143590922
1531458000 ,Clear ,0.0014628373110299876 ,0.0014631682443449437 ,76.7019400294835 ,0.823863001371961 ,1017.1868918815039 ,3.580750195236815 ,287.8710773168376
1531544400 ,Humid  and  Partly  Cloudy ,3.2960602851432443e-09 ,3.2688399630516995e-07 ,76.3822239041297 ,0.8332365917853759 ,1020.1796514966767 ,-0.49215951480427644 ,70.98275077482411
1531630800 ,Humid ,2.677536164425509e-09 ,3.103172674343216e-07 ,78.68198880251376 ,0.8700616174102336 ,1019.5559587565675 ,2.9620862484725357 ,345.9483216788239
1531717200 ,Humid ,1.705748057391375e-09 ,1.5175697388973054e-07 ,80.084165843909 ,0.7842177130909487 ,1018.565532419479 ,2.3425778199737755 ,310.30155983434753
1531803600 ,Humid ,4.4562288870125795e-10 ,1.3494388239499043e-07 ,82.79492693376594 ,0.7525892395871935 ,1018.3688204850988 ,4.187690483001493 ,182.9431380684284
1531890000 ,Humid ,9.374067112913565e-06 ,8.97415404599142e-06 ,82.5361271578889 ,0.7944560785832183 ,1019.8250021294443 ,2.509337994691951 ,165.82680710546433
1531976400 ,Humid ,-0.00024375974299993344 ,-0.00023670547527310378 ,82.2358290177104 ,0.8329984158578752 ,1019.0145514518141 ,2.2920436480891273 ,190.79951747722475
1532062800 ,Humid  and  Partly  Cloudy ,0.0015847396257174262 ,0.0015849142565112029 ,80.46394606164715 ,0.8406166448746729 ,1016.1905380142908 ,2.474520440905165 ,230.9975545599501
1532149200 ,Humid ,2.8277105917031966e-09 ,1.7083002758357764e-07 ,81.51843985098186 ,0.8260359490204675 ,1016.343001992404 ,4.675181108087582 ,200.6214032307688
1532235600 ,Humid ,-2.842913429233252e-10 ,-2.5292828981608366e-08 ,81.32763902601518 ,0.8609637144848419 ,1016.1557445967535 ,4.789570363337704 ,178.1164066942754
1532322000 ,Humid  and  Mostly  Cloudy ,-7.427048147196066e-11 ,-2.249064706581233e-08 ,82.04251217770569 ,0.7962351267354678 ,1014.2051965858168 ,2.8370515861664174 ,218.00947698859528
1532408400 ,Humid ,-7.812155838569969e-07 ,-7.609657146210008e-07 ,79.52012150717091 ,0.8257658173804213 ,1012.5176144976061 ,1.9750019257060814 ,346.6032943178919
1532494800 ,Humid  and  Mostly  Cloudy ,2.031326859221359e-05 ,1.9712336728636934e-05 ,80.62847968551911 ,0.8442206226075333 ,1013.776818720742 ,5.698109787922983 ,165.77223512024517
1532581200 ,Humid  and  Mostly  Cloudy ,-0.0001320616788008997 ,-0.00013208930758672196 ,80.06113659852439 ,0.8435857701894668 ,1015.7454865072023 ,4.567070055188313 ,172.17239869668472
1532667600 ,Humid ,-2.7896699683315717e-10 ,-2.735537975368866e-08 ,81.43576211607983 ,0.8881341615106506 ,1016.4911145090261 ,3.5061816662564453 ,163.87041130744984
1532754000 ,Humid ,-1.963350228253653e-11 ,-1.1011808373256056e-08 ,77.71416218482705 ,0.8960568477219527 ,1017.156719291997 ,2.5974825616522685 ,328.24582768549095
1532840400 ,Humid ,-3.713524073531107e-11 ,-1.1245323532907231e-08 ,79.74542275551951 ,0.8689508967010672 ,1017.8609316262417 ,1.6876924597498755 ,101.75473849429764
1532926800 ,Humid  and  Partly  Cloudy ,6.505797420722437e-08 ,5.029426543002545e-08 ,80.43228864473073 ,0.844823339147321 ,1016.8098968002593 ,8.963696598121569 ,131.1219203835229
1533013200 ,Humid ,-3.385544765368932e-06 ,-3.285389454772823e-06 ,78.11025338574682 ,0.8859632295654112 ,1019.1705302132096 ,3.331981702012836 ,181.20462747995913
1533099600 ,Humid ,2.2010279800149946e-05 ,2.201488459778699e-05 ,78.0648105669126 ,0.9210690383017556 ,1020.4757522487996 ,3.3454883241352813 ,29.637933550552546
1533186000 ,Humid ,4.6494499472485655e-11 ,4.559229958948173e-09 ,81.76737298065336 ,0.8319776397482248 ,1019.6514809151623 ,5.855636388957259 ,98.6882647820917
1533272400 ,Humid  and  Mostly  Cloudy ,3.2722503805970378e-12 ,1.8353013955429686e-09 ,81.73430630252882 ,0.8189905253796745 ,1020.0072134513339 ,8.95875290639129 ,82.95902871908484
1533358800 ,Humid ,6.1892067892045646e-12 ,1.8742205888183528e-09 ,81.8740962074134 ,0.8118415172164888 ,1019.073178062293 ,9.612051256708355 ,104.3742102509504
1533445200 ,Humid ,-5.417887479975002e-09 ,-3.0978934423578402e-09 ,81.24636540059693 ,0.824005606780675 ,1019.608529136316 ,8.80755518323641 ,91.12479594776082
1533531600 ,Humid ,0.00035056425746089477 ,0.035000547564909126 ,82.33329110237554 ,0.8323394617390981 ,1020.3715782977985 ,7.413003049664527 ,68.9658954200068
1533618000 ,Humid ,-3.668379966691657e-06 ,-3.6691474329641114e-06 ,81.29086490551457 ,0.7681551602830408 ,1019.8040412918667 ,7.224085279310787 ,75.56034440824124
1533704400 ,Humid ,-2.1398921884450896e-06 ,-2.140715938392687e-06 ,82.80822344649572 ,0.7629257068527551 ,1017.8064006773254 ,8.176913380518187 ,116.93617883963309
1533790800 ,Humid ,-5.453750681307353e-13 ,-3.0588356654689143e-10 ,82.2776156162452 ,0.8435015791033875 ,1018.948797758111 ,0.22187451560145166 ,34.00682854681919
1533877200 ,Humid ,-8.339026896275991e-13 ,-3.3461712994716483e-10 ,81.57910109219192 ,0.8443891280422686 ,1020.0973671870404 ,-0.42407747062484913 ,209.306132464732
1533963600 ,Humid  and  Partly  Cloudy ,4.511724878744458e-10 ,7.972570613593877e-11 ,79.26974532609329 ,0.8108754539119198 ,1019.8360879308717 ,1.9829638688311464 ,26.243583656664462
1534050000 ,Humid ,-2.921368843987669e-05 ,-0.0029167124755078407 ,74.03333485094507 ,0.9401809659987179 ,1017.6058338340815 ,2.12084321329547 ,290.2568253673106
1534136400 ,Humid ,3.0569801242218153e-07 ,3.05583853999869e-07 ,76.11353703401682 ,0.956362991120056 ,1017.9781285845759 ,-0.6259136391750518 ,198.70728795162444
1534222800 ,Humid ,1.7832403090163447e-07 ,1.782145627855612e-07 ,79.59459048893505 ,0.8592987789059131 ,1019.4445986357877 ,3.3896840190576647 ,141.0926350823418
1534309200 ,Humid ,-2.726875339330187e-13 ,-1.5294178326374896e-10 ,80.42964114145593 ,0.8417507895516938 ,1018.3743988790555 ,1.1601039244673927 ,106.83674760674293
1534395600 ,Humid ,-2.4864356549430887e-13 ,-1.5054731965776774e-10 ,81.52785068512704 ,0.7875101604734538 ,1017.8453514266448 ,4.637266589986251 ,82.4784722802502
1534482000 ,Humid ,4.5149062333086254e-10 ,2.581577866206257e-10 ,81.41280288328359 ,0.8196661994349437 ,1019.7076225719737 ,4.249370401396965 ,127.82293367101994
1534568400 ,Humid  and  Partly  Cloudy ,2.434963124987045e-06 ,0.00024305963776058217 ,82.96500375621261 ,0.7655574067610439 ,1022.8184770800395 ,4.378713789358272 ,66.82183019513275
1534654800 ,Humid  and  Partly  Cloudy ,-5.094966873703024e-08 ,-5.093064233331233e-08 ,82.6660771609972 ,0.797272834813324 ,1021.5036452359041 ,5.342652273195842 ,67.2154520080626
1534741200 ,Light  Rain  and  Humid ,0.07030828875235733 ,0.8883332887725783 ,79.66982913650378 ,0.8684675887322796 ,1018.3900765012951 ,5.219906824442769 ,274.1179607478414
1534827600 ,Humid ,-2.9720617372879936e-08 ,-2.9696796213570036e-08 ,80.4669082487937 ,0.8374299211784645 ,1019.0209264810228 ,4.463205165658625 ,12.639284704141271
1534914000 ,Humid ,-2.9720619376819117e-08 ,-2.969699575096532e-08 ,80.54872412015445 ,0.8527833069349845 ,1019.9316804353903 ,3.5992749435320537 ,7.085807648015667
1535000400 ,Humid ,-2.9758264314911814e-08 ,-2.9731054506780955e-08 ,82.5624781036414 ,0.8067703036881937 ,1019.7764911732795 ,5.169932959247827 ,98.64043586545152
1535086800 ,Humid  and  Partly  Cloudy ,-2.3263423384569203e-07 ,-2.0284679354738745e-05 ,80.89479469756398 ,0.8221127030776854 ,1016.8089199642741 ,0.6849876769177184 ,167.64052782177546
1535173200 ,Humid ,-2.5474834368524694e-08 ,-2.546532116614851e-08 ,80.90887191383194 ,0.8303030840733286 ,1015.401822617952 ,3.052992803264588 ,86.35772600403129
1535259600 ,Humid  and  Partly  Cloudy ,-0.005859053783336539 ,-0.07402780377392289 ,82.45855924920637 ,0.7810368545800824 ,1018.1529533458361 ,5.489888257327344 ,75.61585027571641
1535346000 ,Humid  and  Mostly  Cloudy ,4.953436228902208e-09 ,4.949466036093438e-09 ,77.11051529186773 ,0.8870950131369226 ,1020.5131789198294 ,7.749465805723563 ,76.06011921597646
1535432400 ,Humid ,5.36622274827786e-09 ,5.361938166232995e-09 ,81.9929069102433 ,0.7889068154186228 ,1018.7217143336181 ,6.723082141377741 ,91.36125223865163
1535518800 ,Humid  and  Mostly  Cloudy ,5.369359826476345e-09 ,5.364776395884298e-09 ,77.92509407828607 ,0.879407899022522 ,1019.8179801054606 ,8.347193973401426 ,155.23169988719863
1535605200 ,Humid  and  Partly  Cloudy ,2.227569062070803e-08 ,1.693277134749319e-06 ,79.51573436212583 ,0.8781293657400644 ,1020.1736110395443 ,4.441772746928935 ,79.06502555750498
1535691600 ,Humid ,5.012407330919991e-09 ,5.009298617883777e-09 ,78.75622792743685 ,0.8341135006570941 ,1019.3158691517378 ,4.461105653066696 ,79.33859237565032
1535778000 ,Humid  and  Partly  Cloudy ,0.00048825737144917846 ,0.006168986535015427 ,78.80042064948897 ,0.9140523531148647 ,1017.5699415910809 ,2.6655310318947993 ,101.9004153530099
1535864400 ,Humid ,2.476718114451104e-09 ,2.4747330176130384e-09 ,81.87859097926719 ,0.8510475065684613 ,1016.8315894599148 ,3.6797329028617813 ,114.86339294132156
1535950800 ,Possible  Light  Rain  and  Humid ,0.017550002442319235 ,0.5633333357736937 ,77.88589167773588 ,0.8375631897116529 ,1018.0642115087658 ,8.347764874890599 ,75.67163185609863
1536037200 ,-1 ,-1.16666666756156 ,-1.1666666675607962 ,77.23081765361898 ,0.8684320168295796 ,1015.9470033157565 ,6.075467671099763 ,25.461383352133563
1536123600 ,Humid  and  Partly  Cloudy ,-3.7126151042343736e-09 ,-2.822128558251554e-07 ,80.51237760631237 ,0.8919784390433226 ,1016.5877314934094 ,7.939704542178511 ,105.82249574041583
1536210000 ,Humid ,-8.35401229674441e-10 ,-8.348831132604742e-10 ,80.8022953454272 ,0.8993144165571509 ,1016.6140218080437 ,4.786482391155551 ,55.61023460405828
1536296400 ,Humid  and  Partly  Cloudy ,0.004118623771425152 ,0.19730516891083075 ,79.72159655841851 ,0.8743246078141892 ,1016.7883430681532 ,3.394078161350867 ,43.68326410783168
1536382800 ,Humid  and  Partly  Cloudy ,-4.1278636064845386e-10 ,-4.12455504935257e-10 ,77.34190150345546 ,0.9081587489052565 ,1015.3947350900143 ,2.268377849523037 ,81.18943450977974
1536469200 ,Humid ,-0.0029250004070531985 ,-0.09388888929561562 ,76.8640180537107 ,0.9220728017147246 ,1014.0226314152058 ,0.49870585418490054 ,22.388061357316897
1536555600 ,Humid ,0.09551597205934896 ,0.04245370354095721 ,78.74810906019631 ,0.898839799597791 ,1012.9592847158902 ,3.053789442349545 ,237.18792051242372
1536642000 ,Humid  and  Partly  Cloudy ,-0.001706249928063107 ,-0.054768495238037805 ,78.61547906413854 ,0.9185442644133125 ,1014.205890701086 ,-1.1315636302403507 ,317.1578278134002
1536728400 ,Humid ,-0.0017062501678309304 ,-0.054768518686202194 ,80.08631925254564 ,0.8095995996204934 ,1015.0703665081996 ,3.247871549011563 ,20.175516241429996
1536814800 ,Humid  and  Partly  Cloudy ,-0.0020494688850664624 ,-0.07121061616501168 ,81.19471081812969 ,0.8441820836824069 ,1015.0558397365239 ,2.1830719014952864 ,37.41943044944888
1536901200 ,Humid ,-0.0017062502030488354 ,-0.054768518721404494 ,82.36801873937661 ,0.8196959052581512 ,1014.6303070680354 ,0.3377135941476056 ,102.54391624928654
1536987600 ,Humid  and  Mostly  Cloudy ,-0.0014625002035265993 ,-0.046944444647807816 ,80.15450902685535 ,0.8727030675240289 ,1015.7196490409361 ,6.71435292709245 ,331.69403067865846
1537074000 ,Humid ,-0.009665914575726776 ,-0.05830632738418889 ,79.87833477631489 ,0.89630581770044 ,1013.0999279325458 ,1.2472626280787298 ,223.8773757490662
1537160400 ,Humid  and  Mostly  Cloudy ,0.10532407412908099 ,0.10532407219498259 ,80.46931769520323 ,0.8793219598629083 ,1012.000532558254 ,2.5616571167908444 ,199.21405911224082
1537246800 ,Humid ,-0.00037182020738839175 ,-0.01781227219913669 ,82.26056625059714 ,0.829188156353977 ,1013.9830941800143 ,5.8142601825944045 ,113.71338750834893
1537333200 ,Humid  and  Partly  Cloudy ,-0.00034321864761876456 ,-0.016442097409235898 ,81.61570028679846 ,0.8046396160154843 ,1015.067638077654 ,5.155493486554094 ,85.19306132434735
1537419600 ,Humid  and  Mostly  Cloudy ,-0.00037182020445356695 ,-0.017812272196203162 ,81.58292462669455 ,0.8283467975508388 ,1014.2364324666946 ,3.9117733454997343 ,109.01602084102755
1537506000 ,Humid ,-2.0312465561323696e-05 ,-0.0006520061384284312 ,81.80346735075548 ,0.8190695074024055 ,1015.9596602447571 ,1.7712485681276764 ,175.63837092173736
1537592400 ,Humid ,0.0016109857626211282 ,0.009717721230698148 ,81.65361087061419 ,0.8072823637165932 ,1018.2333453445757 ,8.145456228653545 ,63.02043737515564
1537678800 ,Humid  and  Mostly  Cloudy ,-0.017554012354846833 ,-0.0175540120324971 ,80.56344705079945 ,0.8567796733561819 ,1017.5999112402909 ,6.514723813868192 ,64.79765681462654
1537765200 ,Humid ,6.197003456473217e-05 ,0.002968712033189448 ,80.47490562490049 ,0.8301353072743372 ,1015.2861509699976 ,3.7209566362342654 ,68.54776874860852
1537851600 ,Humid  and  Partly  Cloudy ,5.720310793646039e-05 ,0.002740349568205982 ,81.35238328553359 ,0.8225600639974192 ,1015.222060320391 ,5.487417752240985 ,69.80115644594211
1537938000 ,Humid ,6.19700340755943e-05 ,0.0029687120327005264 ,80.8328458955509 ,0.8769422004081935 ,1017.5772612555509 ,1.7980377757500445 ,34.330663193162074
1538024400 ,Humid ,3.7841892007540225e-05 ,0.0017860825306110092 ,82.4305378265084 ,0.8132938246212458 ,1019.965097378675 ,5.396251321843553 ,88.5563559525331
1538110800 ,Humid ,-0.00026849762710352154 ,-0.0016196202051163586 ,82.13939818823096 ,0.8221196060472344 ,1017.4944424425707 ,8.337423961891076 ,95.66326043747407
1538197200 ,Humid  and  Partly  Cloudy ,0.0013062107470935152 ,0.0005180558830568825 ,81.73769502223477 ,0.8073381307478716 ,1017.8634321548086 ,5.214770326614111 ,76.40376385397433
1538283600 ,Humid ,-1.0328339094122017e-05 ,-0.000494785338864908 ,80.55084906251659 ,0.8883107821209438 ,1019.1523081716671 ,4.548173893960955 ,-4.424628124768086
1538370000 ,Humid  and  Partly  Cloudy ,0.0033052761251949076 ,0.1938268590829983 ,81.65028366934027 ,0.8101897648611018 ,1017.844919731467 ,8.832045831749713 ,61.90347221803136
1538456400 ,Humid  and  Mostly  Cloudy ,0.05010487888134998 ,0.28047449554429044 ,78.47607845183883 ,0.8814912534935373 ,1017.7569863202036 ,5.12032749645729 ,7.442679989096362
1538542800 ,Humid  and  Partly  Cloudy ,-0.00015977710681101598 ,-0.0010936186638687943 ,81.28960412425903 ,0.810961951475783 ,1017.0163333099433 ,5.405476367616164 ,69.00720559248211
1538629200 ,Clear ,4.474960451725319e-05 ,0.0002699367008527232 ,80.39010030196151 ,0.7263133989921275 ,1015.7509262595715 ,9.25042933968482 ,69.22278992708766
1538715600 ,Humid ,-0.00021770179118225276 ,-8.634264717615667e-05 ,79.1387174962942 ,0.8221103115420213 ,1014.5227613075319 ,6.224204945564315 ,54.93270602433761
1538802000 ,Humid  and  Mostly  Cloudy ,0.0010517213898490205 ,0.19841579755647748 ,80.31652515624722 ,0.855281536313176 ,1014.6579486380555 ,9.706971017673174 ,109.23743802079468
1538888400 ,Clear ,-0.00018693553302098043 ,0.0004236436510286698 ,79.96211603536587 ,0.7313984157775942 ,1016.0133933945767 ,8.642229274330209 ,109.39654949396095
1538974800 ,Overcast ,-0.004086902429367236 ,-0.00679699272074568 ,80.41079980349099 ,0.7471232917248912 ,1015.3707211788487 ,12.223205802271243 ,100.93494884637221
1539061200 ,Possible  Drizzle  and  Humid ,0.00389348556964618 ,0.439167016796601 ,79.0063393307893 ,0.8288340668930374 ,1013.5907755963705 ,8.992776729674672 ,99.05457171275673
1539147600 ,Humid  and  Overcast ,8.477501036882411e-05 ,0.01655338718287414 ,81.51879798264743 ,0.8250547796000087 ,1011.4212261839015 ,13.774863982002282 ,110.95327301820626
1539234000 ,Humid  and  Partly  Cloudy ,0.00010664596001044956 ,0.01658307712854321 ,82.60891321645303 ,0.9037383702208509 ,1011.7402399299046 ,9.682882681512325 ,160.89411334343544
1539320400 ,Humid  and  Partly  Cloudy ,8.6069492451015e-07 ,4.123211157207318e-05 ,82.20742924479028 ,0.9009741014899214 ,1011.7289743190277 ,8.395985508836587 ,170.45205234373068
1539406800 ,Humid ,0.00010408210516367692 ,0.016540578270359475 ,79.95113000486373 ,0.9654643615345531 ,1011.1826872559843 ,2.959713987448501 ,212.68879305430016
1539493200 ,Humid  and  Partly  Cloudy ,0.00034391065293490054 ,0.0019233702668972617 ,79.91899148976626 ,0.9426348407402492 ,1010.7082982287901 ,3.507602403337185 ,274.56629452039556
1539579600 ,Humid ,-0.0003211216803162175 ,-0.03524029719288163 ,80.84852986249139 ,0.903325609476237 ,1014.10662702733 ,4.6001381593868995 ,103.55632594819681
1539666000 ,Humid ,-3.7291337097711555e-06 ,-2.2494725071056654e-05 ,81.1374916415032 ,0.8061405500839894 ,1017.6457561450356 ,9.509964221692933 ,101.4814341727427
1539752400 ,-1 ,-5.551712846573277e-06 ,-2.496888721014584e-05 ,82.42248203868607 ,-1.1504164158010808 ,1018.8108383328688 ,11.064295996733762 ,100.5696974789736
1539838800 ,Humid  and  Mostly  Cloudy ,-1.4344915408501527e-07 ,-6.87201859534553e-06 ,82.23376179253496 ,0.8065043164183464 ,-169.7881623865046 ,12.717335748527235 ,76.59132460937822
1539925200 ,Humid ,-1.734701752727948e-05 ,-0.0027567630450599117 ,80.31147833252271 ,0.8190892730775744 ,1021.3528854573359 ,7.03171433542525 ,50.885201157616635
1540011600 ,Humid  and  Mostly  Cloudy ,-5.731844215581676e-05 ,-0.00032056171114954357 ,79.52350141837229 ,0.7995608598766251 ,1022.1319502952017 ,7.173732932777137 ,37.07228424660074
1540098000 ,Clear ,5.3520280052702914e-05 ,0.005873382865480273 ,76.41691168958477 ,0.8411123984206271 ,1019.1155621621117 ,0.7616436401021836 ,67.90727900863386
1540184400 ,Humid  and  Partly  Cloudy ,3.1530924506557624e-05 ,0.0034280145652860806 ,78.58257418213252 ,0.8484705199050333 ,1016.0635982491455 ,4.315128438251863 ,262.6557932406412
1540270800 ,Partly  Cloudy ,3.168280610129114e-05 ,0.003428220745464338 ,78.02049164903394 ,0.9031836003954559 ,1016.9415080668261 ,9.27726745699846 ,42.81510463178862
1540357200 ,Clear ,3.123211746025045e-05 ,0.0034267126730797713 ,76.47621833621321 ,0.783440206043837 ,1117.8330914601072 ,6.561180811015671 ,50.22996903758823
1540443600 ,-1 ,-1.0833006675851753 ,-1.0796774630747148 ,73.80890862454756 ,0.8690581263222347 ,1016.1880041397872 ,-0.35335073789249716 ,55.622145991901704
1540530000 ,Clear ,3.5996700210387474e-05 ,0.003452853480792615 ,74.94707336739343 ,0.827352160755647 ,1014.9314154032984 ,3.437314378994845 ,379.60655573448634
1540616400 ,Clear ,2.676014002635236e-05 ,0.0029366914327401492 ,75.53095584479239 ,0.8563895325436469 ,1012.5827810810559 ,1.4474884867177584 ,166.87030617098358
1540702800 ,Humid  and  Mostly  Cloudy ,2.8592586321869328e-05 ,0.003140472124422995 ,77.64715063708007 ,0.8557763557532797 ,1011.5371114071363 ,6.026364753538619 ,218.8912633183163
1540789200 ,Clear ,4.626427372099612e-07 ,2.080740600853817e-06 ,72.4639598301095 ,0.90836803465009 ,1017.1740968055942 ,9.055475333605521 ,342.6191918767522
1540875600 ,Clear ,5.002001239661097e-07 ,2.206413299564371e-06 ,65.38848260617789 ,0.9833466508460583 ,1011.2581315228209 ,6.844315887437419 ,358.2512865096022
1540962000 ,-1 ,-0.9930556630706842 ,-0.9930740793528008 ,-7.71387100673911 ,-1.157676853058062 ,21.536104142235402 ,-1.5669003499682557 ,-7.915291796974309
1541048400 ,Partly  Cloudy ,0.00751741731785673 ,0.006929210853426793 ,66.27167891677665 ,0.5096594049886713 ,937.3180570499292 ,6.914094667410783 ,36.738000539719806
1541134800 ,Clear ,-4.460023337726105e-06 ,-0.0004894485721233707 ,75.3198406925346 ,0.6622684112427254 ,1018.7862031531573 ,9.722085252213706 ,88.85494897150274
1541221200 ,Mostly  Cloudy ,-4.765431053657961e-06 ,-0.0005234120207371721 ,72.89047489381998 ,0.9423706073744534 ,1016.3938147654774 ,1.1189392077435634 ,114.0181227802806
1541307600 ,Overcast ,0.001399922892877125 ,0.3033329865432332 ,71.40934002831509 ,0.9686053275583183 ,1015.1043171990676 ,3.3907541110657466 ,77.0634680205413
1541394000 ,Humid  and  Mostly  Cloudy ,-8.336668733429301e-08 ,-3.67735549936891e-07 ,78.16525289897035 ,0.9327755581923235 ,1020.2903114128632 ,4.914280685427097 ,11.4581189150663
1541480400 ,Humid  and  Mostly  Cloudy ,0.16550927717844735 ,0.1655123465588001 ,92.39064516778986 ,1.0796128088430104 ,1185.0106493096273 ,8.731150058328042 ,119.15254863282905
1541566800 ,Humid ,-0.00062650007372234 ,-0.0005776487501896998 ,76.23959094800131 ,0.9283141251964662 ,1024.5011769033429 ,2.9463225108815747 ,75.28906932214535
1541653200 ,Humid  and  Mostly  Cloudy ,3.2303804386636886e-07 ,4.057286860615007e-05 ,79.50474413335482 ,0.8830967080086283 ,1017.0621647280738 ,5.160656628814665 ,66.61265695283011
1541739600 ,Humid ,3.4848868685991406e-07 ,4.340315599063199e-05 ,79.20885794991437 ,0.881421524997651 ,1016.5031970937137 ,3.68925213252051 ,1.6823924687652863
1541826000 ,Humid  and  Partly  Cloudy ,-0.0001167088716407056 ,-0.025277963391006904 ,79.13728585537312 ,0.8250686316489956 ,1017.0439885575813 ,4.496600890576994 ,52.42861369874356
1541912400 ,Humid ,-4.168334366705954e-08 ,-1.8386777497075846e-07 ,75.69262644948518 ,0.9038877790961618 ,1016.9368223730983 ,1.9754736760468818 ,11.312392790866479
1541998800 ,-1 ,-1.0971258217287716 ,-1.0971262433923041 ,-7.717822906249783 ,-1.1775153251247288 ,-99.08153911829876 ,-1.9717654383615304 ,-39.912143018947084
1542085200 ,-1 ,-1.1665622499877129 ,-1.1665703918749684 ,-13.873265158000217 ,-1.3213856875327443 ,-171.9168628172238 ,-1.6577204184802623 ,-13.714844887024222
1542171600 ,Possible  Drizzle  and  Humid ,0.007233279493659352 ,0.4899932378552323 ,74.5758759777742 ,0.984483881998562 ,1017.2229725453211 ,3.293223895197556 ,125.39789050786165
1542258000 ,Humid ,0.0006027173305773938 ,0.040825771819219626 ,76.42685615787542 ,0.9533304707493568 ,1017.9214675602944 ,3.826942927821865 ,108.7585700905222
1542344400 ,Humid  and  Partly  Cloudy ,0.0026708054439380205 ,0.19460255236480278 ,79.83448716575386 ,0.8605265451950781 ,1015.7097349383055 ,8.071330531317159 ,132.696384988024
1542430800 ,Mostly  Cloudy ,0.0006027498449132656 ,0.040829404071200094 ,66.79654211624452 ,0.8431249495744809 ,1017.0186654536791 ,11.661424465861334 ,352.78940339701376
1542517200 ,Partly  Cloudy ,0.09202989818203226 ,0.1322565756982442 ,71.95991289588909 ,0.9732418749262219 ,1111.1035289112956 ,8.892027725395367 ,376.55811471449823
1542603600 ,Humid ,0.0978162672036107 ,0.13804358807179956 ,80.56536641686832 ,0.8877310717935565 ,1117.389805886206 ,6.894190640405263 ,74.29167320350464
1542690000 ,Clear ,-1.0833333602531703 ,-1.083336714405717 ,77.61460465555378 ,0.7497419409992809 ,1018.1864862726605 ,4.715778614265444 ,115.78227858726416
1542776400 ,Mostly  Cloudy ,0.0005525199270865107 ,0.03742724109728386 ,75.81368964054532 ,0.8606713919367147 ,1018.0199450214128 ,2.2229686948800857 ,102.00222195537579
1542862800 ,Clear ,-0.00017236971683726914 ,-0.012818348641797811 ,72.97862592018393 ,0.9417818667130524 ,1019.0673779606897 ,3.6938633553320157 ,318.5316493861444
1542949200 ,Overcast ,0.00018206370588879953 ,0.014920925973717471 ,71.54922159951134 ,0.8860277469976334 ,1019.5955900772537 ,4.623608764573236 ,352.12319732435554
1543035600 ,Mostly  Cloudy ,-0.007618925554481265 ,-0.007618915646605773 ,70.16783356423919 ,0.8888329412960081 ,1010.0315261807738 ,4.702826922034924 ,104.32657465763742
1543122000 ,Clear ,0.0909449543922661 ,0.09094493591822907 ,78.28353078210588 ,1.0044188440214494 ,1105.7996051786158 ,3.4616335436126366 ,196.4315487108284
1543208400 ,Humid  and  Mostly  Cloudy ,0.19564265645370782 ,0.1989958911960404 ,84.28783557660957 ,1.118281234860585 ,1119.2516818692307 ,9.073011037051673 ,251.18535329193872
1543294800 ,Mostly  Cloudy ,-0.0006186527282025835 ,-0.007043824437571204 ,72.96537289372435 ,0.9671680316909315 ,1013.6741545225831 ,2.702872850693941 ,310.42813779599567
1543381200 ,Humid  and  Mostly  Cloudy ,-0.0005582452578756036 ,-0.002856691959314399 ,74.33912820375447 ,0.96040882545957 ,1012.6118684443101 ,5.4944649623229465 ,239.30068551009828
1543467600 ,Clear ,-0.000587781376436109 ,-0.005168298177274006 ,55.58657856381052 ,0.6833883354358549 ,1016.1428507679296 ,16.976152844886176 ,329.6680565152474
1543554000 ,Clear ,6.230106192806333e-05 ,-0.0032899780422470694 ,53.14502756674987 ,0.5314879025776571 ,1019.7565227593029 ,5.962884665097704 ,376.3177750708072
1543640400 ,Clear ,-0.008151355600300884 ,-0.011503632339316639 ,64.76455279859431 ,0.7276890773505369 ,1012.1008495094829 ,5.5571507799662285 ,33.89236056637461
1543726800 ,Partly  Cloudy ,-0.032607109408951306 ,-0.03316598186600673 ,74.44369407056507 ,0.6419531275232357 ,1000.7747196884616 ,13.08283149382472 ,100.46910778467688
1543813200 ,Partly  Cloudy ,0.0001031087880337643 ,0.0011739707395952003 ,77.67243785104594 ,0.8188053280515114 ,1016.1543075795694 ,9.932854524884343 ,127.9286437006674
1543899600 ,Humid ,9.30408763125997e-05 ,0.0004761153265523996 ,78.33014529937427 ,0.9482651957567383 ,1016.6813552592816 ,7.344255839612842 ,129.2832190816503
1543986000 ,Humid ,9.796356273935058e-05 ,0.0008613830295456673 ,77.48890357269825 ,0.9944352774273575 ,1016.5595248720117 ,1.7789745258523042 ,162.05532391412544
1544072400 ,Humid  and  Partly  Cloudy ,-1.0383510321345171e-05 ,0.0005483296737078445 ,78.38582873887502 ,1.0080853495703903 ,1015.9572462067829 ,4.851185889150383 ,281.4470374881988
1544158800 ,Clear ,0.0013585592667168134 ,0.001917272056552773 ,58.015907866900946 ,0.6020518204415772 ,1025.0498584150862 ,13.22547487000563 ,398.01793990560424
1544245200 ,Mostly  Cloudy ,0.0027112020697251573 ,0.0030836907984968034 ,67.15059225846333 ,0.7878870266224581 ,1026.593833646585 ,6.053789144185663 ,23.805012886059565
1544331600 ,Mostly  Cloudy ,-1.4649446690265043e-05 ,0.00022202808136330925 ,74.75736361008994 ,0.6973160099117686 ,1023.9038679889926 ,9.804620558264029 ,77.85005155972702
1544418000 ,Humid  and  Mostly  Cloudy ,-1.3810454046834647e-05 ,0.00028018269911687596 ,76.20838798939592 ,0.9248610209363329 ,1019.5266140156832 ,11.10367044870332 ,96.15383694464511
1544504400 ,Mostly  Cloudy ,-1.422067791573053e-05 ,0.00024807705720077036 ,73.9384914666189 ,0.9643468474637814 ,1014.8784332146223 ,8.97827722485003 ,262.4228282086055
1544590800 ,Clear ,-5.191755160672573e-06 ,0.00027416483685392223 ,60.30041436943751 ,0.8440426747851952 ,1021.3202897700581 ,8.516426277908526 ,331.5568520774327
1544677200 ,Partly  Cloudy ,-0.00011927031991385245 ,0.00016008630495017824 ,55.76874110876869 ,0.8562121355459297 ,1023.9209054193661 ,6.171902196170587 ,322.92594354264895
1544763600 ,Mostly  Cloudy ,0.0005665593997743781 ,0.0008614344664477174 ,71.70089690082028 ,0.5738729763723818 ,1022.0462646049182 ,9.039544578821145 ,138.86004720443083
1544850000 ,Mostly  Cloudy ,0.002944413410447227 ,0.003002303715261685 ,71.73662788148403 ,0.8423848240989544 ,1020.4179371640943 ,7.32886142434141 ,134.45715446180463
1544936400 ,Humid  and  Partly  Cloudy ,-7.753406359383283e-06 ,-3.967627721269997e-05 ,76.2174878917188 ,0.9068112336869385 ,1017.1348870617265 ,9.950478680032264 ,161.47639840986247
1545022800 ,Overcast ,-7.719221036975302e-06 ,-3.7000807053024485e-05 ,69.57081260195022 ,0.8818540814763178 ,1020.4472354618149 ,4.342594782020037 ,317.7039824711991
1545109200 ,Mostly  Cloudy ,-0.00017828757623250888 ,-0.000208035097408584 ,66.92999085607661 ,0.8434952729137274 ,1019.1860117656896 ,6.894944096393913 ,326.45818185341153
1545195600 ,Mostly  Cloudy ,-0.00016878102916974386 ,-0.00019852855308327198 ,58.78179696113236 ,0.8966478178503329 ,1017.9942937949139 ,4.988654436538741 ,319.59409089797686
1545282000 ,Clear ,-0.00022593350581042975 ,-0.00025697423320806694 ,64.95078397846139 ,0.9093427477814618 ,1017.0671805294512 ,2.4205175713178617 ,375.0162489261617
1545368400 ,Partly  Cloudy ,0.0014175786599668328 ,0.05373128666272411 ,73.05113973007273 ,0.8978000938042474 ,1012.9778744828532 ,11.07807450085784 ,142.46648998804721
1545454800 ,Overcast ,0.0002472346886247396 ,0.00023499599259258966 ,65.48181469830628 ,0.9548547983750205 ,1006.4065985094479 ,9.96031351550376 ,204.6775587076846
1545541200 ,Clear ,1.14802239370225e-06 ,-2.3571514106379614e-05 ,61.14235727503105 ,0.7483413442728574 ,1016.0800864653525 ,9.270351120775743 ,287.71821491616817
1545627600 ,Clear ,1.539908609260535e-05 ,-6.42023057043454e-06 ,57.94269418993789 ,0.7678343300915674 ,1023.6735658734585 ,3.0149477883980076 ,366.3185810340985
1545714000 ,Mostly  Cloudy ,2.8130171528290666e-05 ,3.308809218054444e-05 ,65.10303383981127 ,0.8188920303582778 ,1023.8342843675143 ,5.340224260576877 ,-41.59901514966281
1545800400 ,Mostly  Cloudy ,3.765558430173831e-05 ,4.2829038868010115e-05 ,65.4048693369231 ,0.7234428753697564 ,1021.6554699117581 ,7.296580404780356 ,-25.169374821026956
1545886800 ,Overcast ,-0.00023626310999447207 ,-0.008955214443787352 ,73.55147671165454 ,0.6436999843659588 ,1022.8036875861911 ,16.435320916523693 ,54.422251668658795
1545973200 ,Mostly  Cloudy ,-0.0001584230382155037 ,-0.005243458091592004 ,74.4265435236063 ,0.6900870910155575 ,1023.1432678828241 ,21.835577741680176 ,80.68985024774392
